id_municipio,nome_municipio,sigla_uf,regiao,taxa_2024,ic95_2024,criancas_nao_alfabetizadas_2024,meta_2025,taxa_prevista_2025,prob_nao_atingir_2025,gap_previsto_2025,acima_da_margem,prioridade
3304557,Rio de Janeiro,RJ,Sudeste,63.76,0.46,18058.0,63.97,67.3473,0.5861,3.3773,False,10583.0439
1302603,Manaus,AM,Norte,50.14,0.73,12280.0,61.28,47.8276,0.8516,-13.4524,True,10457.8672
2927408,Salvador,BA,Nordeste,36.75,0.86,7661.0,52.03,37.0738,0.8783,-14.9562,True,6728.8314
4106902,Curitiba,PR,Sul,65.96,0.82,5403.0,73.41,64.6926,0.8755,-8.7174,True,4730.1011
3301702,Duque de Caxias,RJ,Sudeste,45.38,1.21,4510.0,57.8,43.2245,0.9518,-14.5755,True,4292.8318
3303500,Nova Iguaçu,RJ,Sudeste,33.42,1.16,5187.0,47.44,38.0869,0.6241,-9.3531,True,3237.2323
3304904,São Gonçalo,RJ,Sudeste,43.72,1.48,3186.0,56.76,42.2025,0.9697,-14.5575,True,3089.3815
5002704,Campo Grande,MS,Centro-Oeste,51.76,0.99,5361.0,53.84,58.0872,0.5696,4.2472,False,3053.8209
2611606,Recife,PE,Nordeste,54.36,0.99,4911.0,68.08,57.3174,0.6037,-10.7626,True,2964.5425
3550308,São Paulo,SP,Sudeste,48.26,0.48,25407.0,51.06,58.6109,0.1146,7.5509,False,2911.7612
3300456,Belford Roxo,RJ,Sudeste,38.9,1.84,2770.0,48.64,40.6787,0.9667,-7.9613,True,2677.6306
1100205,Porto Velho,RO,Norte,50.84,1.38,2981.0,69.85,51.3983,0.8647,-18.4517,True,2577.8097
1501402,Belém,PA,Norte,46.08,1.55,2913.0,58.55,48.9109,0.884,-9.6391,True,2574.9939
2704302,Maceió,AL,Nordeste,40.94,1.33,3413.0,52.09,48.134,0.6464,-3.956,True,2206.0592
2111300,São Luís,MA,Nordeste,56.69,1.24,3026.0,58.04,58.9895,0.7204,0.9495,False,2179.8081
1506807,Santarém,PA,Norte,51.29,1.55,2416.0,63.11,51.3585,0.885,-11.7515,True,2138.2412
3205002,Serra,ES,Sudeste,57.12,1.31,2778.0,65.88,64.5819,0.7264,-1.2981,False,2018.0135
4305108,Caxias do Sul,RS,Sul,43.23,1.82,1988.0,72.56,47.03,0.9357,-25.53,True,1860.0753
2910800,Feira de Santana,BA,Nordeste,33.19,1.55,2357.0,46.42,34.1299,0.7598,-12.2901,True,1790.7516
1504208,Marabá,PA,Norte,50.67,1.82,1869.0,60.77,50.4248,0.9345,-10.3452,True,1746.5718
3305109,São João de Meriti,RJ,Sudeste,35.97,1.88,2046.0,50.86,40.2503,0.8385,-10.6097,True,1715.6076
1505536,Parauapebas,PA,Norte,49.48,1.89,1954.0,62.71,47.0917,0.8346,-15.6183,True,1630.9019
3106200,Belo Horizonte,MG,Sudeste,68.58,0.87,4266.0,64.91,71.9539,0.3782,7.0439,False,1613.4428
3302502,Magé,RJ,Sudeste,46.66,1.81,1859.0,57.18,48.9481,0.8451,-8.2319,True,1570.9647
4304606,Canoas,RS,Sul,41.67,2.21,1571.0,61.93,34.971,0.9789,-26.959,True,1537.7741
4309209,Gravataí,RS,Sul,41.04,2.18,1543.0,68.91,39.0951,0.9944,-29.8149,True,1534.3607
4209102,Joinville,SC,Sul,68.79,1.37,2103.0,70.43,73.9714,0.7075,3.5414,False,1487.816
4323002,Viamão,RS,Sul,38.95,2.1,1532.0,65.74,40.2367,0.9678,-25.5033,True,1482.7244
3301009,Campos dos Goytacazes,RJ,Sudeste,38.33,1.54,2911.0,51.68,41.8311,0.508,-9.8489,True,1478.8819
2607901,Jaboatão dos Guararapes,PE,Nordeste,54.98,1.43,2266.0,64.67,55.465,0.6207,-9.205,True,1406.3995
1500800,Ananindeua,PA,Norte,52.74,1.79,1723.0,65.86,55.9234,0.8142,-9.9366,True,1402.9183
3303302,Niterói,RJ,Sudeste,51.2,2.04,1447.0,61.09,55.1185,0.942,-5.9715,True,1363.0679
4313409,Novo Hamburgo,RS,Sul,36.03,2.13,1501.0,68.07,45.8163,0.9011,-22.2537,True,1352.5266
2918407,Juazeiro,BA,Nordeste,29.31,1.79,1763.0,45.77,34.6137,0.7653,-11.1563,True,1349.1631
2933307,Vitória da Conquista,BA,Nordeste,42.75,1.82,1618.0,58.3,41.441,0.8088,-16.859,True,1308.6941
3300704,Cabo Frio,RJ,Sudeste,55.08,2.09,1308.0,62.89,53.4896,0.9671,-9.4004,True,1264.992
4318705,São Leopoldo,RS,Sul,37.38,2.53,1261.0,64.51,38.5576,0.9904,-25.9524,True,1248.8643
1721000,Palmas,TO,Norte,56.97,1.8,1661.0,65.61,62.1949,0.7435,-3.4151,True,1234.9668
3518800,Guarulhos,SP,Sudeste,44.2,0.98,6691.0,52.23,53.9402,0.1836,1.7102,False,1228.3703
4300604,Alvorada,RS,Sul,37.03,2.56,1217.0,57.39,37.9904,0.9943,-19.3996,True,1210.0826
4105805,Colombo,PR,Sul,60.66,1.73,1445.0,69.76,61.38,0.8038,-8.38,True,1161.4868
4125506,São José dos Pinhais,PR,Sul,64.32,1.54,1626.0,71.26,65.7686,0.7034,-5.4914,True,1143.8076
4113700,Londrina,PR,Sul,72.99,1.3,1521.0,75.74,72.4843,0.7316,-3.2557,True,1112.7687
2507507,João Pessoa,PB,Nordeste,55.52,1.39,2646.0,57.49,53.5484,0.4125,-3.9416,True,1091.542
3302403,Macaé,RJ,Sudeste,59.48,1.86,1413.0,66.41,62.292,0.7706,-4.118,True,1088.841
4314407,Pelotas,RS,Sul,39.55,2.85,1062.0,46.81,38.3989,0.9824,-8.4111,True,1043.2825
2905701,Camaçari,BA,Nordeste,36.56,1.87,1619.0,47.7,36.969,0.6258,-10.731,True,1013.1422
2804805,Nossa Senhora do Socorro,SE,Nordeste,29.8,2.24,1282.0,35.42,35.1236,0.7625,-0.2964,False,977.5236
3301900,Itaboraí,RJ,Sudeste,50.47,2.01,1480.0,60.66,47.6822,0.6555,-12.9778,True,970.0756
2800308,Aracaju,SE,Nordeste,47.17,1.95,1438.0,44.53,52.3597,0.6708,7.8297,False,964.5684
1502400,Castanhal,PA,Norte,32.98,2.13,1642.0,41.06,39.4543,0.5801,-1.6057,False,952.5846
2700300,Arapiraca,AL,Nordeste,43.76,1.96,1492.0,52.24,52.0036,0.6312,-0.2364,False,941.7092
2925303,Porto Seguro,BA,Nordeste,45.5,2.08,1199.0,57.5,40.7333,0.7509,-16.7667,True,900.3881
3170206,Uberlândia,MG,Sudeste,62.64,1.44,2019.0,60.41,70.7036,0.4441,10.2936,False,896.593
3118601,Contagem,MG,Sudeste,69.05,1.45,1521.0,62.31,69.9618,0.583,7.6518,False,886.8112
1500602,Altamira,PA,Norte,45.35,2.49,1065.0,57.46,47.0941,0.8289,-10.3659,True,882.8021
4204202,Chapecó,SC,Sul,56.26,2.25,1076.0,63.99,59.5793,0.8155,-4.4107,True,877.4705
3201308,Cariacica,ES,Sudeste,64.63,1.41,1796.0,64.61,70.3793,0.4837,5.7693,False,868.7273
2304400,Fortaleza,CE,Nordeste,74.83,0.64,4517.0,75.85,78.2462,0.1917,2.3962,False,865.9727
1504422,Marituba,PA,Norte,48.98,2.59,959.0,64.73,51.7841,0.8774,-12.9459,True,841.4621
4316907,Santa Maria,RS,Sul,39.82,2.91,863.0,70.02,43.0771,0.9638,-26.9429,True,831.7363
1503606,Itaituba,PA,Norte,59.22,2.28,893.0,67.16,55.8971,0.904,-11.2629,True,807.2472
4108304,Foz do Iguaçu,PR,Sul,72.01,1.6,1062.0,75.15,71.9453,0.7537,-3.2047,True,800.4394
2903201,Barreiras,BA,Nordeste,36.09,2.31,1057.0,51.14,41.5284,0.7543,-9.6116,True,797.3436
4314100,Passo Fundo,RS,Sul,38.62,2.83,868.0,65.53,44.5918,0.8813,-20.9382,True,765.0082
4315602,Rio Grande,RS,Sul,43.25,2.87,864.0,62.61,41.1824,0.8766,-21.4276,True,757.3801
2913606,Ilhéus,BA,Nordeste,26.35,2.35,998.0,46.65,27.0298,0.749,-19.6202,True,747.4814
1501303,Barcarena,PA,Norte,39.5,2.54,1007.0,57.38,43.6539,0.7369,-13.7261,True,742.0986
2931350,Teixeira de Freitas,BA,Nordeste,35.04,2.53,888.0,61.04,36.8638,0.8177,-24.1762,True,726.1493
1500107,Abaetetuba,PA,Norte,35.85,2.65,953.0,52.46,41.5515,0.7537,-10.9085,True,718.3143
4115200,Maringá,PR,Sul,78.39,1.43,844.0,80.0,75.4114,0.8476,-4.5886,True,715.3429
3300209,Araruama,RJ,Sudeste,55.89,2.71,751.0,60.36,53.6152,0.9381,-6.7448,True,704.5426
4104808,Cascavel,PR,Sul,74.34,1.48,1024.0,80.0,74.4416,0.6879,-5.5584,True,704.4404
1502103,Cametá,PA,Norte,39.09,2.85,825.0,52.96,43.1514,0.8512,-9.8086,True,702.2494
4119905,Ponta Grossa,PR,Sul,75.9,1.49,896.0,77.05,75.3182,0.7817,-1.7318,True,700.38
4109401,Guarapuava,PR,Sul,67.0,1.93,860.0,76.11,69.8567,0.8118,-6.2533,True,698.1757
5003702,Dourados,MS,Centro-Oeste,53.45,1.78,1720.0,52.98,57.8087,0.3981,4.8287,False,684.7651
2111201,São José de Ribamar,MA,Nordeste,56.58,2.24,970.0,68.0,60.4891,0.7057,-7.5109,True,684.4896
4303103,Cachoeirinha,RS,Sul,40.82,3.25,693.0,65.2,38.3045,0.9857,-26.8955,True,683.1099
3303906,Petrópolis,RJ,Sudeste,64.8,1.99,948.0,68.17,63.9974,0.7191,-4.1726,True,681.6614
4202404,Blumenau,SC,Sul,64.77,2.09,968.0,69.08,69.0252,0.7019,-0.0548,False,679.4172
4107652,Fazenda Rio Grande,PR,Sul,64.69,2.14,816.0,72.37,66.4337,0.8277,-5.9363,True,675.3708
2105302,Imperatriz,MA,Nordeste,54.73,1.92,1364.0,56.42,58.0393,0.4933,1.6193,False,672.8278
3302007,Itaguaí,RJ,Sudeste,41.62,2.54,1029.0,54.17,41.8699,0.6501,-12.3001,True,668.917
2604106,Caruaru,PE,Nordeste,58.37,1.75,1378.0,63.13,64.3009,0.4617,1.1709,False,636.1968
4126256,Sarandi,PR,Sul,56.55,2.55,773.0,65.16,62.3628,0.7982,-2.7972,True,617.0142
5103403,Cuiabá,MT,Centro-Oeste,46.57,1.29,3710.0,62.45,57.3718,0.1661,-5.0782,True,616.18
3302700,Maricá,RJ,Sudeste,59.97,2.19,939.0,64.27,61.5644,0.6504,-2.7056,True,610.7052
4119509,Piraquara,PR,Sul,50.54,2.71,783.0,65.39,51.9514,0.7713,-13.4386,True,603.9573
3170107,Uberaba,MG,Sudeste,57.68,2.2,1045.0,56.83,64.7113,0.5745,7.8813,False,600.3087
2602902,Cabo de Santo Agostinho,PE,Nordeste,50.72,2.23,1063.0,63.25,56.2001,0.5514,-7.0499,True,586.1659
3513009,Cotia,SP,Sudeste,49.5,1.83,1692.0,60.23,59.9439,0.3428,-0.2861,False,579.9895
3302858,Mesquita,RJ,Sudeste,35.09,2.68,949.0,51.02,41.9341,0.6052,-9.0859,True,574.2945
4118204,Paranaguá,PR,Sul,61.71,2.73,606.0,67.77,58.6318,0.9447,-9.1382,True,572.4966
2914802,Itabuna,BA,Nordeste,29.75,2.94,654.0,46.12,29.4626,0.8656,-16.6574,True,566.1168
3106705,Betim,MG,Sudeste,66.62,1.45,1595.0,62.45,66.4274,0.3492,3.9774,False,556.9714
2900702,Alagoinhas,BA,Nordeste,36.64,3.0,626.0,47.72,34.157,0.8885,-13.563,True,556.1733
4100400,Almirante Tamandaré,PR,Sul,45.12,2.97,734.0,61.44,53.9009,0.755,-7.5391,True,554.183
5003207,Corumbá,MS,Centro-Oeste,38.3,2.72,941.0,53.78,42.4578,0.5868,-11.3222,True,552.1483
2103307,Codó,MA,Nordeste,50.85,2.92,645.0,57.65,49.1783,0.8451,-8.4717,True,545.1008
3302270,Japeri,RJ,Sudeste,36.88,2.93,852.0,51.98,39.228,0.6294,-12.752,True,536.2444
2103000,Caxias,MA,Nordeste,55.15,2.64,751.0,55.39,54.7158,0.713,-0.6742,False,535.4902
2513703,Santa Rita,PB,Nordeste,35.79,3.41,673.0,53.27,39.6202,0.7823,-13.6498,True,526.5097
1200401,Rio Branco,AC,Norte,55.64,2.62,767.0,60.34,57.0446,0.6835,-3.2954,True,524.2749
2918001,Jequié,BA,Nordeste,39.48,3.15,561.0,51.06,42.4286,0.9297,-8.6314,True,521.5753
2930709,Simões Filho,BA,Nordeste,42.14,2.85,666.0,54.58,41.8463,0.7726,-12.7337,True,514.5848
2919207,Lauro de Freitas,BA,Nordeste,28.75,2.48,912.0,44.48,34.5706,0.5617,-9.9094,True,512.2537
2403251,Parnamirim,RN,Nordeste,35.27,2.59,1188.0,55.79,45.3249,0.4298,-10.4651,True,510.5938
1507300,São Félix do Xingu,PA,Norte,30.95,3.46,645.0,39.2,37.4275,0.7891,-1.7725,False,508.961
2412005,São Gonçalo do Amarante,RN,Nordeste,32.48,3.63,575.0,61.37,38.4564,0.884,-22.9136,True,508.3175
1301902,Itacoatiara,AM,Norte,42.67,3.27,596.0,57.21,46.358,0.829,-10.852,True,494.091
4101804,Araucária,PR,Sul,69.02,2.07,718.0,72.81,66.0421,0.6859,-6.7679,True,492.4765
1504703,Moju,PA,Norte,34.29,3.39,599.0,46.54,39.7476,0.8106,-6.7924,True,485.5304
5108402,Várzea Grande,MT,Centro-Oeste,61.76,1.61,1476.0,58.35,65.7316,0.3255,7.3816,False,480.4155
4320008,Sapucaia do Sul,RS,Sul,48.04,2.93,638.0,65.93,45.9715,0.7396,-19.9585,True,471.8618
1301852,Iranduba,AM,Norte,34.37,3.4,619.0,56.45,41.8617,0.7622,-14.5883,True,471.8306
1501808,Breves,PA,Norte,55.58,3.12,518.0,55.57,51.2197,0.9107,-4.3503,True,471.7171
5107602,Rondonópolis,MT,Centro-Oeste,60.49,1.77,1318.0,61.65,66.4291,0.3556,4.7791,False,468.7132
1505502,Paragominas,PA,Norte,56.72,2.57,708.0,68.12,61.4245,0.6535,-6.6955,True,462.685
2104800,Grajaú,MA,Nordeste,45.81,3.11,575.0,54.39,47.9412,0.7978,-6.4488,True,458.7174
4309308,Guaíba,RS,Sul,31.54,3.45,618.0,59.58,41.3433,0.7032,-18.2367,True,434.5971
1304062,Tabatinga,AM,Norte,37.75,3.14,660.0,53.79,43.0027,0.6558,-10.7873,True,432.8141
2107506,Paço do Lumiar,MA,Nordeste,55.55,2.5,807.0,60.26,58.5634,0.5344,-1.6966,False,431.2352
3304144,Queimados,RJ,Sudeste,37.63,2.69,976.0,51.22,41.0329,0.4414,-10.1871,True,430.7618
1507953,Tailândia,PA,Norte,37.89,3.04,752.0,50.91,43.1131,0.5703,-7.7969,True,428.865
3154606,Ribeirão das Neves,MG,Sudeste,59.36,1.82,1365.0,63.16,66.4197,0.3125,3.2597,False,426.5582
3205200,Vila Velha,ES,Sudeste,67.75,1.42,1538.0,71.85,77.162,0.2772,5.312,False,426.2956
4319901,Sapiranga,RS,Sul,41.09,3.74,474.0,74.99,47.5854,0.8904,-27.4046,True,422.0419
2109908,Santa Inês,MA,Nordeste,48.49,3.44,484.0,57.79,47.4248,0.8668,-10.3652,True,419.5478
4119152,Pinhais,PR,Sul,57.36,2.69,643.0,68.31,60.8444,0.6485,-7.4656,True,416.9575
4209300,Lages,SC,Sul,55.85,3.53,485.0,58.78,54.9878,0.8576,-3.7922,True,415.9216
4304630,Capão da Canoa,RS,Sul,34.39,4.28,424.0,42.44,38.1949,0.9637,-4.2451,False,408.6217
2707701,Rio Largo,AL,Nordeste,38.81,2.71,844.0,50.31,42.0225,0.4815,-8.2875,True,406.3978
1506138,Redenção,PA,Norte,58.26,2.96,516.0,63.21,55.5666,0.7796,-7.6434,True,402.2827
4307708,Esteio,RS,Sul,47.04,4.0,424.0,68.74,39.3408,0.9485,-29.3992,True,402.1709
2407104,Macaíba,RN,Nordeste,30.12,4.02,489.0,44.07,38.0085,0.8223,-6.0615,True,402.0891
1500404,Alenquer,PA,Norte,34.75,3.48,567.0,49.94,41.1406,0.701,-8.7994,True,397.4624
2101400,Balsas,MA,Nordeste,39.54,2.73,829.0,52.53,45.346,0.4739,-7.184,True,392.863
2402600,Ceará-Mirim,RN,Nordeste,32.39,4.08,464.0,40.56,40.0921,0.844,-0.4679,False,391.5959
4321600,Tramandaí,RS,Sul,36.67,4.37,407.0,62.76,37.3974,0.9506,-25.3626,True,386.9123
1501709,Bragança,PA,Norte,37.01,2.72,923.0,54.65,51.7505,0.4179,-2.8995,True,385.7518
1508100,Tucuruí,PA,Norte,44.79,2.93,765.0,50.61,50.5539,0.504,-0.0561,False,385.5268
4104204,Campo Largo,PR,Sul,69.18,2.3,563.0,75.38,69.455,0.6616,-5.925,True,372.4728
2504009,Campina Grande,PB,Nordeste,47.92,1.95,1581.0,54.42,55.0008,0.2352,0.5808,False,371.9119
2403608,Extremoz,RN,Nordeste,34.56,4.13,441.0,58.39,34.9839,0.8394,-23.4061,True,370.1764
4314050,Parobé,RS,Sul,37.88,3.86,418.0,65.06,48.0261,0.8843,-17.0339,True,369.6461
2802908,Itabaiana,SE,Nordeste,41.79,3.81,434.0,41.88,43.8984,0.844,2.0184,False,366.2779
4302105,Bento Gonçalves,RS,Sul,50.97,3.64,426.0,78.15,54.2969,0.8589,-23.8531,True,365.8976
4322400,Uruguaiana,RS,Sul,47.32,4.58,368.0,67.36,38.8889,0.9815,-28.4711,True,361.1961
1505809,Portel,PA,Norte,40.73,3.51,564.0,55.35,43.2214,0.6392,-12.1286,True,360.5064
3300308,Barra do Piraí,RJ,Sudeste,48.01,3.71,477.0,56.48,46.1887,0.7477,-10.2913,True,356.6611
1504802,Monte Alegre,PA,Norte,46.69,3.63,439.0,62.46,54.1078,0.8109,-8.3522,True,355.9685
1500305,Afuá,PA,Norte,38.16,3.85,432.0,45.47,40.1464,0.8206,-5.3236,True,354.4967
1100023,Ariquemes,RO,Norte,65.62,2.86,413.0,68.02,65.5254,0.8517,-2.4946,False,351.7578
3305802,Teresópolis,RJ,Sudeste,64.21,2.48,633.0,66.32,67.4121,0.5526,1.0921,False,349.8012
2108603,Pinheiro,MA,Nordeste,46.81,4.28,373.0,61.85,47.1058,0.9363,-14.7442,True,349.2301
4128104,Umuarama,PR,Sul,63.11,2.86,462.0,69.24,61.1322,0.7557,-8.1078,True,349.1192
3136702,Juiz de Fora,MG,Sudeste,49.56,2.07,1412.0,55.31,58.8548,0.2382,3.5448,False,336.3002
1304203,Tefé,AM,Norte,36.78,3.38,557.0,44.5,42.3476,0.602,-2.1524,False,335.3
2910727,Eunápolis,BA,Nordeste,38.37,3.4,485.0,48.55,42.2216,0.6826,-6.3284,True,331.0694
2600054,Abreu e Lima,PE,Nordeste,46.39,3.66,428.0,58.0,49.6621,0.7689,-8.3379,True,329.0872
2802106,Estância,SE,Nordeste,29.78,4.1,372.0,48.03,34.4697,0.8839,-13.5603,True,328.8075
1303536,Presidente Figueiredo,AM,Norte,33.7,4.42,417.0,48.19,39.5751,0.7819,-8.6149,True,326.0506
1100304,Vilhena,RO,Norte,71.66,2.45,433.0,70.22,66.9046,0.749,-3.3154,True,324.3362
4311403,Lajeado,RS,Sul,47.52,4.09,345.0,76.28,50.3651,0.9243,-25.9149,True,318.9001
1600303,Macapá,AP,Norte,49.14,1.51,2352.0,55.09,57.3946,0.1353,2.3046,False,318.2929
1503309,Igarapé-Miri,PA,Norte,41.33,3.89,444.0,50.18,42.4723,0.7144,-7.7077,True,317.1886
4303905,Campo Bom,RS,Sul,45.44,4.1,365.0,78.12,42.7181,0.8601,-35.4019,True,313.9452
3534401,Osasco,SP,Sudeste,49.15,1.21,3965.0,56.96,61.2349,0.0784,4.2749,False,310.8288
3522505,Itapevi,SP,Sudeste,55.46,1.71,1589.0,59.95,67.8121,0.194,7.8621,False,308.2777
2919553,Luís Eduardo Magalhães,BA,Nordeste,35.72,2.59,844.0,44.29,33.762,0.3646,-10.528,True,307.7151
2606200,Goiana,PE,Nordeste,45.88,3.72,439.0,61.91,44.8426,0.698,-17.0674,True,306.4432
2917508,Jacobina,BA,Nordeste,28.49,3.75,399.0,45.4,27.8692,0.7621,-17.5308,True,304.074
3302601,Mangaratiba,RJ,Sudeste,40.96,4.68,333.0,58.07,40.5961,0.9054,-17.4739,True,301.4964
4301602,Bagé,RS,Sul,46.68,4.01,385.0,67.83,47.6335,0.781,-20.1965,True,300.6916
1302504,Manacapuru,AM,Norte,37.29,2.96,743.0,55.57,44.6675,0.4024,-10.9025,True,298.986
1600501,Oiapoque,AP,Norte,21.04,4.15,404.0,41.39,28.4995,0.7313,-12.8905,True,295.4631
4316808,Santa Cruz do Sul,RS,Sul,43.86,4.18,371.0,69.7,48.4345,0.7903,-21.2655,True,293.2043
2609600,Olinda,PE,Nordeste,62.29,1.83,1063.0,66.22,62.962,0.2741,-3.258,True,291.3315
2924009,Paulo Afonso,BA,Nordeste,30.51,2.94,656.0,40.21,35.9193,0.4408,-4.2907,True,289.1453
2915601,Itamaraju,BA,Nordeste,37.41,4.02,348.0,55.62,37.8373,0.8252,-17.7827,True,287.1624
1303403,Parintins,AM,Norte,51.36,3.49,450.0,61.06,54.3573,0.6357,-6.7027,True,286.0492
1506500,Santa Isabel do Pará,PA,Norte,34.18,3.37,571.0,53.25,38.2586,0.4992,-14.9914,True,285.0605
2803500,Lagarto,SE,Nordeste,31.28,3.67,470.0,49.32,40.6972,0.6059,-8.6228,True,284.7782
5107909,Sinop,MT,Centro-Oeste,54.34,1.99,1287.0,64.53,67.2548,0.2174,2.7248,False,279.8307
3300100,Angra dos Reis,RJ,Sudeste,60.8,2.28,814.0,64.51,58.9846,0.3412,-5.5254,True,277.7486
3157807,Santa Luzia,MG,Sudeste,72.21,2.06,605.0,60.8,69.2084,0.4528,8.4084,False,273.9302
3523107,Itaquaquecetuba,SP,Sudeste,57.19,1.45,2090.0,54.84,71.7749,0.1305,16.9349,False,272.7105
1200203,Cruzeiro do Sul,AC,Norte,42.18,4.19,434.0,49.2,42.4619,0.6265,-6.7381,True,271.8886
1505304,Oriximiná,PA,Norte,30.61,3.33,619.0,48.47,39.282,0.439,-9.188,True,271.7597
2610707,Paulista,PE,Nordeste,55.54,2.19,956.0,60.62,56.3197,0.2817,-4.3003,True,269.3281
2906006,Campo Formoso,BA,Nordeste,39.1,3.84,377.0,50.23,39.4762,0.7124,-10.7538,True,268.5913
2501807,Bayeux,PB,Nordeste,36.72,4.88,321.0,47.97,42.8236,0.8316,-5.1464,True,266.9432
4117602,Palmas,PR,Sul,54.28,3.94,355.0,63.61,53.7962,0.75,-9.8138,True,266.2527
2910057,Dias d'Ávila,BA,Nordeste,32.25,3.89,376.0,49.24,33.0552,0.7066,-16.1848,True,265.6983
4208906,Jaraguá do Sul,SC,Sul,75.11,2.39,431.0,75.01,78.7815,0.6143,3.7715,False,264.759
4204608,Criciúma,SC,Sul,59.75,2.25,915.0,65.88,63.7923,0.289,-2.0877,False,264.4755
2613701,São Lourenço da Mata,PE,Nordeste,53.31,3.3,477.0,55.62,50.7499,0.5544,-4.8701,True,264.4507
3516309,Francisco Morato,SP,Sudeste,50.49,2.17,1195.0,60.21,63.8999,0.2212,3.6899,False,264.3761
4307609,Estância Velha,RS,Sul,44.52,4.28,303.0,71.3,50.9392,0.8721,-20.3608,True,264.2486
4101408,Apucarana,PR,Sul,78.78,2.33,288.0,80.0,78.1405,0.9155,-1.8595,False,263.6748
1508001,Tomé-Açu,PA,Norte,49.49,2.96,633.0,58.39,51.2106,0.4144,-7.1794,True,262.3357
3129806,Ibirité,MG,Sudeste,63.66,2.67,546.0,60.87,66.518,0.4775,5.648,False,260.705
4101507,Arapongas,PR,Sul,70.97,2.6,399.0,77.18,70.1146,0.6533,-7.0654,True,260.6706
2909802,Cruz das Almas,BA,Nordeste,33.56,4.45,287.0,48.56,32.499,0.9056,-16.061,True,259.9171
2926608,Ribeira do Pombal,BA,Nordeste,40.72,4.3,297.0,48.37,37.5632,0.8746,-10.8068,True,259.7645
1508407,Xinguara,PA,Norte,49.27,4.04,363.0,59.68,54.2106,0.6958,-5.4694,True,252.5912
2903904,Bom Jesus da Lapa,BA,Nordeste,34.55,3.57,447.0,47.96,31.0963,0.5632,-16.8637,True,251.7479
5007901,Sidrolândia,MS,Centro-Oeste,39.84,3.63,560.0,49.77,47.7623,0.4491,-2.0077,False,251.4913
2603454,Camaragibe,PE,Nordeste,57.57,2.82,539.0,65.61,56.2905,0.4654,-9.3195,True,250.8636
2933604,Xique-Xique,BA,Nordeste,32.25,4.0,355.0,45.64,30.1446,0.7055,-15.4954,True,250.4663
2103208,Chapadinha,MA,Nordeste,41.64,3.69,417.0,57.77,48.2768,0.5945,-9.4932,True,247.9256
1718204,Porto Nacional,TO,Norte,44.11,3.67,499.0,64.37,46.5418,0.4921,-17.8282,True,245.5473
3305554,Seropédica,RJ,Sudeste,50.53,3.15,602.0,57.34,46.8746,0.4043,-10.4654,True,243.368
3552205,Sorocaba,SP,Sudeste,52.44,1.34,2896.0,58.32,63.4879,0.0835,5.1679,False,241.746
3543402,Ribeirão Preto,SP,Sudeste,45.01,2.03,1462.0,52.0,57.8058,0.1653,5.8058,False,241.6361
2923001,Nova Viçosa,BA,Nordeste,37.21,4.32,302.0,64.09,37.0942,0.7996,-26.9958,True,241.4775
2902708,Barra,BA,Nordeste,28.48,4.06,339.0,42.06,32.8134,0.7102,-9.2466,True,240.7618
3303203,Nilópolis,RJ,Sudeste,47.32,3.37,522.0,55.83,49.3299,0.4572,-6.5001,True,238.6826
4118501,Pato Branco,PR,Sul,71.15,2.94,312.0,78.74,69.5755,0.7629,-9.1645,True,238.0328
2102325,Buriticupu,MA,Nordeste,42.03,3.68,444.0,52.09,41.0399,0.5295,-11.0501,True,235.1073
4203006,Caçador,SC,Sul,65.53,4.02,271.0,73.04,66.3277,0.8657,-6.7123,True,234.5928
2908408,Conceição do Coité,BA,Nordeste,30.94,4.29,308.0,43.58,32.319,0.7608,-11.261,True,234.3288
1505064,Novo Repartimento,PA,Norte,47.88,3.77,458.0,63.57,44.4036,0.503,-19.1664,True,230.367
3305000,São João da Barra,RJ,Sudeste,58.22,4.16,292.0,61.22,63.0857,0.7882,1.8657,False,230.14
2929909,Seabra,BA,Nordeste,34.98,4.64,264.0,58.86,33.5453,0.8707,-25.3147,True,229.8717
1507607,São Miguel do Guamá,PA,Norte,49.58,3.8,398.0,51.68,56.623,0.5765,4.943,False,229.4308
4202909,Brusque,SC,Sul,67.19,3.27,378.0,72.25,70.5955,0.6057,-1.6545,False,228.9536
1502202,Capanema,PA,Norte,59.49,3.89,300.0,67.83,59.7592,0.7569,-8.0708,True,227.0595
3203205,Linhares,ES,Sudeste,67.59,2.06,727.0,69.25,75.3645,0.3106,6.1145,False,225.818
2606002,Garanhuns,PE,Nordeste,69.74,2.52,409.0,61.33,69.547,0.5451,8.217,False,222.9279
1502152,Canaã dos Carajás,PA,Norte,65.11,2.51,604.0,67.89,63.3288,0.3681,-4.5612,True,222.3259
1505106,Óbidos,PA,Norte,53.97,4.25,281.0,58.97,55.7138,0.7868,-3.2562,False,221.0881
4108403,Francisco Beltrão,PR,Sul,76.41,2.58,280.0,79.76,75.771,0.7701,-3.989,True,215.6213
3303807,Paraty,RJ,Sudeste,48.88,4.86,284.0,60.27,48.9353,0.7581,-11.3347,True,215.3126
2928703,Santo Antônio de Jesus,BA,Nordeste,40.9,4.46,276.0,47.64,37.3711,0.7776,-10.2689,True,214.6188
2601706,Belo Jardim,PE,Nordeste,43.92,3.81,408.0,59.56,50.604,0.5244,-8.956,True,213.9482
2609907,Ouricuri,PE,Nordeste,30.79,4.02,396.0,49.75,41.8058,0.5393,-7.9442,True,213.5437
2914703,Itaberaba,BA,Nordeste,41.07,4.98,221.0,54.29,33.4494,0.9558,-20.8406,True,211.2279
2611101,Petrolina,PE,Nordeste,70.25,1.32,1444.0,70.58,74.3194,0.146,3.7394,False,210.8678
3304524,Rio das Ostras,RJ,Sudeste,68.67,2.3,597.0,70.35,70.3306,0.3526,-0.0194,False,210.5146
1503903,Juruti,PA,Norte,51.02,3.58,432.0,59.19,51.372,0.4851,-7.818,True,209.5705
4322509,Vacaria,RS,Sul,38.06,4.44,333.0,70.45,49.4374,0.6247,-21.0126,True,208.0334
2702405,Delmiro Gouveia,AL,Nordeste,28.14,3.73,449.0,45.72,37.0313,0.463,-8.6887,True,207.9053
4118402,Paranavaí,PR,Sul,74.3,2.73,286.0,80.0,73.4745,0.7222,-6.5255,True,206.5519
3509502,Campinas,SP,Sudeste,41.49,2.26,1237.0,53.9,56.4818,0.1662,2.5818,False,205.5541
1505205,Oeiras do Pará,PA,Norte,31.01,4.71,325.0,34.05,37.2355,0.6276,3.1855,False,203.9679
4117503,Paiçandu,PR,Sul,62.95,3.44,315.0,72.12,71.5279,0.6475,-0.5921,False,203.9529
3306305,Volta Redonda,RJ,Sudeste,63.27,1.92,1088.0,66.58,63.872,0.1863,-2.708,True,202.7008
4127106,Telêmaco Borba,PR,Sul,61.71,3.17,403.0,68.62,59.3529,0.4986,-9.2671,True,200.9194
1501501,Benevides,PA,Norte,65.3,2.93,383.0,66.89,69.8325,0.5234,2.9425,False,200.464
1302900,Maués,AM,Norte,45.99,5.74,234.0,61.93,44.0495,0.8535,-17.8805,True,199.7278
3300803,Cachoeiras de Macacu,RJ,Sudeste,49.29,4.56,305.0,60.17,46.6927,0.6504,-13.4773,True,198.3811
2905206,Caetité,BA,Nordeste,39.02,4.62,261.0,59.19,40.5795,0.7591,-18.6105,True,198.1365
2933208,Vera Cruz,BA,Nordeste,38.27,4.73,250.0,52.02,34.6321,0.7908,-17.3879,True,197.71
1502707,Conceição do Araguaia,PA,Norte,50.69,4.48,279.0,51.67,53.008,0.7076,1.338,False,197.4108
4314803,Portão,RS,Sul,39.67,5.47,219.0,63.86,46.6705,0.8999,-17.1895,True,197.0842
1502806,Curralinho,PA,Norte,24.03,3.68,523.0,40.46,33.0371,0.3764,-7.4229,True,196.8461
4312401,Montenegro,RS,Sul,39.8,5.11,233.0,70.43,44.2385,0.8414,-26.1915,True,196.0396
1501782,Breu Branco,PA,Norte,50.54,4.39,287.0,45.82,52.5976,0.6819,6.7776,False,195.6915
2211001,Teresina,PI,Nordeste,57.27,1.19,3157.0,58.54,70.5535,0.0617,12.0135,False,194.7668
2917607,Jaguaquara,BA,Nordeste,53.7,4.26,244.0,57.21,49.7779,0.7942,-7.4321,True,193.7924
1301704,Humaitá,AM,Norte,57.23,3.77,307.0,59.95,59.2714,0.6278,-0.6786,False,192.7229
4307906,Farroupilha,RS,Sul,56.66,4.14,262.0,80.0,57.7488,0.7345,-22.2512,True,192.4375
2906501,Candeias,BA,Nordeste,36.67,4.18,323.0,46.98,32.9303,0.5919,-14.0497,True,191.1847
3552502,Suzano,SP,Sudeste,46.77,2.05,1404.0,54.18,56.5637,0.136,2.3837,False,190.9496
3171204,Vespasiano,MG,Sudeste,70.4,2.37,472.0,62.54,69.6363,0.4019,7.0963,False,189.7046
2103604,Coroatá,MA,Nordeste,55.72,4.16,284.0,53.76,49.8283,0.667,-3.9317,False,189.4144
2925105,Poções,BA,Nordeste,42.93,4.92,222.0,55.58,40.1014,0.8498,-15.4786,True,188.6472
1600600,Santana,AP,Norte,55.32,2.8,590.0,53.95,65.601,0.3183,11.651,False,187.8027
2112506,Tutóia,MA,Nordeste,57.61,3.86,296.0,50.89,58.4724,0.6303,7.5824,False,186.5811
2932903,Valença,BA,Nordeste,31.89,4.47,284.0,45.66,33.3688,0.6562,-12.2912,True,186.3555
2612505,Santa Cruz do Capibaribe,PE,Nordeste,55.94,3.05,483.0,61.69,58.0784,0.3854,-3.6116,True,186.1312
1100122,Ji-Paraná,RO,Norte,72.82,3.09,251.0,80.0,73.8433,0.7402,-6.1567,True,185.7898
2914653,Itabela,BA,Nordeste,24.92,4.79,235.0,45.71,27.5709,0.7884,-18.1391,True,185.2715
3554102,Taubaté,SP,Sudeste,53.88,2.13,1174.0,55.84,62.6461,0.1576,6.8061,False,185.0253
4109609,Guaratuba,PR,Sul,66.9,3.69,246.0,71.37,67.585,0.7492,-3.785,True,184.3116
3505708,Barueri,SP,Sudeste,68.16,1.4,1588.0,68.35,76.2462,0.1147,7.8962,False,182.185
1100338,Nova Mamoré,RO,Norte,45.31,4.87,253.0,68.5,50.9927,0.7171,-17.5073,True,181.417
4104006,Campina Grande do Sul,PR,Sul,66.84,3.51,262.0,73.41,69.1272,0.6875,-4.2828,True,180.1119
2101608,Barra do Corda,MA,Nordeste,64.05,3.37,300.0,70.11,60.3788,0.5988,-9.7312,True,179.6457
1504505,Melgaço,PA,Norte,28.64,4.83,348.0,51.16,37.5652,0.5118,-13.5948,True,178.1162
1506005,Prainha,PA,Norte,43.28,4.58,298.0,64.73,49.1937,0.5977,-15.5363,True,178.1048
2930204,Sento Sé,BA,Nordeste,24.24,4.06,325.0,41.68,27.0452,0.5459,-14.6348,True,177.403
4318309,São Gabriel,RS,Sul,35.61,5.0,289.0,67.25,39.4774,0.6083,-27.7726,True,175.8109
3518701,Guarujá,SP,Sudeste,44.13,2.27,1252.0,58.55,54.0225,0.1392,-4.5275,True,174.2315
4304408,Canela,RS,Sul,42.33,5.73,211.0,79.06,38.9588,0.8254,-40.1012,True,174.1683
3548708,São Bernardo do Campo,SP,Sudeste,54.2,1.2,3618.0,63.55,63.5395,0.0481,-0.0105,False,174.1017
4313508,Osório,RS,Sul,44.62,5.43,218.0,71.66,47.1965,0.7908,-24.4635,True,172.392
2404200,Goianinha,RN,Nordeste,35.32,4.87,291.0,38.09,48.191,0.5846,10.101,False,170.1127
2925501,Prado,BA,Nordeste,28.97,4.96,228.0,48.75,27.3786,0.746,-21.3714,True,170.0871
2606804,Igarassu,PE,Nordeste,66.96,2.7,400.0,68.23,63.4433,0.4251,-4.7867,True,170.0547
5201405,Aparecida de Goiânia,GO,Centro-Oeste,69.23,1.23,1880.0,66.95,76.3548,0.09,9.4048,False,169.1102
3530607,Mogi das Cruzes,SP,Sudeste,47.88,1.5,2485.0,57.39,61.8745,0.068,4.4845,False,169.0842
4127700,Toledo,PR,Sul,81.69,1.92,335.0,79.7,76.2581,0.5022,-3.4419,True,168.2506
2928604,Santo Amaro,BA,Nordeste,36.96,4.76,249.0,55.44,38.1472,0.675,-17.2928,True,168.0816
4318002,São Borja,RS,Sul,46.35,6.11,212.0,70.07,46.0237,0.7894,-24.0463,True,167.3622
1502301,Capitão Poço,PA,Norte,48.98,4.57,269.0,60.45,50.965,0.619,-9.485,True,166.5217
2601102,Araripina,PE,Nordeste,52.05,3.2,476.0,64.43,58.3238,0.3486,-6.1062,True,165.9529
3306008,Três Rios,RJ,Sudeste,51.43,3.9,350.0,62.15,57.7134,0.4722,-4.4366,True,165.27
2910602,Esplanada,BA,Nordeste,23.96,4.42,273.0,35.44,27.4708,0.6043,-7.9692,True,164.9756
2207702,Parnaíba,PI,Nordeste,38.45,2.51,1032.0,45.63,55.7919,0.1596,10.1619,False,164.6651
2916401,Itapetinga,BA,Nordeste,32.22,3.95,364.0,52.38,31.7765,0.4511,-20.6035,True,164.2126
2100055,Açailândia,MA,Nordeste,62.75,2.73,480.0,52.35,62.3355,0.3403,9.9855,False,163.3229
4310207,Ijuí,RS,Sul,61.86,4.38,195.0,77.52,59.9925,0.8313,-17.5275,True,162.0952
4122404,Rolândia,PR,Sul,71.83,3.02,283.0,75.42,69.8724,0.5724,-5.5476,True,161.9828
1303700,Santo Antônio do Içá,AM,Norte,37.95,4.3,332.0,66.29,43.4322,0.4837,-22.8578,True,160.5994
3547809,Santo André,SP,Sudeste,56.5,1.63,1822.0,61.71,69.4129,0.0881,7.7029,False,160.5673
2924405,Pilão Arcado,BA,Nordeste,22.51,4.14,303.0,39.38,32.1045,0.5265,-7.2755,True,159.5418
3552403,Sumaré,SP,Sudeste,50.61,2.27,1061.0,61.76,63.1453,0.1502,1.3853,False,159.3771
4212809,Balneário Piçarras,SC,Sul,53.84,5.17,254.0,67.49,59.1891,0.6235,-8.3009,True,158.375
2307304,Juazeiro do Norte,CE,Nordeste,59.48,1.98,971.0,66.87,64.2578,0.1627,-2.6122,True,157.9615
4103701,Cambé,PR,Sul,76.35,2.54,305.0,79.37,72.3426,0.5137,-7.0274,True,156.6871
2910503,Entre Rios,BA,Nordeste,32.55,5.75,172.0,40.71,28.6355,0.9098,-12.0745,True,156.4832
2926004,Remanso,BA,Nordeste,35.26,5.16,213.0,40.5,32.7224,0.7332,-7.7776,True,156.1674
2930154,Serra do Ramalho,BA,Nordeste,26.65,4.14,322.0,49.76,31.0603,0.4795,-18.6997,True,154.3933
1503705,Itupiranga,PA,Norte,44.17,4.42,313.0,54.62,47.3649,0.4931,-7.2551,True,154.3335
4317509,Santo Ângelo,RS,Sul,41.47,5.6,198.0,69.39,47.4777,0.7791,-21.9123,True,154.2531
2405801,João Câmara,RN,Nordeste,35.88,5.7,222.0,38.1,39.7307,0.6943,1.6307,False,154.1372
2927705,Santa Cruz Cabrália,BA,Nordeste,37.36,4.97,228.0,52.99,37.541,0.676,-15.449,True,154.1326
3305208,São Pedro da Aldeia,RJ,Sudeste,55.74,2.89,620.0,63.99,58.9255,0.2469,-5.0645,True,153.0726
1301209,Coari,AM,Norte,32.72,4.43,325.0,51.74,40.7547,0.4669,-10.9853,True,151.7358
1500909,Augusto Corrêa,PA,Norte,44.0,4.33,344.0,51.58,48.4331,0.4381,-3.1469,False,150.7188
2108504,Pindaré-Mirim,MA,Nordeste,51.09,4.93,216.0,53.35,49.483,0.6976,-3.867,False,150.6722
2412203,São José de Mipibu,RN,Nordeste,34.77,4.25,397.0,48.56,44.4662,0.3762,-4.0938,False,149.3541
2931905,Tucano,BA,Nordeste,35.55,5.86,165.0,43.93,34.5453,0.9046,-9.3847,True,149.266
1508159,Uruará,PA,Norte,60.83,4.84,182.0,70.15,52.1333,0.8187,-18.0167,True,149.0085
2400208,Açu,RN,Nordeste,40.85,5.51,245.0,54.25,42.2941,0.6003,-11.9559,True,147.0797
3300258,Arraial do Cabo,RJ,Sudeste,58.06,5.01,204.0,60.11,56.761,0.7208,-3.349,False,147.0334
2515302,Sapé,PB,Nordeste,39.0,4.95,260.0,47.97,52.711,0.5653,4.741,False,146.9845
2109106,Presidente Dutra,MA,Nordeste,45.12,4.72,255.0,63.01,51.6919,0.5745,-11.3181,True,146.4949
2303709,Caucaia,CE,Nordeste,69.01,1.51,1156.0,71.16,69.4393,0.1264,-1.7207,True,146.1235
3548500,Santos,SP,Sudeste,52.79,2.09,1186.0,63.79,66.1382,0.1221,2.3482,False,144.8023
3205309,Vitória,ES,Sudeste,73.2,1.68,786.0,70.39,81.6377,0.1838,11.2477,False,144.4981
3305505,Saquarema,RJ,Sudeste,62.5,2.79,541.0,68.84,66.6937,0.2655,-2.1463,False,143.6303
1506708,Santana do Araguaia,PA,Norte,58.5,4.13,282.0,62.85,60.7867,0.5091,-2.0633,False,143.5724
2927002,Rio Real,BA,Nordeste,33.21,5.64,179.0,53.38,36.2843,0.7993,-17.0957,True,143.0694
1100049,Cacoal,RO,Norte,65.88,3.3,293.0,68.16,68.1198,0.4883,-0.0402,False,143.068
3151800,Poços de Caldas,MG,Sudeste,79.39,2.55,241.0,65.24,77.1643,0.5882,11.9243,False,141.7443
5107958,Tangará da Serra,MT,Centro-Oeste,58.95,2.81,556.0,58.88,68.9694,0.2526,10.0894,False,140.4365
4309100,Gramado,RS,Sul,55.71,4.88,197.0,79.35,55.5841,0.7122,-23.7659,True,140.3107
4310108,Igrejinha,RS,Sul,49.6,5.37,180.0,80.0,48.8634,0.7794,-31.1366,True,140.2983
4304663,Capão do Leão,RS,Sul,28.17,6.16,195.0,58.86,39.8771,0.7173,-18.9829,True,139.8744
2408201,Nísia Floresta,RN,Nordeste,49.78,5.98,172.0,46.59,44.7497,0.8129,-1.8403,False,139.8261
3502804,Araçatuba,SP,Sudeste,74.22,2.24,442.0,70.33,77.8028,0.315,7.4728,False,139.222
3541000,Praia Grande,SP,Sudeste,51.26,1.59,2261.0,60.28,57.5218,0.0615,-2.7582,True,139.0818
3515004,Embu das Artes,SP,Sudeste,40.5,2.19,1392.0,46.94,56.5928,0.0991,9.6528,False,137.9117
2929503,São Sebastião do Passé,BA,Nordeste,46.1,5.96,145.0,59.74,43.3248,0.9497,-16.4152,True,137.7028
1200807,Porto Acre,AC,Norte,39.69,6.26,197.0,47.06,41.1064,0.6979,-5.9536,False,137.4882
1303908,São Paulo de Olivença,AM,Norte,32.07,3.62,461.0,47.36,38.1952,0.2982,-9.1648,True,137.461
5100250,Alta Floresta,MT,Centro-Oeste,71.46,3.48,212.0,62.17,72.1333,0.6473,9.9633,False,137.23
4321709,Três Coroas,RS,Sul,42.24,6.29,159.0,63.49,46.3574,0.8564,-17.1326,True,136.1597
4119301,Pinhão,PR,Sul,61.33,4.54,191.0,67.75,61.8341,0.7088,-5.9159,True,135.3828
2805406,Poço Redondo,SE,Nordeste,26.61,4.71,291.0,32.28,28.7118,0.4643,-3.5682,False,135.1024
2928109,Santa Maria da Vitória,BA,Nordeste,26.29,5.45,185.0,46.72,28.4859,0.73,-18.2341,True,135.0448
3301850,Guapimirim,RJ,Sudeste,47.74,4.08,372.0,59.91,49.8314,0.3598,-10.0786,True,133.8603
2112209,Timon,MA,Nordeste,75.74,2.07,432.0,71.67,80.5344,0.3098,8.8644,False,133.8264
4303004,Cachoeira do Sul,RS,Sul,40.21,6.97,151.0,64.82,37.0595,0.883,-27.7605,True,133.3381
5006606,Ponta Porã,MS,Centro-Oeste,71.07,2.21,488.0,65.01,68.692,0.273,3.682,False,133.2004
1505031,Novo Progresso,PA,Norte,56.79,4.54,243.0,67.45,58.1275,0.5427,-9.3225,True,131.8704
3551009,São Vicente,SP,Sudeste,47.93,1.8,1750.0,54.93,57.9048,0.0753,2.9748,False,131.7169
4303509,Camaquã,RS,Sul,56.35,5.42,166.0,65.58,52.3323,0.7909,-13.2477,True,131.2881
3156700,Sabará,MG,Sudeste,71.68,2.71,360.0,64.61,73.3561,0.3642,8.7461,False,131.1139
4321501,Torres,RS,Sul,44.01,6.11,179.0,68.39,44.1908,0.7318,-24.1992,True,130.9881
2105401,Itapecuru Mirim,MA,Nordeste,60.47,3.46,317.0,62.06,62.5031,0.4121,0.4431,False,130.6413
2607208,Ipojuca,PE,Nordeste,64.16,2.6,497.0,72.04,70.6259,0.2607,-1.4141,False,129.5841
3300407,Barra Mansa,RJ,Sudeste,63.88,2.63,559.0,65.96,68.4225,0.231,2.4625,False,129.116
4306106,Cruz Alta,RS,Sul,50.91,6.39,158.0,64.79,47.8043,0.8159,-16.9857,True,128.9064
2706307,Palmeira dos Índios,AL,Nordeste,38.67,3.94,385.0,46.59,44.9913,0.3335,-1.5987,False,128.3896
2101202,Bacabal,MA,Nordeste,51.38,3.27,467.0,56.75,51.8241,0.2745,-4.9259,True,128.1786
2922003,Mucuri,BA,Nordeste,47.96,4.95,204.0,59.15,44.5805,0.6279,-14.5695,True,128.095
5208707,Goiânia,GO,Centro-Oeste,69.49,0.97,3127.0,70.84,77.871,0.0409,7.031,False,127.9154
1506203,Salinópolis,PA,Norte,50.45,4.3,305.0,55.04,51.7177,0.4182,-3.3223,False,127.5362
4304705,Carazinho,RS,Sul,41.97,5.94,179.0,69.06,52.8203,0.7059,-16.2397,True,126.355
4317103,Sant'Ana do Livramento,RS,Sul,44.97,7.35,132.0,59.6,41.3323,0.9537,-18.2677,True,125.8913
1503200,Igarapé-Açu,PA,Norte,40.43,6.24,182.0,47.07,46.3666,0.6911,-0.7034,False,125.7809
3204906,São Mateus,ES,Sudeste,69.52,2.43,470.0,71.26,72.2402,0.2673,0.9802,False,125.642
3555406,Ubatuba,SP,Sudeste,36.64,3.04,730.0,53.62,47.0449,0.1719,-6.5751,True,125.4866
2904605,Brumado,BA,Nordeste,42.15,4.13,317.0,62.01,40.7397,0.393,-21.2703,True,124.5742
2904902,Cachoeira,BA,Nordeste,33.06,5.93,162.0,40.27,33.0392,0.7688,-7.2308,True,124.5518
3522208,Itapecerica da Serra,SP,Sudeste,54.9,2.33,882.0,62.06,69.1425,0.1408,7.0825,False,124.2
2109601,Rosário,MA,Nordeste,57.59,4.95,186.0,64.27,61.266,0.6657,-3.004,False,123.8246
3516408,Franco da Rocha,SP,Sudeste,46.57,2.41,984.0,60.38,58.8217,0.1257,-1.5583,False,123.6605
3549805,São José do Rio Preto,SP,Sudeste,56.85,1.7,1678.0,61.18,72.8449,0.0734,11.6649,False,123.1457
3147006,Paracatu,MG,Sudeste,63.55,3.88,249.0,70.27,71.6977,0.4936,1.4277,False,122.9162
2607653,Itambé,PE,Nordeste,43.3,6.22,166.0,58.78,42.864,0.7391,-15.916,True,122.6859
2604007,Carpina,PE,Nordeste,59.19,4.05,251.0,70.0,61.7719,0.4879,-8.2281,True,122.4676
2616407,Vitória de Santo Antão,PE,Nordeste,50.65,3.1,523.0,57.06,53.8531,0.2336,-3.2069,True,122.183
2916500,Itapicuru,BA,Nordeste,51.23,5.43,159.0,43.15,51.7048,0.7587,8.5548,False,120.6269
2110203,Santa Rita,MA,Nordeste,56.53,5.05,190.0,66.19,59.1779,0.6272,-7.0121,True,119.1702
2503209,Cabedelo,PB,Nordeste,57.24,4.12,260.0,59.03,60.1848,0.4571,1.1548,False,118.8511
3552809,Taboão da Serra,SP,Sudeste,49.01,2.0,1426.0,56.7,59.0802,0.0829,2.3802,False,118.278
2402204,Canguaretama,RN,Nordeste,32.26,5.29,247.0,50.93,43.6224,0.4771,-7.3076,True,117.8424
1302306,Jutaí,AM,Norte,30.91,5.38,232.0,50.12,32.0884,0.5062,-18.0316,True,117.4381
3304201,Resende,RJ,Sudeste,72.49,2.82,319.0,72.21,72.7577,0.3679,0.5477,False,117.3513
2930105,Senhor do Bonfim,BA,Nordeste,24.02,3.79,370.0,35.5,31.557,0.3163,-3.943,True,117.0309
2506301,Guarabira,PB,Nordeste,59.62,4.71,191.0,49.72,57.1837,0.6113,7.4637,False,116.7635
1302702,Manicoré,AM,Norte,57.01,5.21,165.0,60.98,51.9754,0.7074,-9.0046,True,116.7142
1300409,Barcelos,AM,Norte,38.22,7.37,136.0,58.82,38.139,0.8574,-20.681,True,116.606
4109807,Ibiporã,PR,Sul,64.91,3.73,256.0,75.39,68.1337,0.4549,-7.2563,True,116.4645
4313375,Nova Santa Rita,RS,Sul,64.88,4.96,148.0,64.69,46.8285,0.7746,-17.8615,True,114.6443
2914000,Ipirá,BA,Nordeste,34.46,4.57,272.0,44.77,30.3688,0.4201,-14.4012,True,114.2698
1200500,Sena Madureira,AC,Norte,64.84,4.41,186.0,67.71,69.6745,0.6092,1.9645,False,113.3153
2900801,Alcobaça,BA,Nordeste,29.6,5.66,176.0,56.52,32.7017,0.6427,-23.8183,True,113.1216
4307807,Estrela,RS,Sul,49.43,6.8,130.0,71.53,47.1031,0.8679,-24.4269,True,112.8293
1100114,Jaru,RO,Norte,64.01,3.99,219.0,68.37,63.3476,0.5147,-5.0224,True,112.7152
4317202,Santa Rosa,RS,Sul,58.94,5.07,159.0,74.76,57.1282,0.7079,-17.6318,True,112.5496
2917706,Jaguarari,BA,Nordeste,40.77,6.31,138.0,45.26,32.5323,0.8082,-12.7277,True,111.5341
3143302,Montes Claros,MG,Sudeste,75.19,1.91,583.0,67.55,77.7716,0.1905,10.2216,False,111.0394
4318804,São Lourenço do Sul,RS,Sul,59.26,5.71,140.0,79.35,54.7087,0.7926,-24.6413,True,110.9607
2109452,Raposa,MA,Nordeste,48.36,4.74,254.0,71.84,49.5068,0.4345,-22.3332,True,110.3753
4302808,Caçapava do Sul,RS,Sul,44.02,7.27,128.0,63.01,41.6708,0.8615,-21.3392,True,110.2735
4307005,Erechim,RS,Sul,45.88,5.3,198.0,67.3,58.261,0.5567,-9.039,True,110.2286
2930501,Serrinha,BA,Nordeste,19.92,3.55,390.0,40.59,27.8539,0.2825,-12.7361,True,110.1929
1503457,Ipixuna do Pará,PA,Norte,42.96,5.39,240.0,52.44,41.1411,0.4581,-11.2989,True,109.9486
5005707,Naviraí,MS,Centro-Oeste,59.86,3.41,356.0,66.68,63.4762,0.304,-3.2038,False,108.2114
3303708,Paraíba do Sul,RJ,Sudeste,51.97,5.3,209.0,59.74,52.0086,0.5167,-7.7314,True,107.9964
2928802,Santo Estêvão,BA,Nordeste,31.86,4.09,340.0,46.98,35.8315,0.3169,-11.1485,True,107.7392
4113304,Laranjeiras do Sul,PR,Sul,68.16,4.6,156.0,74.57,71.2688,0.6905,-3.3012,False,107.7181
3302205,Itaperuna,RJ,Sudeste,65.26,3.6,264.0,72.22,72.5588,0.4062,0.3388,False,107.2375
5002100,Bela Vista,MS,Centro-Oeste,48.18,5.48,191.0,55.41,51.4675,0.559,-3.9425,False,106.7778
2908507,Conceição do Jacuípe,BA,Nordeste,37.5,6.58,130.0,48.3,34.0667,0.8209,-14.2333,True,106.7194
2919504,Livramento de Nossa Senhora,BA,Nordeste,38.06,4.75,249.0,51.48,38.2711,0.4272,-13.2089,True,106.3716
4313060,Nova Hartz,RS,Sul,45.26,6.48,138.0,74.53,53.3306,0.7693,-21.1994,True,106.1623
2913705,Inhambupe,BA,Nordeste,30.13,5.94,160.0,44.36,31.3596,0.6624,-13.0004,True,105.9907
1100106,Guajará-Mirim,RO,Norte,43.07,4.69,274.0,53.95,43.862,0.3855,-10.088,True,105.6288
4304507,Canguçu,RS,Sul,51.68,6.09,132.0,79.79,50.3824,0.7967,-29.4076,True,105.1647
2706703,Penedo,AL,Nordeste,42.23,4.01,385.0,53.29,52.8656,0.2729,-0.4244,False,105.0844
2901007,Amargosa,BA,Nordeste,51.0,6.21,122.0,60.51,44.7293,0.8613,-15.7807,True,105.0802
2104057,Estreito,MA,Nordeste,59.79,4.32,224.0,63.09,59.9813,0.4678,-3.1087,False,104.7945
4308607,Garibaldi,RS,Sul,54.36,6.38,124.0,76.1,53.5376,0.8415,-22.5624,True,104.3403
1600402,Mazagão,AP,Norte,44.21,5.3,220.0,44.27,48.2469,0.4724,3.9769,False,103.9252
4323804,Xangri-lá,RS,Sul,38.1,6.67,150.0,64.4,46.8492,0.692,-17.5508,True,103.7931
4104303,Campo Mourão,PR,Sul,76.77,2.57,282.0,78.3,75.2632,0.3679,-3.0368,True,103.7464
4128203,União da Vitória,PR,Sul,73.17,3.76,168.0,76.47,70.8936,0.6159,-5.5764,True,103.4781
3525904,Jundiaí,SP,Sudeste,70.49,1.52,1137.0,72.61,77.7916,0.0906,5.1816,False,102.9654
4322608,Venâncio Aires,RS,Sul,59.24,5.93,115.0,78.68,58.2005,0.8933,-20.4795,True,102.7242
2910701,Euclides da Cunha,BA,Nordeste,32.37,4.49,282.0,47.32,33.368,0.3637,-13.952,True,102.556
4301636,Balneário Pinhal,RS,Sul,43.64,7.63,117.0,65.43,38.2772,0.8709,-27.1528,True,101.8956
3137601,Lagoa Santa,MG,Sudeste,72.25,3.92,178.0,67.63,69.7841,0.5665,2.1541,False,100.845
2606408,Gravatá,PE,Nordeste,43.11,4.6,265.0,54.32,50.3048,0.3805,-4.0152,False,100.8317
2929206,São Francisco do Conde,BA,Nordeste,25.73,4.63,254.0,44.81,30.6173,0.3957,-14.1927,True,100.5023
2921104,Medeiros Neto,BA,Nordeste,46.9,6.51,120.0,60.77,45.7556,0.8372,-15.0144,True,100.4662
4206504,Guaramirim,SC,Sul,64.09,4.44,256.0,73.35,70.2363,0.3916,-3.1137,False,100.2424
2902104,Araci,BA,Nordeste,24.47,4.63,250.0,35.84,28.2918,0.3996,-7.5482,True,99.9092
1100130,Machadinho D'Oeste,RO,Norte,64.77,4.7,165.0,60.73,64.7048,0.6048,3.9748,False,99.794
3167202,Sete Lagoas,MG,Sudeste,60.35,3.51,349.0,62.22,70.2654,0.2855,8.0454,False,99.6384
2918100,Jeremoabo,BA,Nordeste,29.53,6.44,136.0,42.24,29.8135,0.7318,-12.4265,True,99.5277
2913200,Ibotirama,BA,Nordeste,32.87,5.42,194.0,54.41,28.9849,0.5109,-25.4251,True,99.1173
3124104,Esmeraldas,MG,Sudeste,67.37,3.68,251.0,60.28,66.3073,0.3941,6.0273,False,98.9206
4321204,Taquara,RS,Sul,44.7,5.36,192.0,69.1,48.336,0.5145,-20.764,True,98.789
3200607,Aracruz,ES,Sudeste,74.35,2.44,361.0,73.75,78.5629,0.2726,4.8129,False,98.4251
2925204,Pojuca,BA,Nordeste,51.55,5.74,141.0,66.86,49.3107,0.6964,-17.5493,True,98.1902
3524402,Jacareí,SP,Sudeste,51.48,2.18,1157.0,56.68,63.4791,0.0838,6.7991,False,97.0028
4306601,Dom Pedrito,RS,Sul,43.65,8.79,103.0,64.81,34.4244,0.9351,-30.3856,True,96.3131
1508308,Viseu,PA,Norte,38.2,3.66,475.0,48.28,40.1087,0.2021,-8.1713,True,95.9965
2101707,Barreirinhas,MA,Nordeste,78.52,2.92,169.0,60.01,65.8488,0.5675,5.8388,False,95.9156
4122206,Rio Branco do Sul,PR,Sul,61.34,4.58,188.0,68.02,64.6054,0.5098,-3.4146,False,95.8454
4311809,Marau,RS,Sul,43.57,5.56,205.0,70.88,53.6812,0.4667,-17.1988,True,95.666
3303401,Nova Friburgo,RJ,Sudeste,68.83,2.34,564.0,70.0,69.5502,0.1695,-0.4498,False,95.5846
4310801,Ivoti,RS,Sul,56.85,6.51,107.0,78.17,47.0944,0.893,-31.0756,True,95.5529
1500503,Almeirim,PA,Norte,38.93,5.09,263.0,45.36,39.5908,0.3629,-5.7692,True,95.4507
3306107,Valença,RJ,Sudeste,55.85,3.65,380.0,65.41,57.3871,0.2457,-8.0229,True,93.3728
5005608,Miranda,MS,Centro-Oeste,38.79,4.82,285.0,41.86,42.315,0.3255,0.455,False,92.772
4204301,Concórdia,SC,Sul,75.27,3.14,227.0,77.47,77.3061,0.4084,-0.1639,False,92.6964
2922904,Nova Soure,BA,Nordeste,31.4,5.85,166.0,37.7,31.5022,0.5543,-6.1978,True,92.0135
3304300,Rio Bonito,RJ,Sudeste,57.61,4.25,273.0,63.74,58.7695,0.3365,-4.9705,True,91.8706
5001102,Aquidauana,MS,Centro-Oeste,58.41,3.82,289.0,73.13,63.5623,0.3158,-9.5677,True,91.2645
3526902,Limeira,SP,Sudeste,62.75,1.99,948.0,68.08,73.3297,0.0962,5.2497,False,91.2058
2205508,José de Freitas,PI,Nordeste,42.98,4.57,264.0,59.65,55.7933,0.3439,-3.8567,False,90.7932
3302254,Itatiaia,RJ,Sudeste,67.61,4.96,148.0,69.81,68.8046,0.6123,-1.0054,False,90.6182
3168606,Teófilo Otoni,MG,Sudeste,67.28,4.07,194.0,60.29,70.2997,0.4668,10.0097,False,90.5535
2928901,São Desidério,BA,Nordeste,54.07,5.57,141.0,56.06,52.1209,0.6419,-3.9391,False,90.5056
2903409,Belmonte,BA,Nordeste,33.93,7.16,111.0,49.47,35.6417,0.8118,-13.8283,True,90.1144
2901908,Aporá,BA,Nordeste,16.52,4.8,192.0,33.23,27.7139,0.4687,-5.5161,True,89.9896
3506359,Bertioga,SP,Sudeste,69.58,2.92,319.0,62.95,79.1419,0.2817,16.1919,False,89.8711
4305355,Charqueadas,RS,Sul,51.34,6.26,127.0,68.99,52.0665,0.7074,-16.9235,True,89.8386
2902807,Barra da Estiva,BA,Nordeste,47.17,6.01,140.0,58.1,40.094,0.6392,-18.006,True,89.4911
3205101,Viana,ES,Sudeste,68.8,2.78,369.0,73.22,78.1904,0.2423,4.9704,False,89.4168
5103254,Colniza,MT,Centro-Oeste,69.18,4.54,136.0,53.92,69.7478,0.6555,15.8278,False,89.1431
1500859,Anapu,PA,Norte,48.43,5.51,212.0,58.92,49.931,0.4204,-8.989,True,89.1299
3306206,Vassouras,RJ,Sudeste,60.33,5.2,161.0,70.09,63.9305,0.5533,-6.1595,True,89.0761
3131703,Itabira,MG,Sudeste,68.15,3.21,298.0,64.62,70.4036,0.2973,5.7836,False,88.5825
1506187,Rondon do Pará,PA,Norte,68.81,4.76,137.0,66.61,70.6504,0.6453,4.0404,False,88.4094
2103406,Coelho Neto,MA,Nordeste,76.13,4.04,115.0,66.85,65.89,0.7661,-0.96,False,88.0974
4306403,Dois Irmãos,RS,Sul,56.93,5.9,124.0,78.9,55.0953,0.7093,-23.8047,True,87.9588
2106326,Maracaçumé,MA,Nordeste,41.66,5.47,201.0,65.14,45.0902,0.4371,-20.0498,True,87.8648
2110005,Santa Luzia,MA,Nordeste,58.79,3.68,316.0,62.78,57.6702,0.2753,-5.1098,True,86.9835
5102504,Cáceres,MT,Centro-Oeste,51.26,3.06,560.0,58.07,63.4245,0.1548,5.3545,False,86.6684
1505650,Placas,PA,Norte,55.74,7.51,117.0,60.41,55.9106,0.7369,-4.4994,False,86.2151
2920502,Maracás,BA,Nordeste,43.58,7.26,101.0,61.46,44.8833,0.8533,-16.5767,True,86.1865
4115705,Matinhos,PR,Sul,63.15,4.35,222.0,73.39,66.7845,0.3873,-6.6055,True,85.9738
3549904,São José dos Campos,SP,Sudeste,64.75,1.27,2118.0,64.8,76.7051,0.0405,11.9051,False,85.769
2802809,Indiaroba,SE,Nordeste,34.3,6.06,158.0,51.41,37.602,0.5341,-13.808,True,84.3827
4317400,Santiago,RS,Sul,61.15,6.07,110.0,75.04,56.5367,0.7646,-18.5033,True,84.1069
1506195,Rurópolis,PA,Norte,54.75,5.48,172.0,65.15,57.6791,0.4869,-7.4709,True,83.7488
1100809,Candeias do Jamari,RO,Norte,51.63,5.17,210.0,59.06,51.5527,0.3987,-7.5073,True,83.7359
3510500,Caraguatatuba,SP,Sudeste,58.19,2.5,707.0,62.72,73.0119,0.1177,10.2919,False,83.2382
2906907,Caravelas,BA,Nordeste,49.78,6.53,113.0,53.33,38.2119,0.7364,-15.1181,True,83.2102
2605202,Escada,PE,Nordeste,30.48,4.47,296.0,62.84,34.1505,0.2808,-28.6895,True,83.111
3170701,Varginha,MG,Sudeste,71.53,2.79,329.0,60.24,77.3047,0.2524,17.0647,False,83.0272
2932200,Ubaitaba,BA,Nordeste,31.13,7.39,104.0,44.61,32.0925,0.7982,-12.5175,True,83.0126
2908101,Cocos,BA,Nordeste,51.69,6.81,100.0,58.82,45.1399,0.8273,-13.6801,True,82.7334
3513801,Diadema,SP,Sudeste,48.02,2.13,1252.0,53.31,60.0797,0.066,6.7697,False,82.6857
2907806,Cícero Dantas,BA,Nordeste,36.54,7.56,99.0,45.57,37.0782,0.8274,-8.4918,True,81.9084
2609402,Moreno,PE,Nordeste,43.94,4.96,225.0,62.08,51.7361,0.3639,-10.3439,True,81.8758
1302405,Lábrea,AM,Norte,66.9,5.21,125.0,69.37,59.6036,0.6545,-9.7664,True,81.8175
1303106,Nova Olinda do Norte,AM,Norte,32.8,6.53,179.0,60.73,38.3847,0.4567,-22.3453,True,81.7514
2407807,Monte Alegre,RN,Nordeste,50.97,6.8,117.0,65.96,55.2864,0.6916,-10.6736,True,80.9185
5101704,Barra do Bugres,MT,Centro-Oeste,72.79,4.31,119.0,60.4,72.0557,0.6793,11.6557,False,80.8409
2103505,Colinas,MA,Nordeste,49.9,4.97,213.0,66.17,52.4732,0.3795,-13.6968,True,80.8248
1502939,Dom Eliseu,PA,Norte,69.24,4.02,170.0,66.05,68.841,0.4736,2.791,False,80.507
4112009,Jaguariaíva,PR,Sul,79.15,3.82,104.0,80.0,75.8675,0.7727,-4.1325,True,80.3574
3101706,Almenara,MG,Sudeste,55.07,4.85,210.0,52.09,63.8492,0.3826,11.7592,False,80.3469
2923803,Paripiranga,BA,Nordeste,39.8,6.85,118.0,61.04,36.1196,0.6799,-24.9204,True,80.2267
2902906,Barra do Choça,BA,Nordeste,30.6,4.09,338.0,49.7,35.413,0.2371,-14.287,True,80.1536
1303569,Rio Preto da Eva,AM,Norte,46.74,5.21,235.0,49.09,44.8672,0.3389,-4.2228,False,79.6402
2911709,Guanambi,BA,Nordeste,46.39,3.51,416.0,58.8,41.9266,0.1901,-16.8734,True,79.0987
4317301,Santa Vitória do Palmar,RS,Sul,45.61,7.65,111.0,63.84,48.9555,0.7119,-14.8845,True,79.0156
4202800,Braço do Norte,SC,Sul,59.36,6.08,139.0,66.93,60.0461,0.5678,-6.8839,True,78.9227
4105508,Cianorte,PR,Sul,74.95,2.85,240.0,79.69,77.4745,0.3288,-2.2155,False,78.9143
2105500,João Lisboa,MA,Nordeste,55.83,6.28,124.0,48.88,53.2581,0.6352,4.3781,False,78.765
1300508,Barreirinha,AM,Norte,24.41,4.87,252.0,44.54,32.2144,0.3124,-12.3256,True,78.7194
2201200,Barras,PI,Nordeste,60.13,4.07,228.0,63.62,64.6503,0.3433,1.0303,False,78.274
4106407,Cornélio Procópio,PR,Sul,73.22,4.47,118.0,77.74,75.2721,0.6631,-2.4679,False,78.2416
1304237,Tonantins,AM,Norte,30.03,5.22,221.0,56.94,30.4953,0.354,-26.4447,True,78.2341
1702109,Araguaína,TO,Norte,50.52,2.22,1119.0,49.19,60.139,0.0699,10.949,False,78.1701
3507605,Bragança Paulista,SP,Sudeste,53.36,2.6,768.0,61.15,65.0044,0.1015,3.8544,False,77.9519
4218707,Tubarão,SC,Sul,68.25,4.74,160.0,73.35,68.2974,0.486,-5.0526,True,77.7656
2112456,Turilândia,MA,Nordeste,49.67,6.35,139.0,64.13,53.5762,0.5588,-10.5538,True,77.675
5005004,Jardim,MS,Centro-Oeste,53.85,5.2,199.0,49.07,58.6136,0.3901,9.5436,False,77.6318
4219705,Xaxim,SC,Sul,59.49,4.81,212.0,70.88,68.9749,0.3659,-1.9051,False,77.5634
1504000,Limoeiro do Ajuru,PA,Norte,47.82,6.15,158.0,58.14,53.5232,0.4902,-4.6168,False,77.4573
2911204,Gandu,BA,Nordeste,47.2,6.69,113.0,47.47,38.6074,0.6841,-8.8626,True,77.2986
2402006,Caicó,RN,Nordeste,44.58,6.32,174.0,49.31,46.3798,0.4408,-2.9302,False,76.7045
2929255,São Gabriel,BA,Nordeste,33.54,7.36,105.0,47.41,32.8674,0.7288,-14.5426,True,76.5235
1302553,Manaquiri,AM,Norte,20.55,5.71,188.0,57.7,35.6794,0.4057,-22.0206,True,76.2733
2503704,Cajazeiras,PB,Nordeste,50.91,4.72,237.0,60.92,63.7198,0.3214,2.7998,False,76.1835
2603009,Cabrobó,PE,Nordeste,61.22,7.83,133.0,71.96,56.2668,0.5726,-15.6932,True,76.1598
3542602,Registro,SP,Sudeste,63.81,4.18,204.0,61.35,75.9056,0.3733,14.5556,False,76.1581
4215000,Rio Negrinho,SC,Sul,66.95,4.39,180.0,66.59,69.5083,0.4221,2.9183,False,75.9705
1504455,Medicilândia,PA,Norte,48.43,5.77,202.0,59.08,49.2679,0.376,-9.8121,True,75.9509
2503001,Caaporã,PB,Nordeste,29.82,5.76,186.0,50.99,43.8842,0.4071,-7.1058,True,75.7284
2614501,Surubim,PE,Nordeste,58.71,5.77,133.0,63.44,56.7938,0.5678,-6.6462,True,75.5203
1301001,Carauari,AM,Norte,49.2,6.94,119.0,57.96,51.0699,0.6331,-6.8901,False,75.3437
2414407,Touros,RN,Nordeste,38.34,6.02,196.0,40.12,41.1053,0.3835,0.9853,False,75.1618
4205803,Garuva,SC,Sul,66.72,6.29,109.0,62.97,66.6246,0.6891,3.6546,False,75.1115
2601201,Arcoverde,PE,Nordeste,70.04,3.48,207.0,66.19,63.9275,0.361,-2.2625,False,74.7322
3304755,São Francisco de Itabapoana,RJ,Sudeste,47.46,4.47,292.0,55.22,50.7014,0.254,-4.5186,True,74.1811
4119608,Pitanga,PR,Sul,73.42,4.64,102.0,75.14,72.9166,0.7265,-2.2234,False,74.1067
1505486,Pacajá,PA,Norte,45.5,4.39,329.0,50.64,50.779,0.2252,0.139,False,74.0892
4215703,Santo Amaro da Imperatriz,SC,Sul,60.44,6.71,117.0,65.3,65.6859,0.6314,0.3859,False,73.8696
2915205,Itagibá,BA,Nordeste,44.21,7.06,106.0,50.34,37.7968,0.6963,-12.5432,True,73.8052
4306908,Encruzilhada do Sul,RS,Sul,39.44,9.58,81.0,69.06,40.5058,0.9092,-28.5542,True,73.643
2708006,Santana do Ipanema,AL,Nordeste,44.17,4.3,293.0,48.68,44.5226,0.251,-4.1574,False,73.5439
2906808,Cansanção,BA,Nordeste,23.19,4.54,255.0,44.53,28.6597,0.2883,-15.8703,True,73.516
2105005,Humberto de Campos,MA,Nordeste,59.23,5.28,147.0,67.55,59.031,0.4989,-8.519,True,73.341
4119954,Pontal do Paraná,PR,Sul,61.29,4.85,185.0,73.93,64.5133,0.3948,-9.4167,True,73.0354
3130101,Igarapé,MG,Sudeste,73.83,3.76,157.0,61.05,72.0185,0.465,10.9685,False,73.0006
2914901,Itacaré,BA,Nordeste,31.19,6.15,150.0,46.71,29.7724,0.4855,-16.9376,True,72.8176
5107925,Sorriso,MT,Centro-Oeste,81.05,1.88,369.0,79.35,80.5857,0.1966,1.2357,False,72.5528
1303205,Novo Airão,AM,Norte,57.08,6.98,104.0,77.11,54.0485,0.6975,-23.0615,True,72.5438
4111258,Itaperuçu,PR,Sul,52.49,4.68,234.0,64.13,54.666,0.3093,-9.464,True,72.3839
4308201,Flores da Cunha,RS,Sul,59.56,6.6,95.0,79.3,59.6307,0.7594,-19.6693,True,72.1447
4111803,Jacarezinho,PR,Sul,47.69,5.37,228.0,63.25,52.0298,0.3157,-11.2202,True,71.9909
4104659,Carambeí,PR,Sul,69.2,5.16,109.0,76.57,65.4264,0.6573,-11.1436,True,71.6501
4104907,Castro,PR,Sul,74.56,2.86,254.0,76.0,75.8722,0.282,-0.1278,False,71.6386
3201209,Cachoeiro de Itapemirim,ES,Sudeste,71.69,2.1,570.0,70.01,77.3312,0.1256,7.3212,False,71.6065
1507904,Soure,PA,Norte,52.4,4.93,200.0,68.33,54.8575,0.3575,-13.4725,True,71.4954
3506003,Bauru,SP,Sudeste,50.56,2.78,723.0,55.39,60.1578,0.0984,4.7678,False,71.169
5101803,Barra do Garças,MT,Centro-Oeste,68.33,3.55,232.0,67.28,75.428,0.3058,8.148,False,70.9563
5008305,Três Lagoas,MS,Centro-Oeste,82.99,1.82,279.0,73.04,81.2535,0.254,8.2135,False,70.8545
2704708,Marechal Deodoro,AL,Nordeste,46.22,3.33,500.0,53.1,49.0661,0.1412,-4.0339,True,70.6094
2104677,Governador Nunes Freire,MA,Nordeste,60.92,5.75,127.0,77.35,55.8269,0.5528,-21.5231,True,70.2095
4207502,Indaial,SC,Sul,67.83,3.57,261.0,63.3,74.2058,0.268,10.9058,False,69.9513
2608800,Lajedo,PE,Nordeste,57.42,4.81,183.0,58.19,52.0649,0.3822,-6.1251,True,69.9493
3138203,Lavras,MG,Sudeste,67.11,3.46,281.0,64.0,74.8667,0.2489,10.8667,False,69.9294
1501204,Baião,PA,Norte,38.15,5.9,187.0,42.66,45.7071,0.3703,3.0471,False,69.2419
1505437,Ourilândia do Norte,PA,Norte,53.13,4.76,227.0,58.86,56.6018,0.3027,-2.2582,False,68.7177
4114302,Mandirituba,PR,Sul,64.5,5.19,135.0,79.56,65.4794,0.509,-14.0806,True,68.7134
2932507,Una,BA,Nordeste,58.16,6.91,82.0,51.08,48.0775,0.8377,-3.0025,False,68.6947
2804508,Nossa Senhora da Glória,SE,Nordeste,31.26,5.14,229.0,44.41,42.2257,0.2973,-2.1843,False,68.0882
2907509,Catu,BA,Nordeste,39.39,6.3,140.0,55.19,36.5028,0.486,-18.6872,True,68.0384
2905602,Camacan,BA,Nordeste,24.61,6.11,144.0,48.06,27.6489,0.4716,-20.4111,True,67.9147
2925253,Ponto Novo,BA,Nordeste,36.99,7.19,109.0,38.69,39.4422,0.6219,0.7522,False,67.7883
1101492,São Francisco do Guaporé,RO,Norte,63.01,5.84,111.0,70.33,64.1888,0.6099,-6.1412,True,67.7033
1502954,Eldorado do Carajás,PA,Norte,50.59,5.93,169.0,61.74,56.3907,0.3999,-5.3493,False,67.5805
3523909,Itu,SP,Sudeste,61.67,2.41,683.0,69.98,75.4519,0.098,5.4719,False,66.9346
4318507,São José do Norte,RS,Sul,38.45,7.09,135.0,62.43,48.8849,0.4957,-13.5451,True,66.9186
2111508,São Mateus do Maranhão,MA,Nordeste,66.15,4.37,167.0,69.52,60.704,0.3996,-8.816,True,66.7378
2911808,Guaratinga,BA,Nordeste,22.64,6.51,123.0,38.24,26.8644,0.5406,-11.3756,True,66.4954
4120903,Quedas do Iguaçu,PR,Sul,62.11,4.61,185.0,74.27,67.3189,0.3591,-6.9511,True,66.4322
2707107,Piranhas,AL,Nordeste,25.07,4.41,303.0,40.17,37.667,0.2179,-2.503,False,66.0172
3205010,Sooretama,ES,Sudeste,70.82,4.33,137.0,71.27,69.0256,0.4815,-2.2444,False,65.9592
1502756,Concórdia do Pará,PA,Norte,54.23,6.2,140.0,53.12,52.2618,0.4709,-0.8582,False,65.9234
1501105,Bagre,PA,Norte,53.33,5.9,139.0,57.48,53.0252,0.4736,-4.4548,False,65.8329
2500304,Alagoa Grande,PB,Nordeste,28.47,5.03,267.0,45.86,42.4904,0.246,-3.3696,False,65.6848
1500701,Anajás,PA,Norte,33.85,5.05,271.0,42.04,38.1542,0.2423,-3.8858,False,65.6731
3539806,Poá,SP,Sudeste,51.72,2.9,659.0,62.8,62.002,0.0996,-0.798,False,65.6224
2108702,Pio XII,MA,Nordeste,63.62,6.4,90.0,40.27,57.862,0.7291,17.592,False,65.6165
3162104,São Gotardo,MG,Sudeste,75.49,3.81,138.0,61.85,77.2623,0.4733,15.4123,False,65.322
4114807,Marialva,PR,Sul,73.09,3.92,155.0,75.31,73.1165,0.4209,-2.1935,False,65.2394
4319505,São Sebastião do Caí,RS,Sul,37.05,8.46,93.0,64.97,43.9644,0.7006,-21.0056,True,65.1577
1503077,Garrafão do Norte,PA,Norte,32.89,5.04,270.0,51.13,41.016,0.2413,-10.114,True,65.1398
2208007,Picos,PI,Nordeste,54.92,4.27,265.0,61.79,64.3613,0.2456,2.5713,False,65.0957
2911105,Formosa do Rio Preto,BA,Nordeste,28.21,5.77,168.0,35.22,36.3306,0.3868,1.1106,False,64.9848
5003157,Coronel Sapucaia,MS,Centro-Oeste,60.76,5.22,143.0,79.28,64.6482,0.4523,-14.6318,True,64.6806
2906709,Cândido Sales,BA,Nordeste,30.86,7.11,112.0,51.24,32.403,0.5769,-18.837,True,64.6149
1300144,Apuí,AM,Norte,49.25,8.2,94.0,64.37,49.3696,0.6873,-15.0004,True,64.6037
4301008,Arroio do Meio,RS,Sul,63.64,7.34,69.0,80.0,56.0476,0.9341,-23.9524,True,64.4521
3202405,Guarapari,ES,Sudeste,75.99,2.19,405.0,74.35,80.7751,0.1583,6.4251,False,64.1035
2113009,Vitorino Freire,MA,Nordeste,73.11,5.49,79.0,60.49,61.4834,0.8051,0.9934,False,63.602
1500958,Aurora do Pará,PA,Norte,55.55,6.67,108.0,48.03,56.716,0.5882,8.686,False,63.5285
2921500,Monte Santo,BA,Nordeste,27.49,5.52,182.0,45.54,30.1109,0.3484,-15.4291,True,63.4121
2104552,Governador Edison Lobão,MA,Nordeste,67.47,5.26,109.0,80.0,61.4006,0.5814,-18.5994,True,63.3702
2928208,Santana,BA,Nordeste,38.7,6.29,141.0,44.72,36.8641,0.4494,-7.8559,True,63.3627
2921005,Mata de São João,BA,Nordeste,56.92,3.85,274.0,62.5,53.7598,0.2312,-8.7402,True,63.35
2933505,Wenceslau Guimarães,BA,Nordeste,31.17,7.32,106.0,51.45,32.2255,0.5965,-19.2245,True,63.2269
4300877,Araricá,RS,Sul,43.45,9.78,74.0,76.98,41.9121,0.8523,-35.0679,True,63.0684
2926301,Riachão do Jacuípe,BA,Nordeste,38.37,7.27,106.0,51.47,39.2215,0.5937,-12.2485,True,62.9344
2100303,Aldeias Altas,MA,Nordeste,45.37,6.75,140.0,71.73,50.9028,0.4479,-20.8272,True,62.7122
2909307,Correntina,BA,Nordeste,26.64,5.92,157.0,50.18,35.2117,0.3968,-14.9683,True,62.3044
3148004,Patos de Minas,MG,Sudeste,76.89,3.95,116.0,72.56,80.258,0.537,7.698,False,62.297
5201108,Anápolis,GO,Centro-Oeste,73.24,1.48,1046.0,74.61,82.424,0.0595,7.814,False,62.2778
4208807,Jaguaruna,SC,Sul,56.28,6.92,132.0,54.42,62.7306,0.4712,8.3106,False,62.2041
5005400,Maracaju,MS,Centro-Oeste,46.57,3.88,413.0,53.12,52.2644,0.15,-0.8556,False,61.9697
4203600,Campos Novos,SC,Sul,64.78,6.19,114.0,69.34,68.3085,0.543,-1.0315,False,61.9072
3120904,Curvelo,MG,Sudeste,71.71,3.45,222.0,70.03,72.6906,0.2787,2.6606,False,61.863
2903508,Belo Campo,BA,Nordeste,33.06,8.28,83.0,58.11,34.4645,0.7447,-23.6455,True,61.8126
2105708,Lago da Pedra,MA,Nordeste,79.38,3.95,92.0,80.0,69.6824,0.6694,-10.3176,True,61.5858
2803203,Itaporanga d'Ajuda,SE,Nordeste,39.49,5.22,240.0,39.77,46.5904,0.2563,6.8204,False,61.5032
2501302,Aroeiras,PB,Nordeste,44.45,6.86,122.0,71.77,53.9565,0.5031,-17.8135,True,61.3799
1200013,Acrelândia,AC,Norte,59.7,7.22,94.0,63.6,55.9824,0.6525,-7.6176,True,61.3375
2305506,Iguatu,CE,Nordeste,63.35,3.47,276.0,64.21,66.0537,0.2217,1.8437,False,61.1968
3162922,São Joaquim de Bicas,MG,Sudeste,82.13,3.68,88.0,58.52,75.5711,0.6943,17.0511,False,61.1005
2906303,Canavieiras,BA,Nordeste,28.68,5.37,194.0,43.93,28.9017,0.3143,-15.0283,True,60.9676
1100189,Pimenta Bueno,RO,Norte,81.06,3.62,100.0,72.95,73.0609,0.607,0.1109,False,60.7017
4101606,Arapoti,PR,Sul,67.63,5.01,123.0,76.8,67.6841,0.4928,-9.1159,True,60.6085
1303809,São Gabriel da Cachoeira,AM,Norte,31.6,4.93,253.0,50.01,37.3907,0.2395,-12.6193,True,60.5958
3304003,Piraí,RJ,Sudeste,60.44,5.84,131.0,65.7,59.9649,0.4615,-5.7351,False,60.4606
4320107,Sarandi,RS,Sul,47.72,7.79,103.0,74.12,51.4372,0.5861,-22.6828,True,60.3719
2914604,Irecê,BA,Nordeste,46.83,3.99,319.0,54.14,46.5676,0.1892,-7.5724,True,60.3591
4114104,Mandaguaçu,PR,Sul,62.29,5.18,142.0,66.6,64.1361,0.425,-2.4639,False,60.3518
3509205,Cajamar,SP,Sudeste,53.17,3.16,520.0,60.4,67.441,0.1149,7.041,False,59.729
2206209,Miguel Alves,PI,Nordeste,60.78,5.29,136.0,51.94,66.979,0.4385,15.039,False,59.6348
3515707,Ferraz de Vasconcelos,SP,Sudeste,65.07,2.12,723.0,61.63,72.7931,0.0824,11.1631,False,59.5516
2932705,Uruçuca,BA,Nordeste,26.42,6.85,117.0,44.8,28.5251,0.5072,-16.2749,True,59.3415
4113205,Lapa,PR,Sul,74.83,3.82,142.0,80.0,73.822,0.4175,-6.178,True,59.286
2205706,Luís Correia,PI,Nordeste,51.61,5.62,158.0,67.87,54.2154,0.375,-13.6546,True,59.245
4114609,Marechal Cândido Rondon,PR,Sul,76.43,3.25,177.0,76.71,76.0871,0.3341,-0.6229,False,59.144
4115804,Medianeira,PR,Sul,79.1,3.13,159.0,79.45,77.5945,0.3719,-1.8555,False,59.1377
2923605,Paramirim,BA,Nordeste,48.94,8.25,72.0,57.62,38.3104,0.8208,-19.3096,True,59.0951
1200609,Tarauacá,AC,Norte,45.18,4.4,317.0,51.74,53.254,0.1863,1.514,False,59.0491
2706448,Paripueira,AL,Nordeste,35.8,6.17,150.0,62.1,35.7888,0.3929,-26.3112,True,58.9343
2912103,Ibicaraí,BA,Nordeste,37.95,7.38,103.0,45.54,37.5161,0.572,-8.0239,True,58.9161
3522109,Itanhaém,SP,Sudeste,48.05,2.75,802.0,62.72,63.3958,0.0734,0.6758,False,58.9037
2916104,Itaparica,BA,Nordeste,28.57,6.11,150.0,51.35,31.1929,0.392,-20.1571,True,58.8011
5106422,Peixoto de Azevedo,MT,Centro-Oeste,41.78,4.56,303.0,49.67,51.6958,0.1939,2.0258,False,58.7439
2907301,Castro Alves,BA,Nordeste,30.54,6.34,141.0,55.58,33.6435,0.4156,-21.9365,True,58.596
4108809,Guaíra,PR,Sul,69.54,4.66,135.0,68.64,69.2161,0.4333,0.5761,False,58.4926
2109270,Presidente Sarney,MA,Nordeste,39.62,6.5,162.0,68.35,49.1141,0.3606,-19.2359,True,58.4184
4317608,Santo Antônio da Patrulha,RS,Sul,61.66,7.21,74.0,78.11,51.9015,0.7892,-26.2085,True,58.403
4304200,Candelária,RS,Sul,53.17,7.26,93.0,76.76,54.9561,0.6271,-21.8039,True,58.316
4204806,Curitibanos,SC,Sul,53.48,6.49,152.0,58.78,54.805,0.3826,-3.975,False,58.1615
1303304,Novo Aripuanã,AM,Norte,51.01,8.95,78.0,80.0,42.3501,0.7361,-37.6499,True,57.4185
2800506,Areia Branca,SE,Nordeste,44.82,8.06,92.0,42.28,43.4213,0.624,1.1413,False,57.4095
2708600,São Miguel dos Campos,AL,Nordeste,57.18,4.11,261.0,59.83,61.241,0.2196,1.411,False,57.3106
4302709,Butiá,RS,Sul,44.75,9.18,87.0,60.63,40.2132,0.6583,-20.4168,True,57.2695
2408003,Mossoró,RN,Nordeste,45.41,3.08,696.0,51.21,44.7957,0.0821,-6.4143,True,57.1071
4104253,Campo Magro,PR,Sul,57.97,5.22,167.0,66.39,61.8826,0.3412,-4.5074,False,56.9766
1709005,Goiatins,TO,Norte,38.47,8.51,101.0,27.07,42.7786,0.5631,15.7086,False,56.8774
2109502,Riachão,MA,Nordeste,51.85,5.86,149.0,57.28,57.4701,0.3808,0.1901,False,56.7358
4124103,Santo Antônio da Platina,PR,Sul,55.04,4.16,286.0,66.77,59.9281,0.1984,-6.8419,True,56.735
2108256,Pedro do Rosário,MA,Nordeste,57.9,7.06,89.0,70.35,54.8437,0.6347,-15.5063,True,56.4881
4313656,Palmares do Sul,RS,Sul,45.16,10.46,70.0,62.15,41.904,0.8062,-20.246,True,56.4323
5006903,Porto Murtinho,MS,Centro-Oeste,67.44,6.17,86.0,45.19,66.8473,0.6548,21.6573,False,56.3129
3139409,Manhuaçu,MG,Sudeste,71.74,4.01,155.0,58.68,72.6206,0.362,13.9406,False,56.1146
2506806,Ingá,PB,Nordeste,47.24,8.71,83.0,64.71,42.823,0.6759,-21.887,True,56.1026
3300233,Armação dos Búzios,RJ,Sudeste,68.55,3.65,248.0,71.27,72.9521,0.2261,1.6821,False,56.0719
2920601,Maragogipe,BA,Nordeste,54.49,7.55,76.0,58.0,44.772,0.7359,-13.228,True,55.9277
3510609,Carapicuíba,SP,Sudeste,44.8,3.32,593.0,56.43,53.1491,0.0943,-3.2809,False,55.9231
5004502,Itaporã,MS,Centro-Oeste,57.3,6.71,105.0,72.48,65.8421,0.5321,-6.6379,False,55.8753
1503044,Floresta do Araguaia,PA,Norte,67.36,6.09,84.0,58.23,69.2973,0.6632,11.0673,False,55.7084
2912905,Ibirataia,BA,Nordeste,37.44,6.79,122.0,47.09,34.6128,0.4563,-12.4772,True,55.663
1508357,Vitória do Xingu,PA,Norte,70.14,5.51,89.0,66.91,67.8588,0.6244,0.9488,False,55.5702
2909703,Cristópolis,BA,Nordeste,43.75,8.1,81.0,55.94,40.0043,0.6855,-15.9357,True,55.5271
4322707,Vera Cruz,RS,Sul,41.85,7.55,101.0,70.78,47.9931,0.5473,-22.7869,True,55.2741
4320909,Tapejara,RS,Sul,46.23,5.76,164.0,72.93,50.243,0.3369,-22.687,True,55.2559
1301308,Codajás,AM,Norte,40.59,7.42,118.0,55.33,47.032,0.4659,-8.298,True,54.9738
4117701,Palmeira,PR,Sul,65.93,4.73,147.0,74.23,70.8045,0.3737,-3.4255,False,54.9267
3152808,Prata,MG,Sudeste,50.5,5.4,190.0,63.42,63.8536,0.288,0.4336,False,54.7146
4321451,Teutônia,RS,Sul,62.87,6.66,75.0,80.0,58.6806,0.7277,-21.3194,True,54.5776
1100288,Rolim de Moura,RO,Norte,75.19,3.44,166.0,72.34,80.4029,0.324,8.0629,False,53.7917
2509107,Mari,PB,Nordeste,70.05,6.62,66.0,51.15,55.2166,0.8142,4.0666,False,53.7368
3161106,São Francisco,MG,Sudeste,58.24,5.13,162.0,57.15,67.6111,0.3314,10.4611,False,53.6795
3135050,Jaíba,MG,Sudeste,63.5,7.92,77.0,54.72,61.4083,0.6959,6.6883,False,53.583
2917805,Jaguaripe,BA,Nordeste,46.85,8.18,76.0,41.18,42.926,0.7042,1.746,False,53.5205
2112407,Turiaçu,MA,Nordeste,64.42,5.52,114.0,53.01,59.3813,0.4664,6.3713,False,53.1691
2907004,Cardeal da Silva,BA,Nordeste,33.04,8.6,77.0,41.91,28.3226,0.6897,-13.5874,True,53.1095
2913903,Ipiaú,BA,Nordeste,25.15,4.71,244.0,47.77,30.8641,0.2174,-16.9059,True,53.0549
5000609,Amambai,MS,Centro-Oeste,69.72,4.57,131.0,54.14,70.1181,0.4043,15.9781,False,52.9673
2932101,Ubaíra,BA,Nordeste,38.93,8.35,80.0,57.97,37.7583,0.6615,-20.2117,True,52.9177
1100452,Buritis,RO,Norte,72.3,4.21,134.0,59.65,67.8687,0.3945,8.2187,False,52.8571
2516201,Sousa,PB,Nordeste,66.52,4.16,187.0,55.67,73.8206,0.2826,18.1506,False,52.8526
2907103,Carinhanha,BA,Nordeste,31.96,5.14,215.0,43.56,27.5292,0.2442,-16.0308,True,52.5103
1505700,Ponta de Pedras,PA,Norte,57.12,6.23,112.0,51.69,61.3485,0.4668,9.6585,False,52.2866
2705705,Olho d'Água das Flores,AL,Nordeste,45.45,5.88,156.0,52.75,47.3908,0.3344,-5.3592,False,52.1693
2800670,Boquim,SE,Nordeste,33.03,7.77,118.0,38.3,38.6098,0.4408,0.3098,False,52.0132
2918357,João Dourado,BA,Nordeste,53.15,6.14,119.0,48.56,46.6637,0.4368,-1.8963,False,51.981
4215802,São Bento do Sul,SC,Sul,76.74,3.42,197.0,75.22,77.37,0.2639,2.15,False,51.9799
3117306,Conceição das Alagoas,MG,Sudeste,58.64,5.49,147.0,63.42,67.6349,0.3532,4.2149,False,51.9162
2806701,São Cristóvão,SE,Nordeste,68.52,3.42,253.0,63.75,73.1651,0.2052,9.4151,False,51.9084
2208403,Piripiri,PI,Nordeste,54.6,3.62,338.0,47.39,61.1859,0.1534,13.7959,False,51.8645
2704500,Maragogi,AL,Nordeste,45.61,4.85,236.0,46.77,54.387,0.2187,7.617,False,51.6048
5006002,Nova Alvorada do Sul,MS,Centro-Oeste,56.52,5.04,172.0,50.57,56.9723,0.3,6.4023,False,51.6029
2516102,Soledade,PB,Nordeste,47.25,9.34,74.0,47.67,48.8391,0.6961,1.1691,False,51.5113
2702900,Girau do Ponciano,AL,Nordeste,39.96,4.84,252.0,49.42,45.6294,0.2035,-3.7906,False,51.273
3516200,Franca,SP,Sudeste,64.54,2.02,835.0,64.99,79.0672,0.0614,14.0772,False,51.2663
2112308,Tuntum,MA,Nordeste,66.44,5.36,107.0,51.86,57.235,0.4791,5.375,False,51.2597
3146107,Ouro Preto,MG,Sudeste,71.35,4.66,124.0,63.49,72.5756,0.4132,9.0856,False,51.2368
2927507,Santa Bárbara,BA,Nordeste,31.58,7.9,91.0,36.59,30.8079,0.5629,-5.7821,False,51.2276
2404606,Ielmo Marinho,RN,Nordeste,30.12,8.49,100.0,53.6,40.1341,0.511,-13.4659,True,51.1006
1100155,Ouro Preto do Oeste,RO,Norte,66.41,4.89,132.0,74.74,69.5336,0.3871,-5.2064,True,51.0975
1508209,Vigia,PA,Norte,37.72,4.52,333.0,44.6,45.8989,0.1534,1.2989,False,51.093
2923357,Ourolândia,BA,Nordeste,34.04,7.82,93.0,38.2,29.9317,0.5487,-8.2683,True,51.0331
3151206,Pirapora,MG,Sudeste,69.83,4.04,177.0,59.44,65.5778,0.2883,6.1378,False,51.0293
2202000,Buriti dos Lopes,PI,Nordeste,61.68,5.52,116.0,53.76,61.2476,0.4399,7.4876,False,51.025
2103703,Cururupu,MA,Nordeste,66.32,5.61,100.0,70.36,57.5,0.5098,-12.86,True,50.9786
5221858,Valparaíso de Goiás,GO,Centro-Oeste,64.23,2.07,848.0,64.3,72.5949,0.06,8.2949,False,50.8694
3538709,Piracicaba,SP,Sudeste,55.11,1.77,1536.0,62.99,66.2284,0.0331,3.2384,False,50.8416
2508604,Lucena,PB,Nordeste,45.0,7.42,115.0,57.83,52.9583,0.4419,-4.8717,False,50.8136
1301654,Guajará,AM,Norte,54.67,7.8,89.0,67.73,55.1119,0.57,-12.6181,True,50.729
5106224,Nova Mutum,MT,Centro-Oeste,74.86,2.87,246.0,69.28,76.9588,0.2058,7.6788,False,50.6229
2610608,Paudalho,PE,Nordeste,66.03,4.09,187.0,68.48,62.3688,0.2702,-6.1112,True,50.524
3538006,Pindamonhangaba,SP,Sudeste,63.8,2.56,592.0,62.84,74.3819,0.0853,11.5419,False,50.4716
2100600,Amarante do Maranhão,MA,Nordeste,41.32,5.5,206.0,56.73,45.9809,0.2448,-10.7491,True,50.4272
2604601,Condado,PE,Nordeste,43.25,6.82,119.0,56.69,47.5613,0.4237,-9.1287,True,50.4147
1507805,Senador José Porfírio,PA,Norte,35.91,5.22,261.0,47.44,43.4077,0.1929,-4.0323,False,50.3592
2932002,Uauá,BA,Nordeste,40.28,6.54,129.0,56.24,35.9508,0.3902,-20.2892,True,50.3297
3152501,Pouso Alegre,MG,Sudeste,70.54,3.2,260.0,65.78,76.2307,0.1935,10.4507,False,50.3171
2908606,Conde,BA,Nordeste,28.14,6.82,120.0,53.1,27.5191,0.4187,-25.5809,True,50.2478
1301803,Ipixuna,AM,Norte,63.27,6.66,94.0,66.47,64.6026,0.5334,-1.8674,False,50.1372
2516003,Solânea,PB,Nordeste,45.72,7.16,116.0,78.98,53.5337,0.4322,-25.4463,True,50.1347
3127107,Frutal,MG,Sudeste,73.6,3.79,157.0,62.44,76.2872,0.3179,13.8472,False,49.9173
4207007,Içara,SC,Sul,69.72,4.37,178.0,72.97,73.8738,0.2804,0.9038,False,49.9135
2112803,Viana,MA,Nordeste,53.36,4.31,261.0,65.36,54.2976,0.1912,-11.0624,True,49.9015
2921203,Miguel Calmon,BA,Nordeste,36.96,6.97,116.0,58.25,35.683,0.4291,-22.567,True,49.7792
4302352,Bom Princípio,RS,Sul,55.31,8.52,65.0,75.63,53.0198,0.7612,-22.6102,True,49.4794
3301306,Casimiro de Abreu,RJ,Sudeste,58.34,4.36,256.0,63.12,58.0209,0.1924,-5.0991,True,49.2546
3304805,São Fidélis,RJ,Sudeste,48.69,5.35,207.0,52.5,52.7482,0.2378,0.2482,False,49.2184
2930774,Sobradinho,BA,Nordeste,34.44,5.36,198.0,41.71,31.7395,0.248,-9.9705,True,49.1123
2109809,Santa Helena,MA,Nordeste,72.74,6.22,73.0,64.59,54.714,0.6682,-9.876,True,48.7795
5103353,Confresa,MT,Centro-Oeste,54.25,4.06,289.0,49.32,63.0005,0.1684,13.6805,False,48.6737
4110102,Imbituva,PR,Sul,78.04,3.78,117.0,80.0,76.3496,0.4152,-3.6504,False,48.5735
4105201,Cerro Azul,PR,Sul,49.89,7.24,104.0,63.01,56.1468,0.4645,-6.8632,False,48.3105
1508050,Trairão,PA,Norte,62.19,6.34,100.0,73.69,57.9042,0.4818,-15.7858,True,48.1759
4217709,Sombrio,SC,Sul,49.72,6.76,155.0,69.76,54.1146,0.3095,-15.6454,True,47.9772
2110708,São Domingos do Maranhão,MA,Nordeste,50.13,5.29,191.0,54.0,53.7286,0.251,-0.2714,False,47.9401
2918506,Jussara,BA,Nordeste,43.44,8.8,69.0,38.71,44.5926,0.6931,5.8826,False,47.8226
4220000,Balneário Rincão,SC,Sul,54.65,7.68,102.0,60.01,57.437,0.4688,-2.573,False,47.8171
2803005,Itabaianinha,SE,Nordeste,58.6,4.47,203.0,65.87,60.707,0.2354,-5.163,True,47.7827
2916807,Itarantim,BA,Nordeste,41.07,9.11,66.0,51.29,39.0607,0.7239,-12.2293,True,47.7768
4322004,Triunfo,RS,Sul,68.54,5.83,81.0,71.02,56.619,0.5889,-14.401,True,47.7026
1503804,Jacundá,PA,Norte,37.87,4.43,342.0,53.01,44.3851,0.139,-8.6249,True,47.524
2207504,Palmeirais,PI,Nordeste,46.16,7.98,86.0,60.39,50.6198,0.549,-9.7702,True,47.2169
2912202,Ibicoara,BA,Nordeste,32.53,5.82,168.0,42.96,29.7799,0.2804,-13.1801,True,47.1069
3547304,Santana de Parnaíba,SP,Sudeste,60.69,2.34,751.0,64.41,72.0312,0.0626,7.6212,False,47.0348
3147907,Passos,MG,Sudeste,86.17,2.39,121.0,70.11,81.8102,0.3885,11.7002,False,47.0044
2110609,São Bernardo,MA,Nordeste,67.87,5.13,105.0,76.12,65.4457,0.4477,-10.6743,True,47.004
2602605,Brejo da Madre de Deus,PE,Nordeste,48.74,4.79,224.0,61.79,55.6774,0.2095,-6.1126,True,46.9246
5007208,Rio Brilhante,MS,Centro-Oeste,52.76,4.11,282.0,52.79,61.0522,0.1657,8.2622,False,46.7339
1500206,Acará,PA,Norte,41.74,4.29,355.0,51.93,50.7364,0.1316,-1.1936,False,46.7149
1600535,Porto Grande,AP,Norte,73.41,5.43,73.0,69.95,71.7974,0.6394,1.8474,False,46.6779
1504901,Muaná,PA,Norte,33.64,3.82,428.0,49.76,38.8876,0.1088,-10.8724,True,46.5584
2922300,Muritiba,BA,Nordeste,51.72,7.42,84.0,38.86,40.7282,0.5543,1.8682,False,46.5579
2932309,Ubatã,BA,Nordeste,41.9,9.44,61.0,45.98,37.0832,0.7624,-8.8968,False,46.5038
3131307,Ipatinga,MG,Sudeste,70.93,2.46,441.0,69.58,77.9403,0.1053,8.3603,False,46.4534
4215505,Santa Cecília,SC,Sul,57.41,6.39,113.0,70.72,53.515,0.4106,-17.205,True,46.3947
2913408,Igaporã,BA,Nordeste,42.57,9.64,58.0,64.62,37.2468,0.7971,-27.3732,True,46.2343
5101407,Aripuanã,MT,Centro-Oeste,61.85,4.91,170.0,66.61,66.0897,0.2717,-0.5203,False,46.1863
2902054,Araças,BA,Nordeste,38.26,8.88,71.0,50.14,34.9747,0.649,-15.1653,True,46.0771
1300607,Benjamin Constant,AM,Norte,34.35,3.61,455.0,42.28,43.3017,0.1011,1.0217,False,46.0116
1504307,Maracanã,PA,Norte,47.51,7.01,117.0,71.85,51.077,0.393,-20.773,True,45.9864
2922409,Mutuípe,BA,Nordeste,48.92,8.31,71.0,65.42,45.6009,0.6463,-19.8191,True,45.8863
2412559,São Miguel do Gostoso,RN,Nordeste,30.54,10.1,75.0,38.85,43.7155,0.6118,4.8655,False,45.8823
4321907,Três Passos,RS,Sul,57.03,6.52,104.0,80.0,63.9715,0.4411,-16.0285,True,45.8764
2401107,Areia Branca,RN,Nordeste,39.95,8.17,111.0,61.3,41.2702,0.4122,-20.0298,True,45.7506
3529005,Marília,SP,Sudeste,64.28,2.57,553.0,65.94,77.2386,0.0827,11.2986,False,45.7472
1502509,Chaves,PA,Norte,74.08,6.15,56.0,56.14,67.032,0.8167,10.892,False,45.7337
1100940,Cujubim,RO,Norte,67.61,5.71,94.0,78.22,67.8554,0.4865,-10.3646,True,45.7263
4208104,Itaiópolis,SC,Sul,57.26,9.63,73.0,70.15,62.0169,0.6253,-8.1331,False,45.6493
5002209,Bonito,MS,Centro-Oeste,58.79,4.85,177.0,62.07,65.6973,0.2565,3.6273,False,45.4013
2928406,Santa Rita de Cássia,BA,Nordeste,32.05,5.68,176.0,57.66,32.909,0.2572,-24.751,True,45.2734
2411205,Santa Cruz,RN,Nordeste,32.73,4.93,290.0,36.93,43.642,0.1559,6.712,False,45.2027
1508126,Ulianópolis,PA,Norte,61.51,4.94,158.0,67.67,67.87,0.286,0.2,False,45.1913
2926400,Riacho de Santana,BA,Nordeste,52.53,6.96,94.0,54.24,47.4385,0.4794,-6.8015,False,45.0642
4211207,Morro da Fumaça,SC,Sul,68.09,5.74,98.0,71.81,67.6766,0.4593,-4.1334,False,45.0084
4127601,Tijucas do Sul,PR,Sul,68.41,5.89,86.0,79.12,69.0399,0.522,-10.0801,True,44.8879
2511905,Pitimbu,PB,Nordeste,51.59,7.3,101.0,77.17,52.3506,0.444,-24.8194,True,44.8394
4119400,Piraí do Sul,PR,Sul,74.06,5.42,78.0,75.14,72.6646,0.5727,-2.4754,False,44.6685
3200805,Baixo Guandu,ES,Sudeste,74.61,5.15,79.0,72.35,71.7023,0.5616,-0.6477,False,44.3651
2702355,Craíbas,AL,Nordeste,67.42,6.44,72.0,56.78,61.764,0.6159,4.984,False,44.3424
2806206,Salgado,SE,Nordeste,44.9,7.38,104.0,47.88,48.9468,0.4229,1.0668,False,43.9785
3132404,Itajubá,MG,Sudeste,79.1,3.04,170.0,66.34,78.7975,0.2586,12.4575,False,43.9684
2930303,Serra Dourada,BA,Nordeste,33.09,7.91,91.0,43.93,35.1405,0.4825,-8.7895,True,43.9032
4104428,Candói,PR,Sul,64.69,6.39,85.0,75.4,67.2029,0.5157,-8.1971,True,43.8337
3520509,Indaiatuba,SP,Sudeste,62.82,1.94,1013.0,65.51,76.2274,0.0433,10.7174,False,43.8154
4205704,Garopaba,SC,Sul,75.76,4.57,111.0,73.53,76.7228,0.3932,3.1928,False,43.6494
2904050,Bonito,BA,Nordeste,34.0,7.58,99.0,52.79,36.8347,0.4405,-15.9553,True,43.6135
5105259,Lucas do Rio Verde,MT,Centro-Oeste,73.54,2.5,369.0,69.12,80.8596,0.1182,11.7396,False,43.6055
2909604,Crisópolis,BA,Nordeste,43.05,7.9,86.0,59.99,48.9644,0.5063,-11.0256,True,43.542
2904704,Buerarema,BA,Nordeste,29.37,7.95,89.0,39.73,31.9097,0.4887,-7.8203,False,43.4919
1100403,Alto Paraíso,RO,Norte,60.43,7.36,79.0,67.51,62.4297,0.55,-5.0803,False,43.4473
1300706,Boca do Acre,AM,Norte,44.79,7.19,138.0,65.9,43.5831,0.3142,-22.3169,True,43.3551
3156908,Sacramento,MG,Sudeste,79.61,4.61,70.0,69.15,74.7525,0.6166,5.6025,False,43.1586
3122306,Divinópolis,MG,Sudeste,73.79,2.9,261.0,69.63,77.5615,0.1652,7.9315,False,43.1267
1508084,Tucumã,PA,Norte,48.55,4.57,293.0,65.7,52.3145,0.1469,-13.3855,True,43.0562
2102903,Carutapera,MA,Nordeste,61.23,5.71,130.0,63.56,59.1216,0.331,-4.4384,False,43.0255
2414001,Tangará,RN,Nordeste,36.85,9.75,78.0,54.8,47.6106,0.5512,-7.1894,False,42.9905
1502772,Curionópolis,PA,Norte,72.86,5.37,88.0,60.3,70.8436,0.4878,10.5436,False,42.9306
4202073,Balneário Gaivota,SC,Sul,49.2,8.09,114.0,55.1,50.1115,0.3763,-4.9885,False,42.9032
1304104,Tapauá,AM,Norte,51.78,7.25,99.0,59.27,51.6898,0.4332,-7.5802,True,42.8898
3519709,Ibiúna,SP,Sudeste,53.06,3.16,489.0,56.09,66.9699,0.0876,10.8799,False,42.8174
3509601,Campo Limpo Paulista,SP,Sudeste,48.77,3.38,502.0,59.67,61.2327,0.085,1.5627,False,42.6938
2602001,Bodocó,PE,Nordeste,47.33,5.76,156.0,56.45,48.9411,0.272,-7.5089,True,42.4349
5104104,Guarantã do Norte,MT,Centro-Oeste,54.21,4.56,237.0,67.04,63.134,0.1788,-3.906,False,42.3758
2613909,Serra Talhada,PE,Nordeste,77.92,2.86,187.0,77.29,83.1339,0.2254,5.8439,False,42.1542
5106505,Poconé,MT,Centro-Oeste,38.36,5.01,250.0,45.98,48.0271,0.1683,2.0471,False,42.0813
4311007,Jaguarão,RS,Sul,33.61,8.93,91.0,58.54,47.5271,0.461,-11.0129,True,41.9492
4321808,Três de Maio,RS,Sul,51.24,7.66,85.0,79.31,57.5844,0.4934,-21.7256,True,41.9391
2919157,Lapão,BA,Nordeste,25.25,4.91,225.0,40.48,28.3328,0.1859,-12.1472,True,41.8169
2105427,Itinga do Maranhão,MA,Nordeste,60.14,6.06,108.0,79.94,63.1641,0.3866,-16.7759,True,41.7569
3523404,Itatiba,SP,Sudeste,73.47,2.73,294.0,69.88,78.3347,0.1414,8.4547,False,41.5857
2102101,Brejo,MA,Nordeste,58.06,5.87,121.0,59.99,55.4341,0.3434,-4.5559,False,41.5565
3142809,Monte Alegre de Minas,MG,Sudeste,56.71,6.6,103.0,76.36,63.6007,0.4025,-12.7593,True,41.4544
2902500,Baianópolis,BA,Nordeste,35.92,7.89,91.0,52.55,33.7706,0.4551,-18.7794,True,41.4099
3504503,Avaré,SP,Sudeste,52.47,3.45,433.0,64.83,60.4832,0.0953,-4.3468,True,41.2435
2504306,Catolé do Rocha,PB,Nordeste,45.82,6.6,138.0,63.31,55.4107,0.2989,-7.8993,True,41.2421
2111805,Sítio Novo,MA,Nordeste,54.43,6.17,119.0,54.41,55.4399,0.3459,1.0299,False,41.1672
2112605,Urbano Santos,MA,Nordeste,38.62,5.73,182.0,77.72,45.8744,0.226,-31.8456,True,41.123
4318101,São Francisco de Assis,RS,Sul,45.6,12.33,48.0,65.31,41.5742,0.8567,-23.7358,True,41.1203
2901155,América Dourada,BA,Nordeste,43.23,7.01,109.0,46.6,37.6912,0.3758,-8.9088,True,40.9642
2912400,Ibipeba,BA,Nordeste,36.88,7.48,101.0,44.62,35.5064,0.4048,-9.1136,True,40.8804
4319604,São Sepé,RS,Sul,50.12,9.29,66.0,80.0,50.5155,0.619,-29.4845,True,40.8524
2707305,Porto Calvo,AL,Nordeste,45.97,5.67,170.0,50.05,45.4266,0.2402,-4.6234,False,40.837
4216503,São Joaquim,SC,Sul,43.27,6.65,141.0,48.42,49.8381,0.2893,1.4181,False,40.7897
2923209,Oliveira dos Brejinhos,BA,Nordeste,39.29,6.84,119.0,51.24,39.0722,0.3427,-12.1678,True,40.7772
3147105,Pará de Minas,MG,Sudeste,69.52,4.26,158.0,62.16,71.4294,0.2581,9.2694,False,40.7746
4116208,Morretes,PR,Sul,59.69,6.39,110.0,72.08,63.9128,0.3699,-8.1672,True,40.6889
1501907,Bujaru,PA,Norte,51.63,6.48,124.0,60.73,53.6919,0.3267,-7.0381,True,40.5084
3203056,Jaguaré,ES,Sudeste,80.33,3.82,94.0,74.6,81.7451,0.4305,7.1451,False,40.4683
4125605,São Mateus do Sul,PR,Sul,70.57,3.99,163.0,80.0,73.5966,0.248,-6.4034,True,40.4187
2106706,Mirador,MA,Nordeste,55.85,6.67,105.0,48.86,53.7172,0.3847,4.8572,False,40.3986
2501401,Baía da Traição,PB,Nordeste,44.76,8.02,86.0,37.3,57.1283,0.4691,19.8283,False,40.3434
4202057,Balneário Barra do Sul,SC,Sul,51.18,8.39,98.0,66.68,55.5021,0.4107,-11.1779,True,40.2471
2703205,Igreja Nova,AL,Nordeste,50.73,6.29,134.0,58.34,53.9392,0.3003,-4.4008,False,40.242
2915809,Itambé,BA,Nordeste,26.98,5.48,184.0,37.77,32.631,0.2184,-5.139,False,40.1824
3201605,Conceição da Barra,ES,Sudeste,68.12,4.65,131.0,75.62,81.0153,0.3061,5.3953,False,40.1019
2111102,São João dos Patos,MA,Nordeste,55.14,5.88,131.0,62.2,56.2134,0.3055,-5.9866,True,40.0148
4313300,Nova Prata,RS,Sul,61.07,7.52,71.0,79.13,55.4096,0.5633,-23.7204,True,39.9961
4102406,Bandeirantes,PR,Sul,72.78,5.04,91.0,76.79,69.5996,0.4383,-7.1904,True,39.8866
1505908,Porto de Moz,PA,Norte,81.15,3.72,91.0,74.82,74.0668,0.4383,-0.7532,False,39.8862
1504059,Mãe do Rio,PA,Norte,46.97,5.12,219.0,56.63,55.7338,0.1812,-0.8962,False,39.6933
2107902,Passagem Franca,MA,Nordeste,58.42,6.84,89.0,77.72,61.1305,0.4445,-16.5895,True,39.5581
4318903,São Luiz Gonzaga,RS,Sul,42.31,7.47,108.0,80.0,48.5229,0.3651,-31.4771,True,39.4274
4205456,Forquilhinha,SC,Sul,63.94,5.19,170.0,65.64,66.8465,0.2312,1.2065,False,39.3027
5007406,Rio Verde de Mato Grosso,MS,Centro-Oeste,49.11,5.82,173.0,57.9,61.1756,0.2271,3.2756,False,39.2803
4103107,Bocaiúva do Sul,PR,Sul,57.37,6.42,111.0,59.18,57.9365,0.3538,-1.2435,False,39.2762
2507309,Jacaraú,PB,Nordeste,51.2,9.35,67.0,48.68,48.901,0.5854,0.221,False,39.2245
5105150,Juína,MT,Centro-Oeste,56.57,4.46,248.0,56.65,64.8585,0.1578,8.2085,False,39.1271
2102358,Buritirana,MA,Nordeste,54.91,7.84,77.0,67.41,53.1134,0.508,-14.2966,True,39.1186
2923407,Palmas de Monte Alto,BA,Nordeste,35.76,7.64,97.0,56.65,35.946,0.4025,-20.704,True,39.0402
1502855,Curuá,PA,Norte,42.47,7.42,110.0,50.81,40.5335,0.3539,-10.2765,True,38.9295
3140852,Matias Cardoso,MG,Sudeste,31.09,8.67,90.0,50.92,37.4038,0.4311,-13.5162,True,38.8028
2921401,Mirangaba,BA,Nordeste,29.41,8.19,84.0,47.84,33.8295,0.4619,-14.0105,True,38.7988
4316006,Rolante,RS,Sul,66.6,7.5,54.0,80.0,56.6653,0.7151,-23.3347,True,38.6133
2801306,Capela,SE,Nordeste,35.78,5.29,224.0,47.68,37.3857,0.1723,-10.2943,True,38.596
2602100,Bom Conselho,PE,Nordeste,60.74,4.45,186.0,66.49,56.3347,0.2071,-10.1553,True,38.5175
2906600,Candiba,BA,Nordeste,41.67,8.82,70.0,57.5,44.7527,0.5502,-12.7473,True,38.5164
3113404,Caratinga,MG,Sudeste,67.42,3.16,314.0,59.95,78.282,0.1225,18.332,False,38.4647
2904308,Brejões,BA,Nordeste,47.62,8.07,77.0,62.14,37.3523,0.4993,-24.7877,True,38.446
1709500,Gurupi,TO,Norte,54.02,3.63,387.0,55.89,63.7841,0.0993,7.8941,False,38.4169
1506559,Santa Luzia do Pará,PA,Norte,39.78,7.66,131.0,64.14,46.8561,0.2931,-17.2839,True,38.3906
4316402,Rosário do Sul,RS,Sul,34.05,9.32,88.0,49.0,41.3885,0.4351,-7.6115,False,38.2923
2414803,Vera Cruz,RN,Nordeste,43.54,8.52,91.0,65.66,46.6312,0.4194,-19.0288,True,38.1638
5107040,Primavera do Leste,MT,Centro-Oeste,58.8,3.02,489.0,59.19,68.9311,0.0779,9.7411,False,38.0692
3553401,Tanabi,SP,Sudeste,74.07,5.66,66.0,69.92,80.2359,0.574,10.3159,False,37.883
5000708,Anastácio,MS,Centro-Oeste,40.96,4.94,249.0,42.53,49.1346,0.1518,6.6046,False,37.8073
2403103,Currais Novos,RN,Nordeste,46.77,6.47,146.0,53.54,45.5156,0.2589,-8.0244,True,37.7996
5006309,Paranaíba,MS,Centro-Oeste,55.19,4.59,210.0,45.33,58.8613,0.1798,13.5313,False,37.7541
2102705,Cantanhede,MA,Nordeste,70.84,6.17,65.0,61.85,64.9587,0.5797,3.1087,False,37.6831
4218301,Três Barras,SC,Sul,47.98,7.2,149.0,59.64,51.8524,0.2527,-7.7876,True,37.6456
5006200,Nova Andradina,MS,Centro-Oeste,69.45,3.54,204.0,65.43,74.4192,0.1841,8.9892,False,37.5617
2708501,São Luís do Quitunde,AL,Nordeste,53.63,4.91,193.0,52.35,57.8362,0.194,5.4862,False,37.4424
2701308,Cajueiro,AL,Nordeste,33.4,6.05,163.0,41.98,35.2941,0.2276,-6.6859,True,37.096
3145208,Nova Serrana,MG,Sudeste,72.47,2.35,410.0,63.13,79.8507,0.0902,16.7207,False,36.9998
2933455,Wanderley,BA,Nordeste,55.37,8.86,54.0,62.52,50.8449,0.685,-11.6751,True,36.9877
2106607,Matões,MA,Nordeste,34.52,5.71,197.0,74.7,46.7442,0.1868,-27.9558,True,36.8076
2708907,Satuba,AL,Nordeste,55.11,5.95,126.0,54.8,51.7393,0.2918,-3.0607,False,36.7619
5103502,Diamantino,MT,Centro-Oeste,65.07,6.44,89.0,61.22,67.3978,0.4125,6.1778,False,36.7157
2931004,Tanhaçu,BA,Nordeste,47.42,9.94,51.0,65.66,44.5328,0.7187,-21.1272,True,36.6537
4207205,Imaruí,SC,Sul,44.94,10.07,68.0,51.51,37.1315,0.5386,-14.3785,True,36.6263
1506161,Rio Maria,PA,Norte,56.31,6.59,112.0,53.98,57.2292,0.3269,3.2492,False,36.6163
2103174,Centro Novo do Maranhão,MA,Nordeste,36.87,7.09,119.0,52.68,42.1721,0.307,-10.5079,True,36.5376
3556503,Várzea Paulista,SP,Sudeste,53.24,2.85,612.0,58.9,66.2384,0.0597,7.3384,False,36.5339
4204558,Correia Pinto,SC,Sul,56.53,8.93,71.0,66.25,56.6812,0.5143,-9.5688,True,36.5186
2210607,São Raimundo Nonato,PI,Nordeste,73.25,4.29,115.0,71.92,72.924,0.3166,1.004,False,36.4078
4102109,Astorga,PR,Sul,75.2,5.32,72.0,79.69,73.2544,0.5054,-6.4356,True,36.3913
2803906,Malhador,SE,Nordeste,36.74,8.38,88.0,48.29,37.6481,0.4133,-10.6419,True,36.3682
3545803,Santa Bárbara d'Oeste,SP,Sudeste,64.2,2.6,523.0,62.92,74.1017,0.0695,11.1817,False,36.3613
2104602,Governador Eugênio Barros,MA,Nordeste,48.14,9.55,63.0,61.75,52.1591,0.5771,-9.5909,True,36.3562
3537602,Peruíbe,SP,Sudeste,46.81,3.68,423.0,52.38,58.531,0.0858,6.151,False,36.2841
1705508,Colinas do Tocantins,TO,Norte,55.84,4.65,226.0,60.47,64.2594,0.16,3.7894,False,36.171
5002407,Caarapó,MS,Centro-Oeste,66.24,4.93,144.0,61.77,68.4851,0.2507,6.7151,False,36.1025
3557006,Votorantim,SP,Sudeste,54.69,2.95,553.0,59.0,67.8153,0.0653,8.8153,False,36.0974
5103007,Chapada dos Guimarães,MT,Centro-Oeste,69.01,5.78,83.0,58.18,68.2606,0.4348,10.0806,False,36.0871
3543907,Rio Claro,SP,Sudeste,54.52,2.43,815.0,59.96,68.5772,0.0442,8.6172,False,36.0626
2613008,São Bento do Una,PE,Nordeste,64.04,4.03,205.0,63.76,62.8025,0.1754,-0.9575,False,35.953
4315503,Restinga Seca,RS,Sul,33.02,11.15,62.0,56.63,43.729,0.5795,-12.901,True,35.9315
3304151,Quissamã,RJ,Sudeste,70.08,5.68,100.0,70.62,70.9267,0.3587,0.3067,False,35.8742
1501956,Cachoeira do Piriá,PA,Norte,52.03,8.32,89.0,58.2,49.7284,0.4029,-8.4716,True,35.86
2404507,Guamaré,RN,Nordeste,43.15,8.36,102.0,50.03,49.4548,0.3514,-0.5752,False,35.8449
2910750,Fátima,BA,Nordeste,49.57,9.06,59.0,54.5,39.4834,0.6075,-15.0166,True,35.8433
2211308,Valença do Piauí,PI,Nordeste,42.13,7.13,114.0,61.1,51.6081,0.314,-9.4919,True,35.7967
3541406,Presidente Prudente,SP,Sudeste,61.12,2.32,743.0,62.54,73.3993,0.0481,10.8593,False,35.7102
2506004,Esperança,PB,Nordeste,64.21,5.92,97.0,67.49,66.8556,0.3681,-0.6344,False,35.7021
3109303,Buritis,MG,Sudeste,62.89,5.58,123.0,61.24,65.846,0.2902,4.606,False,35.7005
4304689,Capela de Santana,RS,Sul,54.3,10.76,49.0,71.57,45.916,0.7277,-25.654,True,35.6597
3109402,Buritizeiro,MG,Sudeste,62.62,5.81,110.0,50.93,65.9495,0.324,15.0195,False,35.6445
2905008,Caculé,BA,Nordeste,47.96,6.99,102.0,61.02,43.4186,0.3493,-17.6014,True,35.6322
3506607,Biritiba-Mirim,SP,Sudeste,52.19,5.67,174.0,54.54,61.4676,0.2047,6.9276,False,35.6219
5005806,Nioaque,MS,Centro-Oeste,60.99,7.16,83.0,62.45,60.0091,0.4291,-2.4409,False,35.6116
5001904,Bataguassu,MS,Centro-Oeste,52.32,5.48,166.0,50.9,61.1373,0.2144,10.2373,False,35.5956
4123501,Santa Helena,PR,Sul,79.37,4.3,78.0,79.44,76.1395,0.4544,-3.3005,False,35.443
2208809,Regeneração,PI,Nordeste,31.33,7.15,114.0,53.32,52.5286,0.3106,-0.7914,False,35.4134
4313904,Panambi,RS,Sul,51.24,5.46,172.0,76.7,57.7063,0.2058,-18.9937,True,35.4014
2607604,Ilha de Itamaracá,PE,Nordeste,50.58,6.86,112.0,61.93,54.0274,0.3155,-7.9026,True,35.3379
1504950,Nova Esperança do Piriá,PA,Norte,50.02,6.67,125.0,49.35,54.4422,0.2824,5.0922,False,35.2977
5107354,São José do Xingu,MT,Centro-Oeste,35.25,9.03,84.0,60.66,47.5704,0.4195,-13.0896,True,35.2358
4306809,Encantado,RS,Sul,53.17,9.05,67.0,80.0,51.2427,0.5258,-28.7573,True,35.2297
3533908,Olímpia,SP,Sudeste,74.72,3.68,149.0,67.26,82.5148,0.2351,15.2548,False,35.0343
4216909,São Lourenço do Oeste,SC,Sul,71.26,5.17,113.0,74.08,77.4142,0.3097,3.3342,False,34.9955
2200400,Altos,PI,Nordeste,61.8,3.98,234.0,67.77,75.2603,0.1492,7.4903,False,34.9038
2800605,Barra dos Coqueiros,SE,Nordeste,28.03,5.62,210.0,37.7,41.7593,0.1661,4.0593,False,34.8774
2807402,Tobias Barreto,SE,Nordeste,46.26,4.8,231.0,54.06,47.7171,0.1507,-6.3429,True,34.8056
5008008,Terenos,MS,Centro-Oeste,47.08,6.19,135.0,66.78,60.7601,0.2576,-6.0199,False,34.781
2901106,Amélia Rodrigues,BA,Nordeste,47.14,8.27,74.0,50.77,44.2117,0.4688,-6.5583,False,34.6939
2100907,Araioses,MA,Nordeste,42.52,6.28,155.0,63.99,48.6192,0.2235,-15.3708,True,34.6497
3201506,Colatina,ES,Sudeste,77.5,2.54,258.0,75.66,84.108,0.1342,8.448,False,34.6167
2504900,Cruz do Espírito Santo,PB,Nordeste,47.63,9.14,69.0,64.13,47.5388,0.5015,-16.5912,True,34.6008
5101902,Brasnorte,MT,Centro-Oeste,69.06,6.16,79.0,61.09,65.8357,0.4379,4.7457,False,34.5925
1718865,Santa Fé do Araguaia,TO,Norte,31.34,10.99,64.0,32.01,41.5725,0.54,9.5625,False,34.5573
1507706,São Sebastião da Boa Vista,PA,Norte,47.42,5.06,231.0,58.45,53.044,0.149,-5.406,True,34.4207
2110500,São Bento,MA,Nordeste,79.26,4.58,70.0,80.0,63.9239,0.4914,-16.0761,True,34.3987
2307700,Maranguape,CE,Nordeste,81.66,2.29,206.0,79.83,78.9336,0.1661,-0.8964,False,34.2263
2610004,Palmares,PE,Nordeste,64.85,5.22,121.0,54.86,59.2029,0.2828,4.3429,False,34.2135
3151503,Piumhi,MG,Sudeste,73.46,4.96,94.0,64.69,77.2381,0.3633,12.5481,False,34.1482
5002159,Bodoquena,MS,Centro-Oeste,46.44,8.41,89.0,56.02,56.2272,0.3835,0.2072,False,34.1291
2107100,Morros,MA,Nordeste,66.97,5.98,86.0,80.0,68.1664,0.3962,-11.8336,True,34.0732
2903276,Barrocas,BA,Nordeste,46.15,10.24,49.0,54.19,39.615,0.6951,-14.575,True,34.0596
4305207,Cerro Largo,RS,Sul,54.04,10.25,46.0,76.56,60.2172,0.7384,-16.3428,True,33.9645
3127701,Governador Valadares,MG,Sudeste,68.07,2.77,424.0,61.18,74.841,0.0801,13.661,False,33.9583
2607505,Itaíba,PE,Nordeste,58.6,6.74,86.0,66.17,53.9991,0.3943,-12.1709,True,33.9123
2512903,Rio Tinto,PB,Nordeste,60.03,7.51,71.0,78.47,58.5568,0.4776,-19.9132,True,33.9083
2912301,Ibicuí,BA,Nordeste,50.0,10.69,42.0,65.8,38.6076,0.8053,-27.1924,True,33.8228
1504604,Mocajuba,PA,Norte,37.31,5.6,239.0,46.42,43.8458,0.1415,-2.5742,False,33.8121
2706802,Piaçabuçu,AL,Nordeste,42.38,6.45,139.0,46.24,53.5197,0.243,7.2797,False,33.7729
2410405,Pureza,RN,Nordeste,36.19,10.57,67.0,49.56,35.6765,0.5026,-13.8835,True,33.6753
3202801,Itapemirim,ES,Sudeste,75.43,3.85,128.0,67.11,80.4518,0.263,13.3418,False,33.6698
2614105,Sertânia,PE,Nordeste,56.66,5.6,136.0,65.93,61.6163,0.2476,-4.3137,False,33.6686
2926806,Rio do Antônio,BA,Nordeste,43.82,10.31,50.0,68.18,40.6871,0.6718,-27.4929,True,33.5901
2901957,Apuarema,BA,Nordeste,43.24,11.29,42.0,50.4,39.7093,0.7989,-10.6907,False,33.5553
2307650,Maracanaú,CE,Nordeste,84.93,1.26,471.0,80.0,85.6191,0.0712,5.6191,False,33.5346
1716109,Paraíso do Tocantins,TO,Norte,63.46,3.83,259.0,66.87,72.4353,0.1292,5.5653,False,33.4751
4205506,Fraiburgo,SC,Sul,77.72,3.92,117.0,70.84,78.398,0.2853,7.558,False,33.379
4110706,Irati,PR,Sul,88.31,2.41,88.0,80.0,80.3218,0.3787,0.3218,False,33.3264
4313201,Nova Petrópolis,RS,Sul,52.25,8.53,68.0,80.0,52.8889,0.4889,-27.1111,True,33.245
2106904,Monção,MA,Nordeste,36.19,6.04,172.0,61.13,41.4967,0.1932,-19.6333,True,33.226
4117305,Ortigueira,PR,Sul,58.41,6.36,121.0,68.24,59.6675,0.2745,-8.5725,True,33.212
2705101,Matriz de Camaragibe,AL,Nordeste,48.75,6.12,134.0,49.04,49.28,0.2476,0.24,False,33.1723
2107704,Paraibano,MA,Nordeste,74.67,5.3,73.0,79.18,67.6023,0.454,-11.5777,True,33.1431
2700508,Barra de Santo Antônio,AL,Nordeste,32.97,6.04,168.0,45.27,36.9799,0.1973,-8.2901,True,33.1406
3101607,Alfenas,MG,Sudeste,76.63,4.03,109.0,65.87,78.6374,0.3038,12.7674,False,33.1176
2500601,Alhandra,PB,Nordeste,30.74,6.15,172.0,64.73,38.3334,0.1916,-26.3966,True,32.949
2114007,Zé Doca,MA,Nordeste,72.29,4.45,124.0,80.0,79.1277,0.2657,-0.8723,False,32.9433
2706505,Passo de Camaragibe,AL,Nordeste,32.59,7.01,119.0,54.15,41.8055,0.2762,-12.3445,True,32.8642
2921054,Matina,BA,Nordeste,42.52,8.6,73.0,53.91,33.9302,0.4462,-19.9798,True,32.5732
2708402,São José da Tapera,AL,Nordeste,50.44,4.92,210.0,59.11,57.1871,0.1551,-1.9229,False,32.5722
2927200,Ruy Barbosa,BA,Nordeste,27.94,5.6,178.0,51.35,29.5786,0.1825,-21.7714,True,32.4929
2933000,Valente,BA,Nordeste,37.25,9.38,64.0,46.64,31.445,0.5075,-15.195,True,32.4781
4126678,Tamarana,PR,Sul,65.5,8.36,50.0,75.72,63.3147,0.6494,-12.4053,True,32.4701
3164704,São Sebastião do Paraíso,MG,Sudeste,81.09,2.99,135.0,70.13,81.8918,0.2398,11.7618,False,32.372
4302402,Bom Retiro do Sul,RS,Sul,64.63,8.76,48.0,78.72,52.0601,0.6743,-26.6599,True,32.3658
3301405,Conceição de Macabu,RJ,Sudeste,56.18,7.29,90.0,59.59,55.1531,0.3591,-4.4369,False,32.3178
3304706,Santo Antônio de Pádua,RJ,Sudeste,73.82,4.83,95.0,70.72,70.0014,0.3402,-0.7186,False,32.315
2104206,Fortuna,MA,Nordeste,72.06,5.01,89.0,52.96,63.5194,0.3631,10.5594,False,32.3134
3509007,Caieiras,SP,Sudeste,52.21,3.1,509.0,55.49,64.045,0.0634,8.555,False,32.2832
3531100,Mongaguá,SP,Sudeste,41.45,3.56,525.0,58.81,54.2941,0.0614,-4.5159,True,32.248
2300754,Amontada,CE,Nordeste,82.29,2.91,122.0,80.0,79.204,0.2641,-0.796,False,32.2259
2108207,Pedreiras,MA,Nordeste,64.51,5.74,104.0,71.87,63.3927,0.3098,-8.4773,True,32.2177
2300309,Acopiara,CE,Nordeste,64.58,4.9,131.0,68.24,63.5615,0.2455,-4.6785,False,32.1574
3511102,Catanduva,SP,Sudeste,70.27,3.31,242.0,62.74,79.172,0.1329,16.432,False,32.156
2112100,Timbiras,MA,Nordeste,44.64,5.73,183.0,54.08,49.0718,0.1756,-5.0082,False,32.1366
2107001,Montes Altos,MA,Nordeste,55.28,9.13,54.0,74.01,55.9194,0.5949,-18.0906,True,32.1264
3170404,Unaí,MG,Sudeste,59.06,5.19,165.0,64.12,70.4632,0.1944,6.3432,False,32.0717
5002902,Cassilândia,MS,Centro-Oeste,54.38,6.5,117.0,50.95,59.7622,0.2735,8.8122,False,32.0023
4103602,Cambará,PR,Sul,58.04,7.24,84.0,68.18,63.8313,0.3801,-4.3487,False,31.9285
3134400,Iturama,MG,Sudeste,69.6,4.83,122.0,63.73,70.982,0.2615,7.252,False,31.906
3170800,Várzea da Palma,MG,Sudeste,70.34,5.19,96.0,67.63,70.3423,0.3321,2.7123,False,31.8816
2512002,Pocinhos,PB,Nordeste,54.07,6.63,110.0,54.24,57.2815,0.2889,3.0415,False,31.7775
2501005,Araruna,PB,Nordeste,40.51,8.38,89.0,48.99,50.8137,0.3567,1.8237,False,31.7506
1503507,Irituia,PA,Norte,49.63,7.03,120.0,56.48,52.1438,0.2642,-4.3362,False,31.7082
2512408,Puxinanã,PB,Nordeste,62.11,6.58,82.0,76.9,65.8408,0.384,-11.0592,True,31.4848
3520442,Ilha Solteira,SP,Sudeste,80.76,5.32,46.0,70.82,78.5117,0.6814,7.6917,False,31.3464
2601904,Bezerros,PE,Nordeste,56.84,4.85,181.0,60.78,55.7874,0.1728,-4.9926,True,31.2794
1506302,Salvaterra,PA,Norte,49.48,7.14,114.0,61.11,52.783,0.2744,-8.327,True,31.2774
2100832,Apicum-Açu,MA,Nordeste,39.09,7.53,125.0,46.05,42.6904,0.2497,-3.3596,False,31.2159
4304804,Carlos Barbosa,RS,Sul,64.88,7.05,68.0,71.4,61.5861,0.458,-9.8139,True,31.1415
1600279,Laranjal do Jari,AP,Norte,39.78,4.14,349.0,52.13,49.3543,0.0892,-2.7757,False,31.1398
2708808,São Sebastião,AL,Nordeste,42.42,5.29,202.0,50.14,43.478,0.1539,-6.662,True,31.0894
4301107,Arroio dos Ratos,RS,Sul,43.22,10.27,64.0,53.02,47.7931,0.4845,-5.2269,False,31.0049
2608750,Lagoa Grande,PE,Nordeste,67.54,4.96,114.0,62.99,65.7803,0.2717,2.7903,False,30.9752
2401206,Arês,RN,Nordeste,31.23,7.48,125.0,40.17,40.5493,0.2474,0.3793,False,30.931
3513504,Cubatão,SP,Sudeste,45.43,3.22,594.0,58.73,58.0668,0.052,-0.6632,False,30.8865
2906204,Canarana,BA,Nordeste,33.73,5.8,169.0,44.12,31.6268,0.1821,-12.4932,True,30.7775
3104007,Araxá,MG,Sudeste,75.35,2.62,301.0,72.32,81.2685,0.1022,8.9485,False,30.7575
5105507,Vila Bela da Santíssima Trindade,MT,Centro-Oeste,52.39,8.11,80.0,57.53,60.9639,0.3842,3.4339,False,30.7325
3129509,Ibiá,MG,Sudeste,78.09,5.71,56.0,61.49,71.2125,0.5488,9.7225,False,30.7305
5007109,Ribas do Rio Pardo,MS,Centro-Oeste,42.88,4.78,267.0,48.34,52.1463,0.1151,3.8063,False,30.7223
2610905,Pesqueira,PE,Nordeste,64.38,4.4,172.0,66.27,63.142,0.1782,-3.128,False,30.6487
4105904,Colorado,PR,Sul,78.21,5.73,52.0,80.0,68.3281,0.5889,-11.6719,True,30.6241
2603702,Canhotinho,PE,Nordeste,65.49,6.2,82.0,58.57,62.7037,0.3722,4.1337,False,30.5227
3504107,Atibaia,SP,Sudeste,65.46,2.28,628.0,73.5,76.3572,0.0485,2.8572,False,30.4826
2516904,Uiraúna,PB,Nordeste,44.46,9.29,62.0,80.0,54.4597,0.4916,-25.5403,True,30.4767
1600204,Calçoene,AP,Norte,39.22,7.83,116.0,48.89,44.87,0.2625,-4.02,False,30.4529
2201507,Batalha,PI,Nordeste,46.97,6.8,118.0,55.33,54.5427,0.2577,-0.7873,False,30.4046
3511508,Cerquilho,SP,Sudeste,69.15,4.56,134.0,67.12,76.8821,0.2268,9.7621,False,30.3918
3504008,Assis,SP,Sudeste,54.85,3.32,433.0,55.12,66.4668,0.07,11.3468,False,30.3031
2100154,Água Doce do Maranhão,MA,Nordeste,63.74,8.84,50.0,71.33,55.7053,0.6047,-15.6247,True,30.2352
2111532,São Pedro da Água Branca,MA,Nordeste,55.63,7.83,78.0,47.22,52.4499,0.3863,5.2299,False,30.1324
2601409,Barreiros,PE,Nordeste,53.06,4.77,204.0,67.68,57.733,0.1476,-9.947,True,30.1194
2924504,Pindaí,BA,Nordeste,38.33,8.7,74.0,73.83,36.6517,0.4069,-37.1783,True,30.1137
2612604,Santa Maria da Boa Vista,PE,Nordeste,64.37,4.38,172.0,56.71,65.3984,0.175,8.6884,False,30.0965
4317905,Santo Cristo,RS,Sul,60.46,9.31,43.0,77.21,54.2051,0.6998,-23.0049,True,30.0927
2804607,Nossa Senhora das Dores,SE,Nordeste,28.4,6.35,146.0,47.02,40.0434,0.2058,-6.9766,True,30.0507
4109302,Guaraniaçu,PR,Sul,71.19,6.58,60.0,80.0,65.4639,0.5008,-14.5361,True,30.0463
2308708,Morada Nova,CE,Nordeste,76.09,3.53,137.0,74.45,82.0868,0.2188,7.6368,False,29.9694
4312658,Não-Me-Toque,RS,Sul,58.64,8.91,57.0,70.55,56.6816,0.5249,-13.8684,True,29.9205
2905305,Cafarnaum,BA,Nordeste,30.37,7.76,94.0,37.2,33.0873,0.3183,-4.1127,False,29.9199
2931301,Tapiramutá,BA,Nordeste,41.82,9.22,64.0,47.31,37.9065,0.4673,-9.4035,True,29.9072
2500809,Araçagi,PB,Nordeste,47.84,9.63,61.0,69.17,46.9818,0.4901,-22.1882,True,29.8979
2106755,Miranda do Norte,MA,Nordeste,50.54,5.97,139.0,63.27,55.5509,0.2149,-7.7191,True,29.8777
1300805,Borba,AM,Norte,22.82,7.69,120.0,43.38,33.9242,0.2484,-9.4558,True,29.813
3305604,Silva Jardim,RJ,Sudeste,57.35,6.04,135.0,63.43,58.6069,0.2208,-4.8231,False,29.8088
2926707,Rio de Contas,BA,Nordeste,55.74,8.81,54.0,60.08,47.7918,0.5519,-12.2882,True,29.8002
3512308,Conchas,SP,Sudeste,69.48,7.53,52.0,57.93,67.0017,0.5722,9.0717,False,29.7569
2922656,Nordestina,BA,Nordeste,26.14,6.49,130.0,45.83,35.106,0.2286,-10.724,True,29.7153
4106605,Cruzeiro do Oeste,PR,Sul,73.47,5.58,68.0,75.87,68.6553,0.4368,-7.2147,True,29.7043
2210003,São João do Piauí,PI,Nordeste,65.25,5.88,89.0,55.82,71.2382,0.3337,15.4182,False,29.699
2903706,Boa Nova,BA,Nordeste,46.51,8.61,69.0,55.73,40.1672,0.4302,-15.5628,True,29.6838
1713304,Miranorte,TO,Norte,63.01,8.31,56.0,61.51,54.2625,0.5292,-7.2475,False,29.6357
2801405,Carira,SE,Nordeste,34.54,8.39,84.0,47.68,38.8055,0.352,-8.8745,True,29.567
2909901,Curaçá,BA,Nordeste,22.94,4.18,299.0,44.5,28.6143,0.0987,-15.8857,True,29.5016
4106506,Coronel Vivida,PR,Sul,74.61,4.94,83.0,80.0,80.4499,0.354,0.4499,False,29.3854
3115300,Cataguases,MG,Sudeste,60.22,7.1,95.0,49.63,69.0305,0.3092,19.4005,False,29.3768
2612406,Sanharó,PE,Nordeste,65.85,7.13,61.0,53.98,61.9577,0.4813,7.9777,False,29.3606
2901205,Anagé,BA,Nordeste,32.17,8.54,78.0,50.04,34.4463,0.3764,-15.5937,True,29.3556
2925956,Rafael Jambeiro,BA,Nordeste,33.53,7.03,115.0,58.68,30.6653,0.2546,-28.0147,True,29.2741
1303502,Pauini,AM,Norte,48.42,6.84,121.0,51.88,51.1812,0.2411,-0.6988,False,29.1787
1100320,São Miguel do Guaporé,RO,Norte,69.14,5.22,101.0,71.63,66.1585,0.288,-5.4715,True,29.0852
4309605,Horizontina,RS,Sul,57.22,7.12,86.0,73.96,60.2403,0.3371,-13.7197,True,28.991
2917201,Ituaçu,BA,Nordeste,43.98,7.04,107.0,64.85,43.9425,0.2709,-20.9075,True,28.9873
2920452,Mansidão,BA,Nordeste,37.29,12.34,37.0,45.38,36.1313,0.7833,-9.2487,False,28.9808
1707009,Dianópolis,TO,Norte,61.27,6.27,102.0,61.01,61.0585,0.2833,0.0485,False,28.8947
4314902,Porto Alegre,RS,Sul,20.46,1.64,2964.0,,37.5949,0.0097,,False,28.8566
1100148,Nova Brasilândia D'Oeste,RO,Norte,75.61,5.43,63.0,76.38,72.1496,0.4569,-4.2304,False,28.7849
5003306,Coxim,MS,Centro-Oeste,39.19,4.43,308.0,52.43,51.1575,0.0934,-1.2725,False,28.7713
3137700,Lajinha,MG,Sudeste,69.26,6.37,70.0,74.49,63.2957,0.411,-11.1943,True,28.7693
5100201,Água Boa,MT,Centro-Oeste,79.49,4.26,83.0,65.9,79.5094,0.3465,13.6094,False,28.7622
3154309,Resplendor,MG,Sudeste,61.11,8.55,64.0,74.16,65.2925,0.4492,-8.8675,True,28.7506
2501500,Bananeiras,PB,Nordeste,54.93,8.03,71.0,60.49,53.8237,0.4042,-6.6663,False,28.6975
2920205,Malhada,BA,Nordeste,33.68,6.72,126.0,40.62,33.5774,0.2276,-7.0426,True,28.6719
3534708,Ourinhos,SP,Sudeste,53.67,3.38,424.0,60.03,65.5796,0.0673,5.5496,False,28.5496
4111506,Ivaiporã,PR,Sul,72.38,5.48,82.0,70.86,69.6194,0.348,-1.2406,False,28.5379
4116901,Nova Esperança,PR,Sul,74.65,5.68,68.0,75.92,74.8478,0.4167,-1.0722,False,28.337
4108502,General Carneiro,PR,Sul,55.51,8.12,74.0,79.32,57.0445,0.3821,-22.2755,True,28.2732
2105104,Icatu,MA,Nordeste,68.98,5.97,75.0,70.85,65.5265,0.3769,-5.3235,False,28.2671
1304401,Urucurituba,AM,Norte,46.43,6.64,125.0,52.79,44.0819,0.2241,-8.7081,True,28.0136
5213103,Mineiros,GO,Centro-Oeste,84.01,2.38,152.0,80.0,83.3565,0.1842,3.3565,False,28.005
2909208,Coronel João Sá,BA,Nordeste,36.04,8.93,71.0,43.69,35.0695,0.394,-8.6205,False,27.9754
2910404,Encruzilhada,BA,Nordeste,37.25,7.66,96.0,54.03,37.3409,0.2912,-16.6891,True,27.9537
3519071,Hortolândia,SP,Sudeste,55.05,2.0,1220.0,65.17,68.1169,0.0229,2.9469,False,27.92
1600105,Amapá,AP,Norte,19.04,7.57,96.0,45.79,36.8798,0.2904,-8.9102,True,27.8783
5002951,Chapadão do Sul,MS,Centro-Oeste,63.41,4.57,169.0,55.08,68.9104,0.1643,13.8304,False,27.7619
4101200,Antonina,PR,Sul,63.74,6.75,80.0,70.68,61.0731,0.3467,-9.6069,True,27.7363
2511400,Picuí,PB,Nordeste,42.84,7.05,119.0,61.49,56.3794,0.2328,-5.1106,False,27.6982
4312500,Mostardas,RS,Sul,40.84,10.22,60.0,60.72,53.3573,0.4616,-7.3627,False,27.6938
4105409,Chopinzinho,PR,Sul,70.84,5.9,75.0,80.0,71.475,0.3692,-8.525,True,27.6885
4120606,Prudentópolis,PR,Sul,82.91,3.32,90.0,80.0,80.967,0.3076,0.967,False,27.688
2701704,Capela,AL,Nordeste,42.55,6.83,119.0,53.57,40.6495,0.2324,-12.9205,True,27.6611
2108801,Pirapemas,MA,Nordeste,42.36,9.61,77.0,80.0,47.2351,0.3592,-32.7649,True,27.6593
3110301,Caldas,MG,Sudeste,72.95,8.0,37.0,60.72,78.4652,0.7471,17.7452,False,27.6437
2515500,Serra Branca,PB,Nordeste,54.33,9.82,53.0,64.89,50.3197,0.5212,-14.5703,True,27.6255
5005681,Mundo Novo,MS,Centro-Oeste,46.45,6.7,121.0,80.0,56.9813,0.2282,-23.0187,True,27.6106
3503901,Arujá,SP,Sudeste,60.67,3.02,432.0,60.36,73.8931,0.0639,13.5331,False,27.6067
4203907,Capinzal,SC,Sul,69.53,5.4,112.0,74.66,71.1211,0.2463,-3.5389,False,27.5858
2615300,Timbaúba,PE,Nordeste,77.57,4.39,79.0,75.9,70.9614,0.3491,-4.9386,True,27.582
2801702,Cristinápolis,SE,Nordeste,34.73,6.87,125.0,40.17,32.3707,0.2206,-7.7993,True,27.5734
3135209,Januária,MG,Sudeste,47.12,10.99,50.0,35.71,61.7559,0.551,26.0459,False,27.5519
2408953,Rio do Fogo,RN,Nordeste,31.57,9.84,85.0,29.91,40.1782,0.3234,10.2682,False,27.493
2805505,Poço Verde,SE,Nordeste,40.53,7.98,105.0,45.43,48.9008,0.2612,3.4708,False,27.4286
2904407,Brejolândia,BA,Nordeste,40.43,9.92,56.0,53.46,32.4038,0.4897,-21.0562,True,27.423
1200450,Senador Guiomard,AC,Norte,43.69,9.2,85.0,50.47,49.856,0.3217,-0.614,False,27.348
4301909,Barra do Ribeiro,RS,Sul,44.48,13.52,35.0,72.2,42.0645,0.7784,-30.1355,True,27.2427
2510808,Patos,PB,Nordeste,67.48,3.29,276.0,55.29,76.2941,0.0987,21.0041,False,27.2425
2706901,Pilar,AL,Nordeste,45.8,4.25,298.0,50.85,50.6546,0.0913,-0.1954,False,27.2015
2910859,Filadélfia,BA,Nordeste,36.76,8.1,86.0,33.77,32.5415,0.3163,-1.2285,False,27.1997
3553708,Taquaritinga,SP,Sudeste,72.83,4.4,125.0,67.9,76.7562,0.216,8.8562,False,26.9961
3300506,Bom Jardim,RJ,Sudeste,66.67,6.19,86.0,60.07,69.0952,0.3137,9.0252,False,26.9822
2403509,Espírito Santo,RN,Nordeste,47.09,11.83,47.0,53.38,42.6725,0.5737,-10.7075,False,26.9646
2305407,Icó,CE,Nordeste,75.4,3.61,137.0,80.0,73.4398,0.1967,-6.5602,True,26.951
2614204,Sirinhaém,PE,Nordeste,74.49,4.55,91.0,66.7,72.3151,0.2941,5.6151,False,26.7606
4206306,Guabiruba,SC,Sul,73.94,5.1,101.0,73.24,76.244,0.2646,3.004,False,26.7255
2508307,Lagoa Seca,PB,Nordeste,46.7,6.75,127.0,70.83,58.7196,0.2104,-12.1104,True,26.7153
4217204,São Miguel do Oeste,SC,Sul,75.65,4.47,109.0,72.22,80.1414,0.2448,7.9214,False,26.6863
4214003,Presidente Getúlio,SC,Sul,55.73,9.51,73.0,67.96,64.4941,0.3655,-3.4659,False,26.684
2101509,Barão de Grajaú,MA,Nordeste,51.57,8.96,64.0,53.84,54.6289,0.4162,0.7889,False,26.6373
2807600,Umbaúba,SE,Nordeste,39.35,7.11,129.0,40.77,41.3744,0.2065,0.6044,False,26.6342
2413359,Serra do Mel,RN,Nordeste,27.7,9.39,90.0,46.99,37.9027,0.2955,-9.0873,False,26.5991
2805604,Porto da Folha,SE,Nordeste,16.87,5.0,191.0,39.04,39.8843,0.1392,0.8443,False,26.5846
4210100,Mafra,SC,Sul,77.39,4.78,87.0,75.13,79.1505,0.3051,4.0205,False,26.5461
4219507,Xanxerê,SC,Sul,72.15,5.14,108.0,70.88,74.9441,0.2456,4.0641,False,26.5204
2929750,Saubara,BA,Nordeste,52.63,11.23,36.0,54.98,42.1768,0.7359,-12.8032,True,26.4932
2210508,São Pedro do Piauí,PI,Nordeste,67.15,6.65,64.0,59.26,71.6052,0.4139,12.3452,False,26.4908
4200101,Abelardo Luz,SC,Sul,59.87,6.48,106.0,69.69,65.6721,0.2499,-4.0179,False,26.487
2615003,Taquaritinga do Norte,PE,Nordeste,59.63,6.28,101.0,66.27,55.6277,0.2619,-10.6423,True,26.4475
5001003,Aparecida do Taboado,MS,Centro-Oeste,57.51,4.68,198.0,60.77,70.5791,0.1334,9.8091,False,26.4058
5200258,Águas Lindas de Goiás,GO,Centro-Oeste,53.9,1.8,1535.0,59.02,62.0052,0.0172,2.9852,False,26.3658
1600253,Itaubal,AP,Norte,43.59,9.59,65.0,60.1,46.6532,0.4039,-13.4468,True,26.2541
4306502,Dom Feliciano,RS,Sul,35.0,10.31,62.0,66.26,46.489,0.422,-19.771,True,26.1647
2509305,Mataraca,PB,Nordeste,50.43,7.37,95.0,80.0,59.9604,0.2748,-20.0396,True,26.1102
4219309,Videira,SC,Sul,64.12,4.67,190.0,64.7,70.3623,0.1374,5.6623,False,26.1063
2106409,Mata Roma,MA,Nordeste,76.86,5.87,48.0,72.92,70.1058,0.5437,-2.8142,False,26.0955
2102804,Carolina,MA,Nordeste,50.96,6.2,139.0,55.96,53.7268,0.1873,-2.2332,False,26.0335
2111763,Senador La Rocque,MA,Nordeste,64.13,8.21,53.0,46.64,63.4711,0.4905,16.8311,False,25.9976
1300029,Alvarães,AM,Norte,58.49,7.91,68.0,52.59,53.6834,0.3814,1.0934,False,25.9385
4128500,Wenceslau Braz,PR,Sul,74.38,5.93,61.0,80.0,76.3426,0.4242,-3.6574,False,25.8788
3554003,Tatuí,SP,Sudeste,53.92,2.79,602.0,60.53,64.8734,0.043,4.3434,False,25.8603
4102000,Assis Chateaubriand,PR,Sul,80.32,3.96,85.0,80.0,77.5368,0.3039,-2.4632,False,25.8317
2932804,Utinga,BA,Nordeste,33.04,8.6,77.0,47.93,35.3051,0.3353,-12.6249,True,25.8193
3141108,Matozinhos,MG,Sudeste,57.88,5.87,130.0,58.03,68.5838,0.1984,10.5538,False,25.7893
1507458,São Geraldo do Araguaia,PA,Norte,52.05,5.55,174.0,57.34,49.0573,0.1482,-8.2827,True,25.7875
1507979,Terra Santa,PA,Norte,65.58,5.3,115.0,73.61,72.7298,0.2239,-0.8802,False,25.7494
2917904,Jandaíra,BA,Nordeste,36.08,9.56,62.0,60.12,37.821,0.4153,-22.299,True,25.7471
2908002,Coaraci,BA,Nordeste,39.13,8.92,70.0,50.58,35.5031,0.3676,-15.0769,True,25.7305
2927309,Salinas da Margarida,BA,Nordeste,45.77,6.89,109.0,58.26,44.1947,0.2349,-14.0653,True,25.6026
2100808,Anapurus,MA,Nordeste,34.65,9.17,93.0,80.0,47.0766,0.2752,-32.9234,True,25.5926
2102002,Bom Jardim,MA,Nordeste,69.63,5.04,101.0,80.0,65.0471,0.2533,-14.9529,True,25.5797
2919801,Macaúbas,BA,Nordeste,31.5,5.51,187.0,55.21,32.6983,0.1367,-22.5117,True,25.5707
3101508,Além Paraíba,MG,Sudeste,55.08,6.1,133.0,72.42,66.1235,0.1916,-6.2965,True,25.4767
2905909,Campo Alegre de Lourdes,BA,Nordeste,28.04,6.4,136.0,50.15,31.0529,0.1869,-19.0971,True,25.4209
2902302,Aratuípe,BA,Nordeste,60.0,10.74,32.0,58.32,47.346,0.7925,-10.974,True,25.359
3125101,Extrema,MG,Sudeste,69.33,3.36,258.0,64.96,75.6503,0.0979,10.6903,False,25.2469
2111607,São Raimundo das Mangabeiras,MA,Nordeste,84.49,4.48,42.0,73.81,68.8678,0.599,-4.9422,True,25.1592
3118304,Conselheiro Lafaiete,MG,Sudeste,82.2,2.54,177.0,69.8,81.9363,0.1419,12.1363,False,25.111
2504603,Conde,PB,Nordeste,69.48,4.58,136.0,68.08,77.7132,0.1843,9.6332,False,25.0624
2911303,Gentio do Ouro,BA,Nordeste,54.32,10.85,37.0,56.33,43.8269,0.6771,-12.5031,True,25.0521
2611309,Pombos,PE,Nordeste,40.45,8.38,86.0,57.66,43.1921,0.2912,-14.4679,True,25.0461
1301506,Envira,AM,Norte,19.3,6.48,149.0,27.7,35.5284,0.1667,7.8284,False,24.8381
2308401,Missão Velha,CE,Nordeste,82.38,3.75,71.0,76.34,74.5192,0.3485,-1.8208,False,24.743
2101772,Bela Vista do Maranhão,MA,Nordeste,77.72,5.23,57.0,61.02,72.3869,0.4336,11.3669,False,24.714
1101401,Monte Negro,RO,Norte,69.9,6.95,57.0,74.6,67.0757,0.4332,-7.5243,True,24.693
2100204,Alcântara,MA,Nordeste,70.98,8.52,35.0,75.46,61.1982,0.7052,-14.2618,True,24.6814
3525300,Jaú,SP,Sudeste,54.89,3.06,500.0,66.35,73.212,0.0493,6.862,False,24.6584
2100436,Alto Alegre do Maranhão,MA,Nordeste,51.5,7.66,93.0,73.29,56.617,0.2649,-16.673,True,24.6375
4203808,Canoinhas,SC,Sul,71.93,4.99,114.0,75.78,76.0149,0.2157,0.2349,False,24.5867
3108552,Brasilândia de Minas,MG,Sudeste,76.69,5.78,52.0,77.71,79.2013,0.4725,1.4913,False,24.5718
2614857,Tamandaré,PE,Nordeste,57.19,6.04,116.0,56.21,60.1873,0.2116,3.9773,False,24.5441
2613404,São José da Coroa Grande,PE,Nordeste,39.23,6.14,157.0,53.96,47.7919,0.1563,-6.1681,True,24.5352
2709152,Teotônio Vilela,AL,Nordeste,57.6,4.98,183.0,61.47,64.4872,0.1339,3.0172,False,24.4984
3126703,Francisco Sá,MG,Sudeste,35.05,8.99,88.0,53.86,51.9696,0.2783,-1.8904,False,24.4927
2930402,Serra Preta,BA,Nordeste,36.67,9.96,57.0,46.32,35.9977,0.4294,-10.3223,True,24.4783
2401453,Baraúna,RN,Nordeste,44.48,7.23,119.0,46.46,49.411,0.2054,2.951,False,24.4412
2200509,Amarante,PI,Nordeste,32.94,6.55,134.0,37.82,41.8189,0.1823,3.9989,False,24.4234
3509403,Cajuru,SP,Sudeste,54.99,6.62,111.0,74.32,67.7712,0.22,-6.5488,False,24.4206
4314506,Pinheiro Machado,RS,Sul,50.17,12.9,32.0,71.2,46.8896,0.7621,-24.3104,True,24.3868
2301703,Aurora,CE,Nordeste,73.84,5.94,55.0,75.05,73.6558,0.4431,-1.3942,False,24.3699
2700607,Barra de São Miguel,AL,Nordeste,39.03,8.69,82.0,46.28,49.5246,0.2959,3.2446,False,24.26
2923308,Ouriçangas,BA,Nordeste,50.59,10.63,42.0,49.58,41.8154,0.5763,-7.7646,False,24.2059
3203502,Montanha,ES,Sudeste,80.21,5.3,47.0,68.52,75.1931,0.5144,6.6731,False,24.1783
3134202,Ituiutaba,MG,Sudeste,66.73,3.8,210.0,68.48,74.504,0.1151,6.024,False,24.167
3305406,Sapucaia,RJ,Sudeste,65.37,6.9,82.0,70.2,65.3506,0.2932,-4.8494,False,24.0439
3502101,Andradina,SP,Sudeste,65.48,4.23,178.0,64.49,80.3837,0.135,15.8937,False,24.0351
3546801,Santa Isabel,SP,Sudeste,67.17,4.12,188.0,74.63,76.5764,0.1278,1.9464,False,24.0231
2102036,Bom Jesus das Selvas,MA,Nordeste,63.18,4.71,160.0,68.89,59.0549,0.1498,-9.8351,True,23.9672
2407203,Macau,RN,Nordeste,32.31,7.71,122.0,42.44,44.7359,0.1964,2.2959,False,23.9598
3143906,Muriaé,MG,Sudeste,73.13,3.24,241.0,65.5,76.5883,0.0994,11.0883,False,23.9473
3510807,Casa Branca,SP,Sudeste,61.98,6.51,93.0,56.27,65.1055,0.2575,8.8355,False,23.9436
2931202,Taperoá,BA,Nordeste,47.52,8.24,74.0,51.79,39.4945,0.3227,-12.2955,True,23.8796
3507506,Botucatu,SP,Sudeste,57.09,2.87,546.0,65.9,73.4591,0.0437,7.5591,False,23.8529
1100254,Presidente Médici,RO,Norte,71.13,7.44,45.0,68.1,69.1084,0.5297,1.0084,False,23.8383
3162906,São João Nepomuceno,MG,Sudeste,69.82,6.3,70.0,72.16,69.1798,0.3405,-2.9802,False,23.8332
2600708,Aliança,PE,Nordeste,39.22,6.23,154.0,63.27,49.8589,0.1547,-13.4111,True,23.8294
2929305,São Gonçalo dos Campos,BA,Nordeste,24.63,5.93,153.0,49.94,33.438,0.1551,-16.502,True,23.7361
4121703,Reserva,PR,Sul,81.08,4.45,67.0,75.06,76.6854,0.354,1.6254,False,23.7203
2208502,Porto,PI,Nordeste,36.04,7.57,103.0,52.75,51.0357,0.23,-1.7143,False,23.6898
2703809,Joaquim Gomes,AL,Nordeste,27.9,6.77,129.0,47.64,44.9755,0.1835,-2.6645,False,23.6674
3149804,Perdizes,MG,Sudeste,83.42,4.82,43.0,71.73,78.5557,0.5499,6.8257,False,23.645
4322806,Veranópolis,RS,Sul,57.04,6.78,97.0,77.99,57.6884,0.2437,-20.3016,True,23.6436
4120804,Quatro Barras,PR,Sul,67.24,5.13,117.0,70.99,71.975,0.2013,0.985,False,23.557
5000203,Água Clara,MS,Centro-Oeste,77.03,4.39,97.0,73.26,78.884,0.2428,5.624,False,23.5541
2708956,Senador Rui Palmeira,AL,Nordeste,57.08,7.7,70.0,61.07,60.8973,0.3363,-0.1727,False,23.5398
4308102,Feliz,RS,Sul,51.12,11.66,38.0,75.0,55.5984,0.6189,-19.4016,True,23.5176
4218905,Urubici,SC,Sul,76.89,7.75,38.0,66.62,68.2734,0.6182,1.6534,False,23.4921
2805703,Propriá,SE,Nordeste,29.58,7.38,121.0,35.2,36.1887,0.1941,0.9887,False,23.4892
2700102,Água Branca,AL,Nordeste,48.8,8.0,80.0,57.79,51.1237,0.2926,-6.6663,False,23.4066
3101003,Águas Vermelhas,MG,Sudeste,74.43,7.76,35.0,54.69,72.2512,0.6675,17.5612,False,23.3629
3103504,Araguari,MG,Sudeste,64.76,3.43,291.0,58.34,76.6807,0.0802,18.3407,False,23.3323
1720200,São Miguel do Tocantins,TO,Norte,36.92,7.4,118.0,42.19,47.0395,0.1976,4.8495,False,23.319
4213708,Pouso Redondo,SC,Sul,60.13,11.59,38.0,70.8,56.2425,0.6136,-14.5575,True,23.3178
2926509,Ribeira do Amparo,BA,Nordeste,33.95,7.29,107.0,43.7,35.9176,0.2177,-7.7824,True,23.2977
2308104,Mauriti,CE,Nordeste,84.55,3.06,83.0,80.0,73.7506,0.2801,-6.2494,True,23.2475
2108454,Peritoró,MA,Nordeste,70.53,6.21,66.0,64.71,59.9215,0.3517,-4.7885,False,23.2109
1502764,Cumaru do Norte,PA,Norte,45.19,7.9,102.0,59.86,51.611,0.2266,-8.249,True,23.1133
2101004,Arari,MA,Nordeste,72.37,4.91,91.0,71.46,70.0993,0.2538,-1.3607,False,23.0942
3525003,Jandira,SP,Sudeste,51.39,3.25,504.0,56.19,58.368,0.0458,2.178,False,23.0918
2507002,Itaporanga,PB,Nordeste,48.67,7.68,89.0,33.43,51.4819,0.2594,18.0519,False,23.0872
2605707,Floresta,PE,Nordeste,51.7,6.49,116.0,47.6,52.203,0.1987,4.603,False,23.0493
3169356,Três Marias,MG,Sudeste,83.86,4.6,44.0,72.02,79.4621,0.5238,7.4421,False,23.0478
2613107,São Caitano,PE,Nordeste,53.17,5.32,161.0,56.36,56.1843,0.1431,-0.1757,False,23.0404
3202454,Ibatiba,ES,Sudeste,82.36,4.04,65.0,80.0,77.0591,0.3543,-2.9409,False,23.0325
1100379,Alto Alegre dos Parecis,RO,Norte,79.54,5.81,41.0,72.81,73.3777,0.5612,0.5677,False,23.0104
2101103,Axixá,MA,Nordeste,71.86,7.35,43.0,80.0,75.1045,0.535,-4.8955,False,23.0033
4218806,Turvo,SC,Sul,69.98,9.99,32.0,66.0,64.3259,0.7164,-1.6741,False,22.9248
2508901,Mamanguape,PB,Nordeste,68.65,4.24,156.0,57.11,77.0425,0.1464,19.9325,False,22.8347
2911600,Governador Mangabeira,BA,Nordeste,29.08,7.5,100.0,50.34,29.4505,0.2276,-20.8895,True,22.7597
3529906,Miracatu,SP,Sudeste,65.52,6.13,87.0,55.25,74.9428,0.2616,19.6928,False,22.7583
4316758,Santa Clara do Sul,RS,Sul,54.24,12.5,30.0,80.0,53.6052,0.7581,-26.3948,True,22.7438
2501906,Belém,PB,Nordeste,34.72,9.38,71.0,64.37,50.8621,0.3193,-13.5079,True,22.6689
2613503,São José do Belmonte,PE,Nordeste,60.41,4.75,168.0,57.48,63.2709,0.1346,5.7909,False,22.6146
2203909,Floriano,PI,Nordeste,53.37,4.28,263.0,59.2,66.0451,0.086,6.8451,False,22.6084
3501608,Americana,SP,Sudeste,64.36,3.45,294.0,65.54,74.2859,0.0766,8.7459,False,22.5331
3140001,Mariana,MG,Sudeste,65.6,4.2,193.0,62.34,70.8611,0.1166,8.5211,False,22.5115
1100080,Costa Marques,RO,Norte,59.64,6.88,87.0,80.0,59.2808,0.2585,-20.7192,True,22.4892
3140704,Mateus Leme,MG,Sudeste,75.26,4.19,116.0,64.35,75.9254,0.1935,11.5754,False,22.4512
2609154,Manari,PE,Nordeste,52.9,7.43,87.0,64.43,56.0513,0.2573,-8.3787,True,22.3879
4128005,Ubiratã,PR,Sul,77.59,5.14,64.0,80.0,77.7615,0.3495,-2.2385,False,22.3664
2601607,Belém do São Francisco,PE,Nordeste,62.62,7.25,73.0,60.84,53.0189,0.3062,-7.8211,True,22.3551
2920403,Manoel Vitorino,BA,Nordeste,41.67,8.82,70.0,52.32,39.2191,0.3193,-13.1009,True,22.3508
2909109,Coribe,BA,Nordeste,30.71,7.64,97.0,57.93,38.7727,0.23,-19.1573,True,22.3133
1101104,Itapuã do Oeste,RO,Norte,70.63,7.12,52.0,80.0,70.7442,0.4282,-9.2558,True,22.2651
2906873,Capim Grosso,BA,Nordeste,29.34,5.74,171.0,41.49,34.1231,0.1301,-7.3669,True,22.2426
5208806,Goianira,GO,Centro-Oeste,81.0,2.41,219.0,72.54,83.8479,0.1016,11.3079,False,22.2415
4322251,Tupandi,RS,Sul,55.07,12.24,32.0,80.0,57.8097,0.6934,-22.1903,True,22.1902
4102802,Bela Vista do Paraíso,PR,Sul,54.89,7.79,84.0,67.2,56.3113,0.2638,-10.8887,True,22.1632
2108306,Penalva,MA,Nordeste,63.87,4.82,150.0,63.48,63.0468,0.1476,-0.4332,False,22.1385
5102678,Campo Verde,MT,Centro-Oeste,65.32,3.93,218.0,63.98,72.332,0.1015,8.352,False,22.1251
3530706,Mogi Guaçu,SP,Sudeste,63.47,2.58,536.0,60.73,80.0738,0.0412,19.3438,False,22.1064
2205201,Jaicós,PI,Nordeste,58.65,7.56,70.0,79.28,67.2849,0.3154,-11.9951,True,22.0809
2704401,Major Isidoro,AL,Nordeste,37.83,6.89,119.0,52.71,50.7258,0.1855,-1.9842,False,22.0768
4311502,Lavras do Sul,RS,Sul,45.74,15.5,28.0,65.1,36.8472,0.7883,-28.2528,True,22.0728
2917300,Ituberá,BA,Nordeste,29.17,8.13,85.0,55.64,34.0227,0.2592,-21.6173,True,22.0349
1506583,Santa Maria das Barreiras,PA,Norte,42.44,6.2,173.0,62.25,43.9708,0.1273,-18.2792,True,22.0233
2101301,Bacuri,MA,Nordeste,57.55,7.29,80.0,71.58,60.6875,0.2751,-10.8925,True,22.0041
4305124,Cerrito,RS,Sul,39.75,15.03,28.0,76.56,48.2494,0.7844,-28.3106,True,21.964
1507102,São Caetano de Odivelas,PA,Norte,69.86,7.65,52.0,47.56,56.2214,0.4206,8.6614,False,21.8735
5107875,Sapezal,MT,Centro-Oeste,84.38,3.54,78.0,72.97,83.657,0.2804,10.687,False,21.8728
5106778,Porto Alegre do Norte,MT,Centro-Oeste,53.26,7.8,85.0,45.7,54.0279,0.2572,8.3279,False,21.8601
2107407,Olho d'Água das Cunhãs,MA,Nordeste,58.92,8.15,63.0,62.45,55.843,0.3468,-6.607,False,21.8465
3162450,São João das Missões,MG,Sudeste,33.42,11.74,165.0,53.33,41.5929,0.132,-11.7371,False,21.7794
2603207,Caetés,PE,Nordeste,57.25,5.09,163.0,56.84,60.5929,0.1332,3.7529,False,21.7163
2602209,Bom Jardim,PE,Nordeste,69.16,5.26,94.0,67.12,64.3664,0.2302,-2.7536,False,21.6401
2110401,São Benedito do Rio Preto,MA,Nordeste,38.29,7.09,140.0,57.56,39.9762,0.1542,-17.5838,True,21.5903
3554300,Teodoro Sampaio,SP,Sudeste,70.49,6.24,67.0,71.01,77.1889,0.3215,6.1789,False,21.5407
2908309,Conceição do Almeida,BA,Nordeste,41.18,13.51,30.0,62.39,39.3222,0.7169,-23.0678,True,21.5062
2924306,Piatã,BA,Nordeste,45.33,7.97,82.0,54.27,42.3464,0.262,-11.9236,True,21.4861
4217808,Taió,SC,Sul,70.3,8.23,43.0,72.11,74.2171,0.4996,2.1071,False,21.4816
3152006,Pompéu,MG,Sudeste,56.14,7.18,94.0,69.94,66.2954,0.2284,-3.6446,False,21.4666
4313706,Palmeira das Missões,RS,Sul,49.48,11.94,45.0,58.89,51.2689,0.4767,-7.6211,False,21.4502
2904100,Boquira,BA,Nordeste,32.0,9.14,68.0,52.26,28.6197,0.3151,-23.6403,True,21.4282
4311205,Júlio de Castilhos,RS,Sul,42.17,9.93,77.0,49.24,45.6731,0.2779,-3.5669,False,21.3976
4102307,Balsa Nova,PR,Sul,75.19,5.72,63.0,77.08,74.1954,0.3393,-2.8846,False,21.3734
3112604,Capinópolis,MG,Sudeste,73.06,6.71,51.0,60.59,81.2194,0.4191,20.6294,False,21.3728
2107803,Parnarama,MA,Nordeste,54.64,5.45,157.0,80.0,59.749,0.1361,-20.251,True,21.3689
2410207,Portalegre,RN,Nordeste,65.35,11.04,28.0,60.37,57.1224,0.7628,-3.2476,False,21.3592
2924801,Piritiba,BA,Nordeste,40.58,8.19,82.0,54.9,36.999,0.2592,-17.901,True,21.2545
2101251,Bacabeira,MA,Nordeste,53.74,7.04,99.0,60.79,53.1506,0.2143,-7.6394,True,21.214
2604205,Catende,PE,Nordeste,21.83,4.94,227.0,56.0,33.8699,0.0934,-22.1301,True,21.2021
2807105,Simão Dias,SE,Nordeste,30.34,5.34,207.0,47.41,42.3327,0.1024,-5.0773,False,21.1924
4312450,Morro Redondo,RS,Sul,47.37,15.05,28.0,75.12,46.6423,0.7568,-28.4777,True,21.1895
2206605,Monte Alegre do Piauí,PI,Nordeste,57.85,9.01,49.0,71.24,68.891,0.4324,-2.349,False,21.1879
2607802,Itaquitinga,PE,Nordeste,57.34,11.0,35.0,58.59,55.6448,0.6044,-2.9452,False,21.1553
5105200,Juscimeira,MT,Centro-Oeste,67.06,7.95,50.0,58.84,64.0389,0.4231,5.1989,False,21.1549
2801009,Campo do Brito,SE,Nordeste,41.75,9.68,62.0,52.05,42.6802,0.3411,-9.3698,False,21.1462
5105101,Juara,MT,Centro-Oeste,64.07,6.48,87.0,62.05,66.026,0.2428,3.976,False,21.1269
2102309,Buriti Bravo,MA,Nordeste,57.19,6.2,109.0,45.96,60.8309,0.1936,14.8709,False,21.1069
5102637,Campo Novo do Parecis,MT,Centro-Oeste,69.89,3.39,235.0,67.98,75.6541,0.0898,7.6741,False,21.0993
2500700,São João do Rio do Peixe,PB,Nordeste,72.83,8.28,33.0,54.19,62.7316,0.6393,8.5416,False,21.0958
3169604,Tupaciguara,MG,Sudeste,58.34,6.43,106.0,51.94,63.5221,0.1989,11.5821,False,21.0799
3513108,Cravinhos,SP,Sudeste,59.0,5.28,160.0,54.06,70.3811,0.1317,16.3211,False,21.0708
2800704,Brejo Grande,SE,Nordeste,34.59,7.92,93.0,42.44,42.1518,0.2264,-0.2882,False,21.0596
3536505,Paulínia,SP,Sudeste,61.39,2.98,443.0,58.73,76.9023,0.0475,18.1723,False,21.0277
2911501,Gongogi,BA,Nordeste,50.0,11.88,34.0,42.85,42.6574,0.6183,-0.1926,False,21.0205
3528502,Mairiporã,SP,Sudeste,63.31,3.17,357.0,63.17,79.2056,0.0588,16.0356,False,20.9847
3148707,Pedra Azul,MG,Sudeste,60.72,6.54,93.0,64.51,63.9956,0.2254,-0.5144,False,20.9651
2904506,Brotas de Macaúbas,BA,Nordeste,60.98,10.56,32.0,64.62,53.1498,0.6551,-11.4702,True,20.9624
3111101,Campina Verde,MG,Sudeste,75.02,7.68,33.0,78.07,71.9679,0.6341,-6.1021,False,20.9253
3116159,Chapada Gaúcha,MG,Sudeste,69.39,6.27,69.0,59.2,68.6433,0.3028,9.4433,False,20.8915
5108055,Terra Nova do Norte,MT,Centro-Oeste,61.14,7.48,70.0,65.65,66.9991,0.2984,1.3491,False,20.8914
1702208,Araguatins,TO,Norte,50.49,5.59,183.0,48.97,62.2374,0.1139,13.2674,False,20.8356
2900306,Acajutiba,BA,Nordeste,59.14,9.99,38.0,35.26,52.7493,0.5461,17.4893,False,20.7529
1100700,Campo Novo de Rondônia,RO,Norte,71.95,6.94,50.0,66.05,73.0246,0.4132,6.9746,False,20.6595
2106805,Mirinzal,MA,Nordeste,69.38,7.6,47.0,80.0,61.9317,0.4394,-18.0683,True,20.6501
4305306,Chapada,RS,Sul,47.46,12.78,35.0,76.72,47.9155,0.5895,-28.8045,True,20.6319
5105176,Juruena,MT,Centro-Oeste,73.68,7.12,44.0,66.31,78.0328,0.4678,11.7228,False,20.5814
3302908,Miguel Pereira,RJ,Sudeste,70.49,6.02,80.0,64.77,67.4796,0.2572,2.7096,False,20.576
2307106,Jardim,CE,Nordeste,70.8,4.77,102.0,78.5,70.8693,0.2013,-7.6307,True,20.5354
2805307,Pirambu,SE,Nordeste,37.66,9.52,71.0,41.14,45.1975,0.2888,4.0575,False,20.5053
2609204,Maraial,PE,Nordeste,58.47,9.42,44.0,72.6,64.1322,0.4653,-8.4678,False,20.4712
4322202,Tupanciretã,RS,Sul,44.37,10.4,57.0,74.42,47.5212,0.3589,-26.8988,True,20.4548
2911857,Heliópolis,BA,Nordeste,36.36,11.61,42.0,45.96,31.7805,0.4847,-14.1795,True,20.3574
1508035,Tracuateua,PA,Norte,37.16,6.89,141.0,58.72,51.665,0.1443,-7.055,True,20.3496
2933406,Wagner,BA,Nordeste,45.0,9.75,55.0,62.1,39.6369,0.3687,-22.4631,True,20.2771
4114203,Mandaguari,PR,Sul,81.53,3.78,84.0,80.0,77.9187,0.241,-2.0813,False,20.2438
3107406,Bom Despacho,MG,Sudeste,65.87,5.62,114.0,54.75,71.4069,0.1774,16.6569,False,20.228
2703106,Igaci,AL,Nordeste,24.34,5.62,204.0,44.57,39.6167,0.0991,-4.9533,False,20.2127
4107603,Faxinal,PR,Sul,71.77,6.09,64.0,80.0,71.948,0.3156,-8.052,True,20.1967
5220454,Senador Canedo,GO,Centro-Oeste,60.34,2.2,826.0,58.75,68.5858,0.0244,9.8358,False,20.1946
2709202,Traipu,AL,Nordeste,47.49,7.77,89.0,46.14,48.3696,0.2261,2.2296,False,20.1238
5107008,Poxoréo,MT,Centro-Oeste,46.04,6.48,143.0,57.77,52.3018,0.1406,-5.4682,False,20.1118
2501609,Barra de Santa Rosa,PB,Nordeste,45.83,11.22,48.0,64.1,57.9599,0.4189,-6.1401,False,20.1088
2308302,Milagres,CE,Nordeste,79.33,4.97,55.0,76.7,69.7775,0.3652,-6.9225,True,20.0836
4302907,Cacequi,RS,Sul,48.95,17.58,26.0,60.3,43.0821,0.7712,-17.2179,False,20.05
2512101,Pombal,PB,Nordeste,65.56,5.96,96.0,65.6,74.8491,0.2088,9.2491,False,20.0423
4310538,Itaara,RS,Sul,38.48,13.34,44.0,65.8,49.4766,0.4546,-16.3234,True,20.0033
2202901,Corrente,PI,Nordeste,37.78,5.88,170.0,58.23,48.2477,0.1171,-9.9823,True,19.908
4210407,Maracajá,SC,Sul,61.82,9.67,51.0,65.51,64.7891,0.3903,-0.7209,False,19.9035
2512705,Remígio,PB,Nordeste,49.27,8.26,79.0,65.68,55.7591,0.2518,-9.9209,True,19.8956
3148103,Patrocínio,MG,Sudeste,76.2,2.96,203.0,67.71,79.8726,0.0979,12.1626,False,19.8692
5003454,Deodápolis,MS,Centro-Oeste,65.71,7.69,58.0,80.0,67.0357,0.3421,-12.9643,True,19.8394
4320800,Soledade,RS,Sul,61.85,11.72,33.0,70.64,53.5074,0.5994,-17.1326,True,19.7815
4105706,Clevelândia,PR,Sul,74.85,6.05,57.0,75.22,70.2575,0.3466,-4.9625,False,19.7542
3517703,Guará,SP,Sudeste,76.27,6.39,47.0,71.39,80.5271,0.4188,9.1371,False,19.6827
4109500,Guaraqueçaba,PR,Sul,57.21,12.31,37.0,73.22,44.5152,0.5317,-28.7048,True,19.6745
2406502,Lagoa Nova,RN,Nordeste,35.62,7.43,119.0,48.64,48.324,0.1652,-0.316,False,19.6625
3527207,Lorena,SP,Sudeste,47.91,3.83,380.0,54.48,56.5517,0.0517,2.0717,False,19.6536
2404853,Itajá,RN,Nordeste,40.02,11.98,50.0,64.47,45.1057,0.3928,-19.3643,True,19.6412
1200104,Brasiléia,AC,Norte,46.68,5.61,204.0,53.01,49.2668,0.096,-3.7432,False,19.593
2904001,Boninal,BA,Nordeste,48.96,10.0,49.0,56.32,41.9865,0.3993,-14.3335,True,19.568
3522406,Itapeva,SP,Sudeste,56.2,3.17,489.0,62.06,66.2405,0.04,4.1805,False,19.5415
2919405,Licínio de Almeida,BA,Nordeste,65.48,10.17,29.0,76.51,62.1613,0.6735,-14.3487,True,19.5317
1200427,Rodrigues Alves,AC,Norte,38.9,8.15,115.0,46.4,43.3717,0.1698,-3.0283,False,19.5221
2408904,Parelhas,RN,Nordeste,50.72,9.91,57.0,55.09,55.1063,0.3415,0.0163,False,19.4671
2930907,Tabocas do Brejo Velho,BA,Nordeste,43.31,8.62,72.0,49.5,34.5962,0.2701,-14.9038,True,19.4443
4214706,Rio dos Cedros,SC,Sul,68.6,8.97,42.0,66.99,60.8169,0.4624,-6.1731,False,19.4205
2805802,Riachão do Dantas,SE,Nordeste,34.64,8.37,88.0,51.13,38.5823,0.2201,-12.5477,True,19.3722
1200179,Capixaba,AC,Norte,34.97,7.6,128.0,42.9,44.0667,0.1511,1.1667,False,19.3379
2605905,Gameleira,PE,Nordeste,77.37,6.43,38.0,65.53,64.2668,0.5087,-1.2632,False,19.3311
2923704,Paratinga,BA,Nordeste,24.46,5.52,176.0,36.71,26.3265,0.1098,-10.3835,True,19.3255
3126109,Formiga,MG,Sudeste,86.88,3.23,64.0,71.09,81.1561,0.3019,10.0661,False,19.3231
4108601,Goioerê,PR,Sul,63.77,5.87,111.0,73.46,67.3623,0.1741,-6.0977,True,19.321
4124020,Santa Tereza do Oeste,PR,Sul,77.75,5.44,58.0,75.36,74.9934,0.3329,-0.3666,False,19.3105
5106307,Paranatinga,MT,Centro-Oeste,60.99,5.46,140.0,56.56,65.9089,0.1379,9.3489,False,19.3005
2905404,Cairu,BA,Nordeste,32.87,5.44,192.0,50.33,34.2959,0.1004,-16.0341,True,19.2711
3149309,Pedro Leopoldo,MG,Sudeste,69.21,4.57,141.0,65.85,70.8327,0.1364,4.9827,False,19.2301
1100924,Chupinguaia,RO,Norte,72.9,7.08,48.0,80.0,60.2765,0.4003,-19.7235,True,19.2131
3305752,Tanguá,RJ,Sudeste,54.45,5.34,181.0,63.44,57.1207,0.1061,-6.3193,True,19.2056
3204054,Pedro Canário,ES,Sudeste,80.91,4.49,62.0,72.65,79.52,0.3097,6.87,False,19.2024
4321956,Trindade do Sul,RS,Sul,62.9,13.07,27.0,80.0,54.6378,0.708,-25.3622,True,19.1165
2918803,Laje,BA,Nordeste,45.45,9.31,60.0,57.42,38.1918,0.3186,-19.2282,True,19.1147
2506905,Itabaiana,PB,Nordeste,55.52,8.07,69.0,40.71,53.9889,0.2752,13.2789,False,18.9904
2804201,Monte Alegre de Sergipe,SE,Nordeste,35.07,7.2,114.0,40.19,37.2277,0.1663,-2.9623,False,18.9628
2112902,Vitória do Mearim,MA,Nordeste,60.2,6.11,108.0,59.07,58.4755,0.1755,-0.5945,False,18.9542
2507101,Itapororoca,PB,Nordeste,84.2,5.84,25.0,74.3,66.3588,0.7573,-7.9412,True,18.9323
4318200,São Francisco de Paula,RS,Sul,37.71,9.5,67.0,64.37,44.7791,0.2819,-19.5909,True,18.8891
4305801,Constantina,RS,Sul,45.68,10.84,55.0,80.0,49.8181,0.3431,-30.1819,True,18.8719
3305158,São José do Vale do Rio Preto,RJ,Sudeste,76.78,5.24,69.0,74.08,71.5637,0.2733,-2.5163,False,18.8559
2105153,Igarapé do Meio,MA,Nordeste,77.64,6.82,33.0,65.78,72.4614,0.5702,6.6814,False,18.8157
2701209,Cacimbinhas,AL,Nordeste,54.19,7.8,74.0,45.25,56.986,0.254,11.736,False,18.7924
2510105,Nova Floresta,PB,Nordeste,67.55,8.76,37.0,70.55,64.1851,0.5078,-6.3649,False,18.7872
2923100,Olindina,BA,Nordeste,21.29,5.64,159.0,48.45,33.7597,0.1182,-14.6903,True,18.7861
2609501,Nazaré da Mata,PE,Nordeste,56.96,6.53,98.0,62.99,58.2882,0.1913,-4.7018,False,18.7487
3550605,São Roque,SP,Sudeste,51.51,3.65,386.0,61.36,61.662,0.0486,0.302,False,18.7453
2700409,Atalaia,AL,Nordeste,44.26,4.68,247.0,46.74,51.8973,0.0759,5.1573,False,18.7381
2907202,Casa Nova,BA,Nordeste,20.93,3.85,340.0,27.82,26.2695,0.0551,-1.5505,False,18.7196
2307502,Lavras da Mangabeira,CE,Nordeste,74.29,5.47,64.0,76.77,72.2508,0.2925,-4.5192,False,18.7181
3303609,Paracambi,RJ,Sudeste,69.99,4.71,128.0,69.35,69.6684,0.1457,0.3184,False,18.6552
2204659,Ilha Grande,PI,Nordeste,34.83,7.78,102.0,52.58,45.8799,0.1829,-6.7001,False,18.6524
3105400,Barão de Cocais,MG,Sudeste,62.7,5.27,142.0,65.68,72.5358,0.1312,6.8558,False,18.624
4321303,Taquari,RS,Sul,13.18,8.67,72.0,59.5,38.0931,0.2585,-21.4069,True,18.6129
2504033,Capim,PB,Nordeste,60.38,9.45,46.0,63.86,64.6307,0.4046,0.7707,False,18.6108
2104404,Gonçalves Dias,MA,Nordeste,66.98,9.54,36.0,56.45,59.8096,0.5166,3.3596,False,18.5966
2801207,Canindé de São Francisco,SE,Nordeste,26.65,4.04,352.0,38.24,36.2235,0.0528,-2.0165,False,18.5819
2601052,Araçoiaba,PE,Nordeste,53.49,6.59,110.0,56.79,55.4173,0.1689,-1.3727,False,18.576
4300109,Agudo,RS,Sul,56.92,8.08,69.0,63.92,52.8099,0.2692,-11.1101,True,18.5727
2930600,Serrolândia,BA,Nordeste,25.69,7.14,107.0,47.13,29.0203,0.1735,-18.1097,True,18.568
4121505,Rebouças,PR,Sul,77.01,5.96,48.0,80.0,78.0143,0.3863,-1.9857,False,18.5447
3517505,Guapiaçu,SP,Sudeste,70.54,6.69,69.0,64.05,77.3963,0.2683,13.3463,False,18.5138
4114401,Mangueirinha,PR,Sul,66.11,7.34,65.0,74.62,65.9991,0.2846,-8.6209,True,18.5012
2102606,Cândido Mendes,MA,Nordeste,49.54,6.45,120.0,67.57,55.9784,0.1541,-11.5916,True,18.4945
2203206,Curimatá,PI,Nordeste,81.77,6.39,27.0,71.92,74.5694,0.6836,2.6494,False,18.4577
4107207,Dois Vizinhos,PR,Sul,82.56,3.25,108.0,80.0,78.8694,0.1708,-1.1306,False,18.4415
3551702,Sertãozinho,SP,Sudeste,54.16,2.63,699.0,62.3,68.9044,0.0264,6.6044,False,18.4391
2401008,Apodi,RN,Nordeste,48.85,7.74,98.0,50.29,52.8527,0.188,2.5627,False,18.4282
2707602,Quebrangulo,AL,Nordeste,61.43,7.41,66.0,64.83,66.6013,0.2792,1.7713,False,18.4266
1700707,Alvorada,TO,Norte,72.01,8.39,36.0,58.3,67.2015,0.5116,8.9015,False,18.4177
5003801,Fátima do Sul,MS,Centro-Oeste,59.59,6.07,112.0,67.03,61.6893,0.1644,-5.3407,False,18.4177
3123601,Elói Mendes,MG,Sudeste,65.01,6.0,99.0,65.11,66.5881,0.1858,1.4781,False,18.3914
4110078,Imbaú,PR,Sul,70.26,6.63,61.0,74.42,64.5272,0.3008,-9.8928,True,18.3485
1303601,Santa Isabel do Rio Negro,AM,Norte,36.03,10.88,54.0,41.95,35.7024,0.3385,-6.2476,False,18.2811
5003488,Dois Irmãos do Buriti,MS,Centro-Oeste,39.88,6.74,129.0,51.28,47.2681,0.1417,-4.0119,False,18.2758
4319406,São Pedro do Sul,RS,Sul,61.57,10.96,34.0,77.99,55.6715,0.5372,-22.3185,True,18.266
3301157,Cardoso Moreira,RJ,Sudeste,34.97,7.31,125.0,46.4,47.0993,0.1457,0.6993,False,18.2167
4300034,Aceguá,RS,Sul,52.5,14.89,25.0,73.1,40.4704,0.7267,-32.6296,True,18.1682
4115606,Matelândia,PR,Sul,71.42,5.68,80.0,75.5,69.9503,0.2268,-5.5497,False,18.1449
4309902,Ibiraiaras,RS,Sul,49.13,13.46,30.0,78.91,52.7938,0.6046,-26.1162,True,18.1386
4209904,Lontras,SC,Sul,58.41,7.31,92.0,66.39,68.4561,0.1971,2.0661,False,18.133
2516300,Sumé,PB,Nordeste,64.54,8.16,49.0,47.42,59.6107,0.3696,12.1907,False,18.1115
2202505,Caracol,PI,Nordeste,49.31,9.06,67.0,67.14,53.4479,0.2698,-13.6921,True,18.0746
3548906,São Carlos,SP,Sudeste,50.32,3.15,547.0,60.84,63.6892,0.033,2.8492,False,18.0743
2515104,São Sebastião de Lagoa de Roça,PB,Nordeste,57.17,11.33,35.0,69.41,59.3611,0.5161,-10.0489,False,18.0636
1200385,Plácido de Castro,AC,Norte,33.79,7.28,133.0,41.81,42.8712,0.1358,1.0612,False,18.0548
3523206,Itararé,SP,Sudeste,53.17,4.44,243.0,63.77,64.6029,0.0743,0.8329,False,18.0524
2511202,Pedras de Fogo,PB,Nordeste,48.59,5.06,206.0,50.63,59.4004,0.0875,8.7704,False,18.0322
2924652,Pintadas,BA,Nordeste,55.7,10.95,35.0,56.24,54.1996,0.5151,-2.0404,False,18.0272
3135100,Janaúba,MG,Sudeste,61.68,5.57,120.0,59.53,70.1129,0.1501,10.5829,False,18.0134
5104807,Jaciara,MT,Centro-Oeste,55.27,5.23,169.0,64.51,67.2026,0.1065,2.6926,False,17.9981
2509057,Marcação,PB,Nordeste,24.21,8.66,86.0,72.42,35.3896,0.2091,-37.0304,True,17.9788
2919306,Lençóis,BA,Nordeste,37.66,10.82,48.0,49.76,33.7934,0.3742,-15.9666,True,17.9607
3506508,Birigui,SP,Sudeste,78.13,2.52,238.0,73.86,83.1231,0.0754,9.2631,False,17.9475
2908903,Coração de Maria,BA,Nordeste,21.3,6.17,133.0,45.58,29.5991,0.1347,-15.9809,True,17.9204
4109708,Ibaiti,PR,Sul,71.62,4.82,102.0,75.07,72.638,0.175,-2.432,False,17.8532
4211058,Monte Carlo,SC,Sul,52.66,9.09,76.0,68.99,52.3487,0.2347,-16.6413,True,17.8375
2922250,Muquém de São Francisco,BA,Nordeste,22.03,7.48,92.0,45.61,26.3666,0.1935,-19.2434,True,17.8027
1716703,Colméia,TO,Norte,60.62,12.52,30.0,58.71,56.1684,0.5929,-2.5416,False,17.7883
5107107,São José dos Quatro Marcos,MT,Centro-Oeste,68.72,6.76,62.0,80.0,76.1921,0.2868,-3.8079,False,17.7795
4117909,Palotina,PR,Sul,74.33,4.28,113.0,72.48,77.0406,0.1573,4.5606,False,17.7754
1600238,Ferreira Gomes,AP,Norte,74.95,7.35,37.0,75.44,69.0918,0.4804,-6.3482,False,17.7741
2907905,Cipó,BA,Nordeste,31.09,6.53,133.0,42.99,32.9741,0.1336,-10.0159,True,17.768
2514503,São José de Piranhas,PB,Nordeste,55.77,8.43,61.0,48.14,61.7492,0.2909,13.6092,False,17.7428
2110039,Santa Luzia do Paruá,MA,Nordeste,85.75,4.43,36.0,80.0,69.1235,0.4928,-10.8765,True,17.7406
2103802,Dom Pedro,MA,Nordeste,43.93,7.47,103.0,52.95,47.903,0.172,-5.047,False,17.7193
4204509,Corupá,SC,Sul,79.71,5.86,48.0,67.27,78.5708,0.3688,11.3008,False,17.7022
4206108,Grão Pará,SC,Sul,70.22,10.71,27.0,69.91,64.5828,0.6555,-5.3272,False,17.6981
1100015,Alta Floresta D'Oeste,RO,Norte,67.81,5.54,99.0,69.51,66.3731,0.1787,-3.1369,False,17.6901
2608255,Jucati,PE,Nordeste,68.79,6.9,56.0,55.61,67.3396,0.3158,11.7296,False,17.6857
5212501,Luziânia,GO,Centro-Oeste,66.26,1.73,1018.0,69.18,75.5673,0.0174,6.3873,False,17.6632
4322301,Tuparendi,RS,Sul,52.68,12.19,39.0,80.0,48.3187,0.4527,-31.6813,True,17.6547
2905800,Camamu,BA,Nordeste,28.39,5.75,169.0,41.28,29.3811,0.1044,-11.8989,True,17.6373
3141801,Minas Novas,MG,Sudeste,78.82,5.25,53.0,73.23,77.8875,0.3313,4.6575,False,17.5601
4209151,José Boiteux,SC,Sul,52.76,12.75,41.0,50.48,55.9881,0.4274,5.5081,False,17.5248
4309001,Giruá,RS,Sul,46.87,10.74,45.0,77.4,45.2809,0.3892,-32.1191,True,17.515
5215231,Novo Gama,GO,Centro-Oeste,57.34,3.12,486.0,61.34,67.7392,0.036,6.3992,False,17.4989
2911907,Iaçu,BA,Nordeste,28.52,5.46,188.0,38.47,28.644,0.0929,-9.826,True,17.4672
3118007,Congonhas,MG,Sudeste,74.02,3.69,163.0,63.94,79.7004,0.1069,15.7604,False,17.4247
2204501,Guadalupe,PI,Nordeste,68.56,8.01,41.0,59.02,62.1436,0.4245,3.1236,False,17.4046
2907558,Caturama,BA,Nordeste,50.85,12.76,29.0,57.64,42.443,0.5982,-15.197,True,17.3488
2909406,Cotegipe,BA,Nordeste,41.9,9.44,61.0,53.23,36.2286,0.2844,-17.0014,True,17.3483
3518404,Guaratinguetá,SP,Sudeste,55.83,3.25,432.0,64.39,73.6257,0.0401,9.2357,False,17.3439
2100550,Amapá do Maranhão,MA,Nordeste,42.98,9.6,59.0,38.5,45.0349,0.2938,6.5349,False,17.3368
2105906,Lago Verde,MA,Nordeste,76.74,7.87,29.0,67.9,61.5278,0.5957,-6.3722,False,17.2767
4126801,Tapejara,PR,Sul,61.07,7.9,66.0,72.72,60.5762,0.2616,-12.1438,True,17.2637
2106508,Matinha,MA,Nordeste,46.66,7.17,104.0,69.13,53.4236,0.1658,-15.7064,True,17.2452
4301057,Arroio do Sal,RS,Sul,46.78,8.4,86.0,71.44,48.1419,0.2,-23.2981,True,17.2008
4311718,Maçambará,RS,Sul,43.4,15.06,30.0,71.11,45.2727,0.5728,-25.8373,True,17.1835
2103752,Davinópolis,MA,Nordeste,69.82,7.3,48.0,70.97,68.6194,0.3577,-2.3506,False,17.1709
2606101,Glória do Goitá,PE,Nordeste,66.22,6.63,68.0,73.52,64.0304,0.2524,-9.4896,True,17.1632
2613800,São Vicente Ferrer,PE,Nordeste,42.62,8.32,81.0,58.82,47.7099,0.2117,-11.1101,True,17.1515
5218003,Porangatu,GO,Centro-Oeste,49.92,5.19,191.0,60.91,62.1565,0.0895,1.2465,False,17.0897
4218202,Timbó,SC,Sul,78.0,5.07,69.0,73.04,79.2899,0.2474,6.2499,False,17.0691
1506609,Santa Maria do Pará,PA,Norte,39.79,6.23,156.0,47.15,43.2348,0.1094,-3.9152,False,17.0651
3301207,Carmo,RJ,Sudeste,67.99,7.81,53.0,55.29,62.1295,0.3218,6.8395,False,17.0535
2511608,Pilões,PB,Nordeste,61.22,10.16,38.0,53.95,61.1882,0.4483,7.2382,False,17.0342
2702603,Feira Grande,AL,Nordeste,44.46,6.52,129.0,49.0,45.705,0.1319,-3.295,False,17.0095
2207801,Paulistana,PI,Nordeste,50.48,6.38,123.0,56.33,59.1453,0.1382,2.8153,False,16.998
2600401,Água Preta,PE,Nordeste,55.56,7.39,82.0,67.26,56.0857,0.2072,-11.1743,True,16.9919
4111902,Jaguapitã,PR,Sul,62.25,6.79,90.0,77.37,58.7586,0.1885,-18.6114,True,16.9631
2803302,Japaratuba,SE,Nordeste,58.28,7.48,70.0,54.23,60.0852,0.2423,5.8552,False,16.9585
3508504,Caçapava,SP,Sudeste,44.26,3.57,495.0,61.85,60.6127,0.0342,-1.2373,False,16.9053
4217501,Seara,SC,Sul,70.92,7.78,51.0,80.0,73.2585,0.331,-6.7415,False,16.8804
4314704,Planalto,RS,Sul,54.09,12.11,31.0,74.79,51.513,0.5442,-23.277,True,16.8695
4126504,Sertanópolis,PR,Sul,61.99,8.4,63.0,70.98,63.6942,0.2677,-7.2858,False,16.8653
4309407,Guaporé,RS,Sul,49.19,7.27,102.0,55.09,52.5405,0.1653,-2.5495,False,16.8641
3171303,Viçosa,MG,Sudeste,72.1,4.85,103.0,68.27,77.275,0.1637,9.005,False,16.8616
2925709,Presidente Jânio Quadros,BA,Nordeste,31.78,8.82,73.0,45.13,33.4965,0.231,-11.6335,True,16.8596
5102702,Canarana,MT,Centro-Oeste,42.06,5.58,209.0,46.81,51.766,0.0807,4.956,False,16.8565
2607000,Inajá,PE,Nordeste,79.7,4.88,55.0,62.73,69.6119,0.306,6.8819,False,16.8281
4316600,Sananduva,RS,Sul,43.22,9.78,62.0,76.11,55.8861,0.2714,-20.2239,True,16.8276
2900355,Adustina,BA,Nordeste,42.45,8.22,80.0,56.06,41.7399,0.2101,-14.3201,True,16.8055
1200138,Bujari,AC,Norte,26.7,7.2,133.0,35.2,34.0143,0.1263,-1.1857,False,16.7999
1714880,Nova Olinda,TO,Norte,40.69,7.51,109.0,40.82,50.4194,0.154,9.5994,False,16.785
3203320,Marataízes,ES,Sudeste,69.41,3.82,201.0,75.34,79.8596,0.0834,4.5196,False,16.7721
4218400,Treze de Maio,SC,Sul,62.39,10.03,40.0,74.39,65.3272,0.4184,-9.0628,False,16.7353
3110509,Camanducaia,MG,Sudeste,58.56,5.92,147.0,62.93,65.9279,0.1137,2.9979,False,16.7175
3501707,Américo Brasiliense,SP,Sudeste,71.18,4.68,114.0,70.76,79.1012,0.1466,8.3412,False,16.7142
4217006,São Ludgero,SC,Sul,68.63,6.64,70.0,70.37,68.2164,0.2388,-2.1536,False,16.7137
4113502,Loanda,PR,Sul,73.77,5.85,63.0,74.76,69.4011,0.2648,-5.3589,False,16.6841
2615409,Toritama,PE,Nordeste,63.95,4.03,206.0,59.92,65.8215,0.081,5.9015,False,16.6815
2925907,Quijingue,BA,Nordeste,34.85,8.13,86.0,51.51,33.7771,0.1939,-17.7329,True,16.6729
2915403,Itaju do Colônia,BA,Nordeste,15.25,9.17,50.0,35.74,23.6795,0.3334,-12.0605,True,16.6677
2409100,Passa e Fica,RN,Nordeste,41.06,10.42,64.0,40.01,47.6916,0.2603,7.6816,False,16.6583
1500131,Abel Figueiredo,PA,Norte,54.87,10.12,50.0,66.38,59.128,0.3329,-7.252,False,16.6426
2104099,Formosa da Serra Negra,MA,Nordeste,84.29,5.08,32.0,80.0,75.2037,0.5193,-4.7963,False,16.6184
5208004,Formosa,GO,Centro-Oeste,64.02,2.77,462.0,68.67,71.6311,0.036,2.9611,False,16.6103
2902203,Aramari,BA,Nordeste,17.95,8.52,64.0,37.3,24.3677,0.2591,-12.9323,True,16.5848
3112703,Capitão Enéas,MG,Sudeste,63.79,7.89,63.0,67.74,65.8146,0.263,-1.9254,False,16.5707
2931608,Teolândia,BA,Nordeste,44.76,8.15,79.0,57.92,44.734,0.2089,-13.186,True,16.5007
2919702,Macarani,BA,Nordeste,44.74,9.13,63.0,59.12,41.2743,0.2616,-17.8457,True,16.4797
3550704,São Sebastião,SP,Sudeste,44.38,3.15,598.0,52.07,59.131,0.0275,7.061,False,16.4629
2928950,São Domingos,BA,Nordeste,52.94,13.7,24.0,40.65,48.5981,0.6855,7.9481,False,16.4529
3135803,Jequitinhonha,MG,Sudeste,55.65,9.21,55.0,55.55,61.0191,0.2989,5.4691,False,16.4379
4104709,Carlópolis,PR,Sul,66.17,7.47,61.0,75.62,63.2138,0.2693,-12.4062,True,16.427
3110004,Caeté,MG,Sudeste,70.95,4.83,115.0,75.47,73.1368,0.1426,-2.3332,False,16.3963
2105351,Itaipava do Grajaú,MA,Nordeste,73.0,6.83,45.0,80.0,69.9994,0.3634,-10.0006,True,16.3547
5002308,Brasilândia,MS,Centro-Oeste,60.76,7.15,80.0,60.95,64.5227,0.2044,3.5727,False,16.3489
5107305,São José do Rio Claro,MT,Centro-Oeste,60.29,6.37,99.0,75.26,65.8048,0.1651,-9.4552,True,16.3474
3540606,Porto Feliz,SP,Sudeste,70.08,3.95,169.0,75.58,76.5005,0.0966,0.9205,False,16.3322
2705408,Monteirópolis,AL,Nordeste,31.11,9.56,62.0,49.07,41.6349,0.2631,-7.4351,False,16.3097
3543303,Ribeirão Pires,SP,Sudeste,66.4,4.63,150.0,69.38,78.0634,0.1087,8.6834,False,16.2994
2104008,Esperantinópolis,MA,Nordeste,81.48,5.54,35.0,66.08,71.4705,0.4657,5.3905,False,16.299
2511509,Pilar,PB,Nordeste,38.06,10.27,60.0,75.43,55.3282,0.2714,-20.1018,True,16.2818
2702553,Estrela de Alagoas,AL,Nordeste,36.13,8.05,95.0,48.49,34.5511,0.1713,-13.9389,True,16.2718
4308078,Fazenda Vilanova,RS,Sul,65.0,12.73,22.0,80.0,49.6262,0.7394,-30.3738,True,16.2662
3529807,Mineiros do Tietê,SP,Sudeste,68.18,9.77,40.0,56.82,72.0858,0.4064,15.2658,False,16.2574
2111003,São João Batista,MA,Nordeste,58.42,10.29,41.0,44.4,57.5428,0.3956,13.1428,False,16.2203
2306405,Itapipoca,CE,Nordeste,88.96,1.63,169.0,80.0,88.1864,0.096,8.1864,False,16.2184
2926657,Ribeirão do Largo,BA,Nordeste,52.63,11.23,36.0,57.87,42.443,0.4504,-15.427,True,16.2145
5209705,Hidrolândia,GO,Centro-Oeste,65.56,4.7,136.0,72.44,71.1844,0.1192,-1.2556,False,16.2057
5215603,Padre Bernardo,GO,Centro-Oeste,69.55,4.79,118.0,65.33,73.1758,0.1371,7.8458,False,16.1831
4317707,Santo Antônio das Missões,RS,Sul,52.96,11.34,40.0,75.47,48.2412,0.4045,-27.2288,True,16.1788
2400505,Alexandria,RN,Nordeste,58.97,8.35,63.0,33.21,48.8398,0.2568,15.6298,False,16.178
2705200,Messias,AL,Nordeste,41.87,6.37,142.0,45.47,40.2511,0.1137,-5.2189,False,16.1433
2913457,Igrapiúna,BA,Nordeste,43.64,13.11,31.0,45.04,34.8269,0.5205,-10.2131,False,16.1368
3510203,Capão Bonito,SP,Sudeste,74.63,3.8,138.0,68.09,79.9496,0.1169,11.8596,False,16.1279
2405603,Jardim de Piranhas,RN,Nordeste,63.06,10.88,35.0,45.13,45.4528,0.4605,0.3228,False,16.1169
3128709,Guaxupé,MG,Sudeste,66.94,4.36,162.0,62.12,78.2934,0.0993,16.1734,False,16.088
2406304,Lagoa de Pedras,RN,Nordeste,28.93,12.58,45.0,58.2,36.1732,0.3575,-22.0268,True,16.0865
2108009,Pastos Bons,MA,Nordeste,63.99,6.23,87.0,75.94,64.7062,0.1847,-11.2338,True,16.0697
2407708,Montanhas,RN,Nordeste,44.21,8.91,79.0,65.63,52.8179,0.2033,-12.8121,True,16.063
3111408,Campo Florido,MG,Sudeste,52.15,10.05,57.0,77.17,57.3709,0.2814,-19.7991,True,16.0415
1100098,Espigão D'Oeste,RO,Norte,71.17,4.91,105.0,80.0,78.1079,0.1525,-1.8921,False,16.0077
3503307,Araras,SP,Sudeste,59.68,3.7,299.0,65.24,74.7459,0.0535,9.5059,False,15.9968
2507903,Juripiranga,PB,Nordeste,46.55,10.17,55.0,60.06,54.6972,0.2901,-5.3628,False,15.9571
2613206,São João,PE,Nordeste,54.46,7.34,82.0,67.04,61.0238,0.1945,-6.0162,False,15.9516
2902252,Arataca,BA,Nordeste,13.11,8.47,53.0,32.22,20.2652,0.301,-11.9548,True,15.9515
2917003,Itiúba,BA,Nordeste,21.05,5.08,195.0,42.9,29.4581,0.0816,-13.4419,True,15.9178
3303955,Pinheiral,RJ,Sudeste,63.29,5.66,118.0,60.7,61.4777,0.1348,0.7777,False,15.9099
2918308,Jitaúna,BA,Nordeste,40.82,9.73,58.0,39.62,41.1967,0.2739,1.5767,False,15.8889
1713205,Miracema do Tocantins,TO,Norte,46.4,8.54,87.0,53.79,50.2301,0.1826,-3.5599,False,15.886
2901809,Antônio Gonçalves,BA,Nordeste,25.32,9.59,59.0,46.92,28.2556,0.2691,-18.6644,True,15.8793
4123006,Salto do Lontra,PR,Sul,76.47,6.55,45.0,80.0,73.665,0.3524,-6.335,False,15.86
2408300,Nova Cruz,RN,Nordeste,28.43,7.06,138.0,45.24,39.0493,0.1148,-6.1907,False,15.8365
2901353,Andorinha,BA,Nordeste,28.44,8.47,78.0,47.23,30.4452,0.2029,-16.7848,True,15.827
3518305,Guararema,SP,Sudeste,77.01,4.2,96.0,69.64,79.7778,0.1647,10.1378,False,15.8107
1702406,Arraias,TO,Norte,61.2,10.37,37.0,48.29,54.4225,0.4272,6.1325,False,15.8049
1503408,Inhangapi,PA,Norte,45.41,9.96,65.0,37.4,45.1618,0.2431,7.7618,False,15.8012
4315305,Quaraí,RS,Sul,36.25,11.85,46.0,63.01,40.7318,0.343,-22.2782,True,15.7761
4124400,Santo Antônio do Sudoeste,PR,Sul,81.42,4.91,51.0,79.65,72.597,0.3091,-7.053,True,15.7651
2931806,Tremedal,BA,Nordeste,42.86,11.05,44.0,59.42,43.552,0.3582,-15.868,True,15.7603
3503208,Araraquara,SP,Sudeste,62.08,3.29,364.0,63.77,71.1072,0.0431,7.3372,False,15.7019
3150570,Pintópolis,MG,Sudeste,64.82,9.68,37.0,58.37,69.0702,0.4237,10.7002,False,15.6765
2902609,Baixa Grande,BA,Nordeste,36.78,10.13,55.0,49.85,47.6117,0.2846,-2.2383,False,15.6556
2706406,Pão de Açúcar,AL,Nordeste,55.27,5.57,142.0,58.15,57.1635,0.1102,-0.9865,False,15.655
4100608,Alto Paraná,PR,Sul,70.13,7.26,55.0,69.81,65.2,0.2844,-4.61,False,15.6447
4102901,Bituruna,PR,Sul,70.06,5.98,82.0,80.0,67.7644,0.1905,-12.2356,True,15.6218
2924603,Pindobaçu,BA,Nordeste,39.19,6.42,135.0,48.19,35.85,0.1156,-12.34,True,15.5993
2905107,Caém,BA,Nordeste,36.71,10.63,50.0,49.14,28.192,0.3119,-20.948,True,15.5964
3548807,São Caetano do Sul,SP,Sudeste,66.12,2.82,420.0,67.13,78.2442,0.0371,11.1142,False,15.5774
4314035,Pareci Novo,RS,Sul,53.95,14.14,24.0,75.15,54.9053,0.6489,-20.2447,True,15.5748
2929107,São Felipe,BA,Nordeste,41.13,8.12,83.0,56.92,37.1728,0.1876,-19.7472,True,15.5681
1302801,Maraã,AM,Norte,48.42,9.82,63.0,36.53,48.7274,0.2471,12.1974,False,15.5676
2110302,Santo Antônio dos Lopes,MA,Nordeste,72.56,8.23,33.0,61.62,72.1992,0.4716,10.5792,False,15.5615
3556453,Vargem Grande Paulista,SP,Sudeste,64.59,4.02,208.0,63.87,74.3911,0.0748,10.5211,False,15.5587
4319158,São Miguel das Missões,RS,Sul,47.47,12.56,33.0,77.4,51.8414,0.4714,-25.5586,True,15.5553
2930766,Sítio do Quinto,BA,Nordeste,42.47,11.34,42.0,55.61,42.2809,0.37,-13.3291,True,15.5387
2914109,Ipupiara,BA,Nordeste,59.15,11.43,29.0,70.97,50.2786,0.5349,-20.6914,True,15.5113
4321436,Terra de Areia,RS,Sul,60.25,11.02,33.0,71.07,53.6241,0.47,-17.4459,True,15.5103
2929057,São Félix do Coribe,BA,Nordeste,36.59,7.37,104.0,63.09,29.8417,0.1489,-33.2483,True,15.4842
2928000,Santaluz,BA,Nordeste,29.15,6.31,141.0,40.48,33.4511,0.1098,-7.0289,True,15.4827
2106300,Magalhães de Almeida,MA,Nordeste,82.04,6.26,26.0,60.86,70.9913,0.5954,10.1313,False,15.4813
4103453,Cafelândia,PR,Sul,78.15,4.8,70.0,80.0,77.5243,0.2209,-2.4757,False,15.4607
4110201,Inácio Martins,PR,Sul,70.03,7.43,49.0,75.44,71.434,0.3153,-4.006,False,15.4496
2924207,Pedro Alexandre,BA,Nordeste,20.45,6.88,105.0,44.06,27.5484,0.1471,-16.5116,True,15.4494
3507001,Boituva,SP,Sudeste,69.83,3.55,217.0,67.57,73.116,0.071,5.546,False,15.3993
2916856,Itatim,BA,Nordeste,54.22,7.58,76.0,60.87,46.1136,0.2025,-14.7564,True,15.3888
2613602,São José do Egito,PE,Nordeste,73.38,5.03,81.0,71.48,72.1906,0.1899,0.7106,False,15.381
2804102,Moita Bonita,SE,Nordeste,58.03,10.19,39.0,54.97,62.7619,0.3943,7.7919,False,15.3781
3105608,Barbacena,MG,Sudeste,81.97,3.34,104.0,66.02,80.5499,0.1475,14.5299,False,15.3394
3506102,Bebedouro,SP,Sudeste,55.75,4.11,281.0,58.87,74.5767,0.0545,15.7067,False,15.3144
2912806,Ibirapuã,BA,Nordeste,37.84,7.81,92.0,66.82,46.3286,0.1663,-20.4914,True,15.3006
2207900,Pedro II,PI,Nordeste,41.97,5.06,229.0,40.49,47.9097,0.0668,7.4197,False,15.2888
4306007,Crissiumal,RS,Sul,57.42,9.01,53.0,75.26,60.8331,0.2884,-14.4269,True,15.2856
3157203,Santa Bárbara,MG,Sudeste,66.55,5.26,114.0,73.07,77.2722,0.1341,4.2022,False,15.2841
4309654,Hulha Negra,RS,Sul,42.84,14.17,33.0,73.26,44.8982,0.4629,-28.3618,True,15.2754
2608305,Jupi,PE,Nordeste,68.6,5.96,75.0,66.95,66.6639,0.2029,-0.2861,False,15.2192
2404705,Ipanguaçu,RN,Nordeste,43.01,9.41,76.0,28.51,48.8703,0.2002,20.3603,False,15.2115
1100346,Alvorada D'Oeste,RO,Norte,65.35,9.04,44.0,44.11,63.9186,0.345,19.8086,False,15.1783
2925808,Queimadas,BA,Nordeste,30.32,6.57,131.0,42.51,32.8061,0.1157,-9.7039,True,15.1574
2111029,São João do Carú,MA,Nordeste,70.67,6.78,53.0,69.92,63.7725,0.2858,-6.1475,False,15.1499
4320206,Seberi,RS,Sul,67.98,11.54,23.0,80.0,63.9394,0.6578,-16.0606,True,15.1289
2413607,Severiano Melo,RN,Nordeste,47.87,11.48,41.0,74.22,50.7243,0.3689,-23.4957,True,15.1261
2110906,São Francisco do Maranhão,MA,Nordeste,83.36,6.35,24.0,60.66,60.6094,0.6297,-0.0506,False,15.1136
4121406,Realeza,PR,Sul,79.85,5.47,46.0,80.0,77.2754,0.3284,-2.7246,False,15.1079
3139300,Manga,MG,Sudeste,41.05,9.21,77.0,39.5,46.3449,0.1962,6.8449,False,15.1067
2906899,Caraíbas,BA,Nordeste,35.56,9.89,58.0,57.41,36.4547,0.2598,-20.9553,True,15.0697
2807204,Siriri,SE,Nordeste,52.4,11.69,39.0,57.74,54.3357,0.3861,-3.4043,False,15.0582
2301000,Aquiraz,CE,Nordeste,83.99,2.22,173.0,80.0,78.444,0.087,-1.556,False,15.0499
2612208,Salgueiro,PE,Nordeste,75.13,3.16,186.0,77.15,83.6081,0.0808,6.4581,False,15.0354
4107009,Curiúva,PR,Sul,68.88,7.21,56.0,80.0,72.3146,0.2681,-7.6854,True,15.0121
2516607,Tavares,PB,Nordeste,67.48,10.48,28.0,76.69,64.0231,0.536,-12.6669,True,15.0075
2701357,Campestre,AL,Nordeste,62.11,9.64,37.0,53.57,57.1704,0.4028,3.6004,False,14.9022
2600906,Amaraji,PE,Nordeste,55.26,7.95,72.0,72.29,60.7763,0.2069,-11.5137,True,14.8989
3153400,Presidente Olegário,MG,Sudeste,78.27,6.5,37.0,78.15,78.2941,0.4024,0.1441,False,14.8881
1100056,Cerejeiras,RO,Norte,66.82,5.91,84.0,65.53,70.7014,0.1771,5.1714,False,14.8771
1600154,Pedra Branca do Amapari,AP,Norte,44.22,7.18,110.0,70.64,53.3309,0.1351,-17.3091,True,14.8658
2509404,Mogeiro,PB,Nordeste,60.61,9.63,39.0,75.29,60.5133,0.3802,-14.7767,True,14.8291
2409902,Pendências,RN,Nordeste,33.3,8.62,91.0,53.3,46.5638,0.1627,-6.7362,False,14.8096
3169901,Ubá,MG,Sudeste,79.08,2.93,176.0,69.49,78.9093,0.084,9.4193,False,14.7799
4213203,Pomerode,SC,Sul,70.86,4.71,122.0,68.6,78.365,0.1211,9.765,False,14.7699
4315149,Presidente Lucena,RS,Sul,57.68,14.47,21.0,80.0,54.6591,0.7017,-25.3409,True,14.7355
2204709,Inhuma,PI,Nordeste,67.52,8.31,42.0,63.43,66.4895,0.3508,3.0595,False,14.7345
2912707,Ibirapitanga,BA,Nordeste,22.06,5.69,159.0,45.82,33.8606,0.0925,-11.9594,True,14.7129
2101731,Belágua,MA,Nordeste,72.31,8.43,30.0,67.24,68.3063,0.4888,1.0663,False,14.6641
4320677,Sinimbu,RS,Sul,36.34,11.9,45.0,72.89,54.2723,0.3255,-18.6177,True,14.6461
3202306,Guaçuí,ES,Sudeste,76.7,4.48,87.0,75.85,80.1531,0.1683,4.3031,False,14.6443
2912509,Ibipitanga,BA,Nordeste,46.81,10.09,50.0,55.69,43.1719,0.2927,-12.5181,True,14.635
3165537,Sarzedo,MG,Sudeste,82.39,3.46,93.0,80.0,80.9461,0.1572,0.9461,False,14.6235
3114402,Carmo do Rio Claro,MG,Sudeste,68.36,7.2,58.0,68.62,76.1074,0.2521,7.4874,False,14.6226
2600302,Agrestina,PE,Nordeste,64.08,6.2,84.0,74.28,64.376,0.174,-9.904,True,14.6167
2110104,Santa Quitéria do Maranhão,MA,Nordeste,80.18,5.66,39.0,80.0,65.696,0.374,-14.304,True,14.5866
2509909,Natuba,PB,Nordeste,47.27,11.4,42.0,65.69,53.4824,0.3473,-12.2076,True,14.5854
2911006,Floresta Azul,BA,Nordeste,41.03,10.92,46.0,30.23,37.0515,0.3168,6.8215,False,14.5708
3513405,Cruzeiro,SP,Sudeste,56.1,4.6,213.0,52.17,67.0334,0.0684,14.8634,False,14.5638
4127882,Tunas do Paraná,PR,Sul,75.01,7.77,35.0,68.79,69.3572,0.4157,0.5672,False,14.5495
5004601,Itaquiraí,MS,Centro-Oeste,79.42,4.24,73.0,75.39,79.4272,0.1992,4.0372,False,14.5412
3138401,Leopoldina,MG,Sudeste,65.17,5.74,106.0,65.62,71.9845,0.1371,6.3645,False,14.5334
2509396,Maturéia,PB,Nordeste,60.75,10.44,34.0,60.21,59.2956,0.4271,-0.9144,False,14.5217
2111409,São Luís Gonzaga do Maranhão,MA,Nordeste,70.45,7.77,44.0,76.38,59.1765,0.33,-17.2035,True,14.5201
5211909,Jataí,GO,Centro-Oeste,69.92,2.67,377.0,69.15,77.0544,0.0385,7.9044,False,14.4969
3303856,Paty do Alferes,RJ,Sudeste,75.97,4.91,91.0,70.79,78.4518,0.1592,7.6618,False,14.4889
2509800,Mulungu,PB,Nordeste,54.1,13.27,31.0,64.02,43.2587,0.467,-20.7613,True,14.4784
5003751,Eldorado,MS,Centro-Oeste,56.43,7.4,82.0,76.78,66.4987,0.1766,-10.2813,True,14.4783
1101302,Mirante da Serra,RO,Norte,73.81,7.57,40.0,65.98,71.8669,0.3618,5.8869,False,14.4729
5004304,Iguatemi,MS,Centro-Oeste,60.01,6.19,100.0,51.37,66.2286,0.1445,14.8586,False,14.4521
2601003,Angelim,PE,Nordeste,62.41,10.13,34.0,67.86,59.7741,0.4249,-8.0859,False,14.4481
1200252,Epitaciolândia,AC,Norte,52.27,5.75,160.0,57.62,54.9226,0.09,-2.6974,False,14.4066
2913804,Ipecaetá,BA,Nordeste,46.51,10.54,46.0,48.71,36.7502,0.3125,-11.9598,True,14.3764
2916302,Itapebi,BA,Nordeste,23.44,10.38,49.0,30.06,32.4277,0.2927,2.3677,False,14.3409
3162807,São João Evangelista,MG,Sudeste,70.25,7.32,51.0,80.0,67.5024,0.2811,-12.4976,True,14.3354
2106102,Loreto,MA,Nordeste,66.12,8.18,47.0,51.76,60.0877,0.3048,8.3277,False,14.3245
4311304,Lagoa Vermelha,RS,Sul,54.61,9.84,52.0,67.18,52.4612,0.2745,-14.7188,True,14.2714
4316501,Salvador do Sul,RS,Sul,70.42,11.46,19.0,80.0,58.2912,0.7494,-21.7088,True,14.2384
2501104,Areia,PB,Nordeste,90.53,3.95,21.0,80.0,72.2942,0.6775,-7.7058,True,14.2278
3524303,Jaboticabal,SP,Sudeste,57.94,4.58,205.0,61.83,75.859,0.0693,14.029,False,14.2095
3144805,Nova Lima,MG,Sudeste,79.6,2.72,191.0,64.35,80.4193,0.0742,16.0693,False,14.1712
4101002,Ampére,PR,Sul,70.05,5.95,78.0,70.15,70.8536,0.1816,0.7036,False,14.1681
2608909,Limoeiro,PE,Nordeste,67.03,4.75,128.0,74.63,78.1826,0.1107,3.5526,False,14.1656
2900405,Água Fria,BA,Nordeste,30.43,10.86,48.0,36.58,36.9375,0.2941,0.3575,False,14.1164
4320701,Sobradinho,RS,Sul,70.79,11.02,20.0,80.0,61.9377,0.705,-18.0623,True,14.1008
3544004,Rio das Pedras,SP,Sudeste,58.5,5.69,135.0,69.84,72.406,0.1043,2.566,False,14.0812
4319356,São Pedro da Serra,RS,Sul,58.77,13.16,23.0,80.0,54.1174,0.611,-25.8826,True,14.0519
4321667,Três Cachoeiras,RS,Sul,53.51,13.43,27.0,80.0,51.4425,0.5203,-28.5575,True,14.0469
3539301,Pirassununga,SP,Sudeste,56.4,4.55,221.0,56.92,65.4114,0.0635,8.4914,False,14.0408
3138609,Lima Duarte,MG,Sudeste,69.52,8.19,45.0,57.34,71.4362,0.3118,14.0962,False,14.0329
2600500,Águas Belas,PE,Nordeste,59.77,4.58,187.0,64.88,60.4049,0.075,-4.4751,False,14.0296
2706422,Pariconha,AL,Nordeste,68.77,13.25,22.0,53.73,59.0845,0.6375,5.3545,False,14.0246
3304128,Quatis,RJ,Sudeste,60.04,9.04,54.0,59.04,61.2014,0.2596,2.1614,False,14.0173
5100805,Apiacás,MT,Centro-Oeste,74.18,7.59,35.0,58.87,73.0355,0.3996,14.1655,False,13.9843
3117504,Conceição do Mato Dentro,MG,Sudeste,82.34,5.6,38.0,65.66,72.8161,0.3676,7.1561,False,13.9678
2918555,Jussari,BA,Nordeste,31.58,12.07,39.0,49.51,29.6339,0.3576,-19.8761,True,13.9476
2110278,Santo Amaro do Maranhão,MA,Nordeste,39.84,8.69,86.0,47.51,44.6282,0.1618,-2.8818,False,13.9164
2931509,Teofilândia,BA,Nordeste,29.57,6.56,131.0,43.13,30.1719,0.1059,-12.9581,True,13.8765
3508009,Buri,SP,Sudeste,63.24,5.68,108.0,59.01,76.5097,0.1284,17.4997,False,13.864
2701803,Carneiros,AL,Nordeste,38.85,7.63,98.0,55.23,52.4448,0.1413,-2.7852,False,13.8507
3502903,Araçoiaba da Serra,SP,Sudeste,56.16,5.05,185.0,59.35,70.9406,0.0748,11.5906,False,13.839
4304713,Caraá,RS,Sul,62.35,13.72,19.0,80.0,55.0305,0.7263,-24.9695,True,13.7996
2606507,Iati,PE,Nordeste,82.25,5.68,33.0,70.7,69.8916,0.4179,-0.8084,False,13.7897
2511806,Pirpirituba,PB,Nordeste,41.5,12.62,43.0,48.55,49.371,0.3202,0.821,False,13.7693
2500502,Alagoinha,PB,Nordeste,53.09,8.25,70.0,64.7,57.0445,0.1966,-7.6555,False,13.7608
1600709,Tartarugalzinho,AP,Norte,94.22,2.76,17.0,46.5,71.3863,0.8074,24.8863,False,13.7261
2615607,Trindade,PE,Nordeste,69.13,4.61,123.0,66.29,64.8571,0.1115,-1.4329,False,13.7145
3522802,Itaporanga,SP,Sudeste,70.1,8.18,40.0,49.91,72.9549,0.3428,23.0449,False,13.7101
2603801,Capoeiras,PE,Nordeste,69.66,6.2,64.0,60.43,62.8459,0.2141,2.4159,False,13.7023
5100300,Alto Araguaia,MT,Centro-Oeste,75.57,7.0,42.0,75.72,78.1746,0.3258,2.4546,False,13.6831
2608008,Jataúba,PE,Nordeste,37.16,8.37,88.0,61.07,51.3685,0.1555,-9.7015,True,13.6827
1101757,Vale do Anari,RO,Norte,55.65,9.09,55.0,50.36,67.4284,0.2487,17.0684,False,13.68
2302206,Beberibe,CE,Nordeste,81.6,2.93,127.0,78.66,84.2133,0.1072,5.5533,False,13.6118
1720804,Sítio Novo do Tocantins,TO,Norte,50.63,8.19,78.0,52.31,56.318,0.1745,4.008,False,13.6094
5007950,Tacuru,MS,Centro-Oeste,56.61,7.11,87.0,60.88,65.1061,0.1562,4.2261,False,13.5895
2112852,Vila Nova dos Martírios,MA,Nordeste,74.55,6.59,45.0,80.0,68.029,0.3019,-11.971,True,13.5866
2902658,Banzaê,BA,Nordeste,36.73,9.54,62.0,53.25,37.5848,0.2191,-15.6652,True,13.5815
2805901,Riachuelo,SE,Nordeste,31.48,9.49,64.0,25.46,37.5427,0.2122,12.0827,False,13.5782
2401859,Caiçara do Norte,RN,Nordeste,26.45,10.62,62.0,45.79,32.9806,0.2185,-12.8094,True,13.5462
2602803,Buíque,PE,Nordeste,55.51,4.33,234.0,61.51,59.8315,0.0579,-1.6785,False,13.5457
2301901,Barbalha,CE,Nordeste,87.92,2.41,86.0,80.0,77.7382,0.1571,-2.2618,False,13.5076
3508405,Cabreúva,SP,Sudeste,64.6,3.64,261.0,59.16,74.68,0.0517,15.52,False,13.4982
2925006,Planalto,BA,Nordeste,24.31,6.25,137.0,52.73,29.4042,0.0985,-23.3258,True,13.4877
2516805,Triunfo,PB,Nordeste,63.34,12.14,23.0,59.83,56.8091,0.586,-3.0209,False,13.4775
2706000,Olivença,AL,Nordeste,80.8,5.81,34.0,59.77,74.244,0.3961,14.474,False,13.467
2709400,Viçosa,AL,Nordeste,49.91,6.16,132.0,52.68,51.2469,0.1019,-1.4331,False,13.4539
4213351,Ponte Alta do Norte,SC,Sul,70.19,13.11,18.0,69.21,60.6842,0.7471,-8.5258,False,13.4478
2202307,Canto do Buriti,PI,Nordeste,36.45,6.92,148.0,28.48,50.9511,0.0908,22.4711,False,13.4312
2611705,Riacho das Almas,PE,Nordeste,68.1,7.37,50.0,69.13,64.2255,0.2681,-4.9045,False,13.4063
2412500,São Miguel,RN,Nordeste,44.85,6.68,134.0,52.54,54.4077,0.1,1.8677,False,13.4039
2206100,Matias Olímpio,PI,Nordeste,52.04,9.3,55.0,39.88,53.4846,0.2435,13.6046,False,13.3927
4101101,Andirá,PR,Sul,64.83,6.61,75.0,69.82,66.2074,0.1783,-3.6126,False,13.3735
2608107,João Alfredo,PE,Nordeste,75.8,6.45,41.0,64.5,70.4287,0.3259,5.9287,False,13.3635
3500303,Aguaí,SP,Sudeste,58.41,5.58,145.0,57.7,70.9324,0.0921,13.2324,False,13.3616
4104451,Cantagalo,PR,Sul,71.81,6.5,54.0,70.26,69.892,0.2467,-0.368,False,13.3193
3305703,Sumidouro,RJ,Sudeste,75.43,7.32,38.0,76.25,66.0348,0.3501,-10.2152,True,13.3035
4125704,São Miguel do Iguaçu,PR,Sul,77.84,4.49,78.0,75.54,76.4939,0.1705,0.9539,False,13.3012
1300102,Anori,AM,Norte,77.48,5.99,47.0,77.19,68.0439,0.2827,-9.1461,True,13.2872
2309706,Pacatuba,CE,Nordeste,78.36,2.83,178.0,77.22,78.5463,0.0746,1.3263,False,13.2804
1720903,Taguatinga,TO,Norte,42.45,7.39,116.0,51.39,56.7805,0.1144,5.3905,False,13.2751
1200344,Manoel Urbano,AC,Norte,42.48,7.06,128.0,49.47,53.2,0.1035,3.73,False,13.2514
5107941,Tabaporã,MT,Centro-Oeste,62.37,7.23,76.0,60.75,65.2272,0.1743,4.4772,False,13.2443
2611002,Petrolândia,PE,Nordeste,66.19,4.58,146.0,61.05,62.4799,0.0907,1.4299,False,13.2433
3113503,Carbonita,MG,Sudeste,70.75,9.64,32.0,69.51,65.6026,0.4138,-3.9074,False,13.2423
2101970,Boa Vista do Gurupi,MA,Nordeste,80.0,7.48,22.0,66.49,72.526,0.6012,6.036,False,13.2256
2505105,Cuité,PB,Nordeste,62.21,7.78,66.0,60.23,68.782,0.1999,8.552,False,13.1911
1500347,Água Azul do Norte,PA,Norte,51.38,7.25,112.0,42.87,52.6781,0.1175,9.8081,False,13.1653
4127304,Terra Rica,PR,Sul,81.46,5.81,36.0,72.48,76.1578,0.3657,3.6778,False,13.1642
5103205,Colíder,MT,Centro-Oeste,64.2,4.81,151.0,59.26,76.8377,0.087,17.5777,False,13.1307
3505609,Barrinha,SP,Sudeste,51.43,5.22,194.0,63.47,67.1725,0.0677,3.7025,False,13.1295
4305173,Cerro Grande do Sul,RS,Sul,41.74,13.47,37.0,64.83,50.2376,0.3548,-14.5924,True,13.1258
4125100,São João do Triunfo,PR,Sul,79.45,5.84,44.0,78.99,79.5551,0.298,0.5651,False,13.113
3202207,Fundão,ES,Sudeste,62.27,6.92,81.0,67.38,73.3095,0.1615,5.9295,False,13.0847
2915353,Itaguaçu da Bahia,BA,Nordeste,32.8,8.23,84.0,36.47,31.0051,0.1556,-5.4649,False,13.0723
3151602,Planura,MG,Sudeste,65.96,7.83,55.0,56.93,66.6023,0.2371,9.6723,False,13.0407
2102556,Campestre do Maranhão,MA,Nordeste,61.69,7.13,74.0,69.62,60.8345,0.1762,-8.7855,True,13.0403
3136652,Juatuba,MG,Sudeste,68.54,4.85,124.0,58.1,72.2949,0.1048,14.1949,False,13.0
4212908,Pinhalzinho,SC,Sul,78.35,7.02,38.0,78.76,77.9098,0.3421,-0.8502,False,12.9981
2921906,Mucugê,BA,Nordeste,38.82,10.36,52.0,53.87,39.5609,0.2492,-14.3091,True,12.9572
2507705,Juazeirinho,PB,Nordeste,45.47,7.98,89.0,60.43,60.7631,0.1454,0.3331,False,12.9378
4315800,Roca Sales,RS,Sul,44.97,10.74,54.0,76.93,50.8884,0.2395,-26.0416,True,12.9308
2412302,São José do Campestre,RN,Nordeste,49.39,12.65,42.0,33.52,43.5528,0.3073,10.0328,False,12.9085
4126306,Sengés,PR,Sul,81.97,5.06,44.0,80.0,80.9955,0.2931,0.9955,False,12.8986
2411502,Santo Antônio,RN,Nordeste,23.55,9.58,68.0,70.8,45.504,0.1895,-25.296,True,12.8869
4110607,Iporã,PR,Sul,68.95,7.96,45.0,69.25,66.9298,0.2854,-2.3202,False,12.8442
4302006,Barros Cassal,RS,Sul,46.85,15.69,24.0,60.49,42.7911,0.5348,-17.6989,True,12.8343
2109403,Primeira Cruz,MA,Nordeste,68.96,9.71,33.0,76.88,52.1943,0.3883,-24.6857,True,12.8141
2913507,Iguaí,BA,Nordeste,31.48,8.76,74.0,59.47,35.2253,0.1732,-24.2447,True,12.8134
4315701,Rio Pardo,RS,Sul,63.38,10.68,30.0,75.39,56.1045,0.4259,-19.2855,True,12.7768
4321105,Tapes,RS,Sul,59.25,10.51,40.0,65.57,48.4266,0.3192,-17.1434,True,12.7699
2612703,Santa Maria do Cambucá,PE,Nordeste,70.03,9.88,33.0,80.0,71.6657,0.3865,-8.3343,False,12.7546
2907608,Central,BA,Nordeste,25.64,9.69,58.0,45.5,31.9464,0.2199,-13.5536,True,12.7516
1702554,Augustinópolis,TO,Norte,59.95,6.95,83.0,59.78,61.3828,0.1534,1.6028,False,12.7351
2611804,Ribeirão,PE,Nordeste,65.65,6.28,77.0,67.54,62.0404,0.1654,-5.4996,False,12.7351
1709302,Guaraí,TO,Norte,48.14,6.8,130.0,49.68,55.0703,0.0977,5.3903,False,12.6995
3540200,Pontal,SP,Sudeste,64.47,4.86,144.0,66.53,79.6024,0.0881,13.0724,False,12.682
2208106,Pimenteiras,PI,Nordeste,61.38,11.61,28.0,66.84,61.9937,0.4524,-4.8463,False,12.6666
3204708,São Gabriel da Palha,ES,Sudeste,80.7,4.25,71.0,74.78,82.3456,0.1782,7.5656,False,12.6518
4317806,Santo Augusto,RS,Sul,69.91,9.93,25.0,78.38,62.6727,0.5056,-15.7073,True,12.6411
4103909,Campina da Lagoa,PR,Sul,77.67,5.48,55.0,80.0,81.12,0.2298,1.12,False,12.6406
2910776,Feira da Mata,BA,Nordeste,45.45,12.01,36.0,63.66,39.428,0.3504,-24.232,True,12.6156
2901700,Antônio Cardoso,BA,Nordeste,25.76,10.55,49.0,47.97,30.7272,0.2574,-17.2428,True,12.6108
5003256,Costa Rica,MS,Centro-Oeste,54.86,4.6,209.0,51.8,60.7816,0.0601,8.9816,False,12.5676
4213609,Porto União,SC,Sul,59.54,9.31,52.0,73.47,66.5004,0.2416,-6.9696,False,12.5653
2103554,Conceição do Lago-Açu,MA,Nordeste,54.25,7.32,90.0,55.49,62.1526,0.1395,6.6626,False,12.5568
3526407,Laranjal Paulista,SP,Sudeste,59.37,5.87,119.0,62.64,73.1371,0.1055,10.4971,False,12.5519
2902401,Aurelino Leal,BA,Nordeste,33.61,8.38,81.0,54.6,32.8703,0.1546,-21.7297,True,12.5231
3109006,Brumadinho,MG,Sudeste,87.73,3.24,56.0,73.32,82.5457,0.2234,9.2257,False,12.5114
3521002,Iperó,SP,Sudeste,44.75,5.04,241.0,53.32,55.6821,0.0519,2.3621,False,12.4996
2703601,Japaratinga,AL,Nordeste,27.71,9.49,86.0,38.6,37.1899,0.1451,-1.4101,False,12.4782
5004700,Ivinhema,MS,Centro-Oeste,68.79,4.68,125.0,67.71,78.1749,0.0998,10.4649,False,12.4713
3304409,Rio Claro,RJ,Sudeste,65.53,7.68,58.0,70.19,64.4084,0.2149,-5.7816,False,12.4617
3119104,Corinto,MG,Sudeste,85.75,4.51,35.0,52.68,71.8744,0.356,19.1944,False,12.4589
2603504,Camocim de São Félix,PE,Nordeste,68.51,7.02,55.0,63.64,66.9902,0.2265,3.3502,False,12.4562
2500403,Alagoa Nova,PB,Nordeste,89.39,3.94,25.0,51.87,67.5482,0.4978,15.6782,False,12.4442
2931053,Tanque Novo,BA,Nordeste,61.8,7.14,68.0,68.78,57.7057,0.1828,-11.0743,True,12.4299
2929602,Sapeaçu,BA,Nordeste,65.04,8.43,43.0,64.4,57.1377,0.2884,-7.2623,False,12.4015
3515509,Fernandópolis,SP,Sudeste,61.12,4.29,218.0,64.91,73.0858,0.0568,8.1758,False,12.3893
2806107,Rosário do Catete,SE,Nordeste,39.03,8.45,84.0,52.05,49.2228,0.1472,-2.8272,False,12.3628
4321402,Tenente Portela,RS,Sul,65.01,10.09,32.0,71.54,56.5225,0.3858,-15.0175,True,12.3443
2909000,Cordeiros,BA,Nordeste,52.46,12.53,29.0,72.68,43.5411,0.4249,-29.1389,True,12.3221
5108600,Vila Rica,MT,Centro-Oeste,55.23,5.9,141.0,58.32,59.8853,0.0874,1.5653,False,12.3188
2903235,Barro Alto,BA,Nordeste,29.75,8.15,85.0,39.75,30.6614,0.1445,-9.0886,True,12.2839
4322327,Turuçu,RS,Sul,61.66,15.25,17.0,80.0,46.0149,0.7222,-33.9851,True,12.2779
2612901,São Benedito do Sul,PE,Nordeste,71.05,10.66,22.0,48.5,56.325,0.5574,7.825,False,12.2636
3132107,Itacarambi,MG,Sudeste,72.77,7.81,37.0,59.42,79.3712,0.3308,19.9512,False,12.2387
2927606,Santa Brígida,BA,Nordeste,28.39,7.1,111.0,41.0,34.3396,0.1101,-6.6604,False,12.218
5002605,Camapuã,MS,Centro-Oeste,60.4,7.42,73.0,46.61,63.0934,0.1669,16.4834,False,12.1828
2916609,Itapitanga,BA,Nordeste,36.62,11.21,45.0,45.64,32.1604,0.2707,-13.4796,True,12.1818
1700400,Almas,TO,Norte,48.19,8.75,68.0,31.16,50.8116,0.179,19.6516,False,12.1726
2927804,Santa Cruz da Vitória,BA,Nordeste,37.04,12.88,34.0,56.38,32.8619,0.3577,-23.5181,True,12.1611
3137536,Lagoa Grande,MG,Sudeste,76.48,8.42,25.0,80.0,77.5011,0.486,-2.4989,False,12.151
2408102,Natal,RN,Nordeste,33.36,1.78,2724.0,,43.6186,0.0045,,False,12.1432
1711902,Lagoa da Confusão,TO,Norte,35.65,7.07,129.0,41.33,42.8688,0.0941,1.5388,False,12.1409
2400802,Angicos,RN,Nordeste,51.81,14.13,31.0,34.89,45.6961,0.3908,10.8061,False,12.116
2508208,Lagoa de Dentro,PB,Nordeste,42.81,11.99,46.0,71.54,48.7816,0.2634,-22.7584,True,12.1145
2911659,Guajeru,BA,Nordeste,36.78,10.13,55.0,44.11,45.2101,0.2201,1.1001,False,12.104
5108006,Tapurah,MT,Centro-Oeste,68.79,6.09,78.0,63.78,68.0929,0.1549,4.3129,False,12.0792
2401602,Bento Fernandes,RN,Nordeste,29.3,12.12,47.0,29.96,37.682,0.257,7.722,False,12.0767
5005202,Ladário,MS,Centro-Oeste,33.37,5.08,264.0,40.56,47.2652,0.0457,6.7052,False,12.055
3110608,Cambuí,MG,Sudeste,81.95,4.78,50.0,69.92,80.8105,0.241,10.8905,False,12.0512
2300150,Acarape,CE,Nordeste,81.21,5.88,33.0,78.68,73.8693,0.3648,-4.8107,False,12.0371
2904803,Caatiba,BA,Nordeste,50.0,13.86,25.0,58.71,58.5203,0.4807,-0.1897,False,12.0168
2206654,Morro Cabeça no Tempo,PI,Nordeste,19.39,9.14,62.0,39.2,34.234,0.1936,-4.966,False,12.0002
2901403,Angical,BA,Nordeste,28.44,8.47,78.0,51.2,34.3525,0.1537,-16.8475,True,11.9923
5107859,São Félix do Araguaia,MT,Centro-Oeste,33.36,8.36,103.0,48.72,49.2918,0.1163,0.5718,False,11.9827
1200435,Santa Rosa do Purus,AC,Norte,15.62,9.38,64.0,23.62,34.3588,0.1872,10.7388,False,11.9798
3157005,Salinas,MG,Sudeste,77.08,4.26,90.0,75.15,82.0161,0.1328,6.8661,False,11.9542
5107701,Rosário Oeste,MT,Centro-Oeste,56.37,8.37,68.0,62.26,61.4419,0.1757,-0.8181,False,11.9466
2922607,Nilo Peçanha,BA,Nordeste,50.52,9.95,48.0,49.67,43.25,0.2481,-6.42,False,11.9088
2600807,Altinho,PE,Nordeste,68.08,8.71,38.0,65.45,64.1235,0.3133,-1.3265,False,11.9039
2208205,Pio IX,PI,Nordeste,58.16,6.9,84.0,49.06,61.922,0.1416,12.862,False,11.8956
2804003,Maruim,SE,Nordeste,31.22,8.25,92.0,36.97,34.2833,0.1293,-2.6867,False,11.8946
2101905,Bequimão,MA,Nordeste,59.75,11.09,33.0,47.27,50.1909,0.3601,2.9209,False,11.8835
3133808,Itaúna,MG,Sudeste,88.77,2.61,70.0,73.0,81.617,0.1698,8.617,False,11.8827
2206407,Monsenhor Gil,PI,Nordeste,42.48,8.81,74.0,66.72,52.7015,0.1604,-14.0185,True,11.8731
2609006,Macaparana,PE,Nordeste,81.94,5.19,40.0,74.88,73.2255,0.2962,-1.6545,False,11.8496
1503754,Jacareacanga,PA,Norte,24.96,6.18,173.0,33.52,39.2625,0.0684,5.7425,False,11.8277
2516706,Teixeira,PB,Nordeste,81.82,6.87,23.0,75.05,67.54,0.5142,-7.51,True,11.8264
3144003,Mutum,MG,Sudeste,76.73,7.97,28.0,67.47,83.791,0.4223,16.321,False,11.8248
3528403,Mairinque,SP,Sudeste,49.33,4.66,284.0,55.2,56.9951,0.0416,1.7951,False,11.8217
2406601,Lagoa Salgada,RN,Nordeste,64.25,14.91,17.0,38.36,41.667,0.6943,3.307,False,11.8033
3167608,Simonésia,MG,Sudeste,68.53,8.1,51.0,70.23,69.827,0.2313,-0.403,False,11.7943
3530508,Mococa,SP,Sudeste,61.52,5.81,116.0,57.28,73.4918,0.1016,16.2118,False,11.7863
2309607,Pacajus,CE,Nordeste,87.91,2.47,84.0,80.0,87.0924,0.1402,7.0924,False,11.7781
1507409,São Francisco do Pará,PA,Norte,37.44,9.4,82.0,50.41,46.9011,0.1435,-3.5089,False,11.7645
4118907,Pérola,PR,Sul,62.28,8.18,55.0,78.87,70.1466,0.2139,-8.7234,True,11.7625
4127403,Terra Roxa,PR,Sul,76.2,6.16,47.0,72.16,78.5484,0.2503,6.3884,False,11.7623
2614006,Serrita,PE,Nordeste,59.7,6.81,85.0,62.31,64.7954,0.1383,2.4854,False,11.7539
4308508,Frederico Westphalen,RS,Sul,53.75,11.79,36.0,68.64,55.8958,0.3253,-12.7442,True,11.7093
4310504,Iraí,RS,Sul,59.37,13.79,22.0,71.27,53.345,0.5316,-17.925,True,11.6942
4321857,Três Palmeiras,RS,Sul,62.5,12.18,26.0,80.0,58.3015,0.4498,-21.6985,True,11.6937
2402303,Caraúbas,RN,Nordeste,39.53,11.03,61.0,40.62,39.0155,0.1917,-1.6045,False,11.6934
3524709,Jaguariúna,SP,Sudeste,70.22,3.87,193.0,68.37,76.0091,0.0605,7.6391,False,11.6669
2111078,São João do Soter,MA,Nordeste,53.43,7.71,77.0,39.83,55.1662,0.1515,15.3362,False,11.6663
2205805,Luzilândia,PI,Nordeste,55.16,6.76,94.0,60.96,68.2283,0.1241,7.2683,False,11.6659
1501725,Brasil Novo,PA,Norte,87.59,4.47,29.0,75.29,71.1441,0.4021,-4.1459,False,11.6611
2933109,Várzea do Poço,BA,Nordeste,43.64,13.11,31.0,56.16,37.0343,0.376,-19.1257,True,11.6563
4118006,Paraíso do Norte,PR,Sul,67.78,7.56,56.0,76.43,70.5184,0.2079,-5.9116,False,11.6443
3162500,São João del Rei,MG,Sudeste,74.01,4.49,105.0,63.59,80.6511,0.1108,17.0611,False,11.6328
3500709,Agudos,SP,Sudeste,64.6,5.19,129.0,64.66,79.6769,0.09,15.0169,False,11.6156
2304954,Guaiúba,CE,Nordeste,79.83,5.05,49.0,74.97,70.8903,0.237,-4.0797,False,11.6128
4312708,Nonoai,RS,Sul,52.36,11.62,36.0,54.22,55.9595,0.3224,1.7395,False,11.6076
1706100,Cristalândia,TO,Norte,61.42,10.19,38.0,57.59,59.6803,0.3053,2.0903,False,11.6027
2929701,Sátiro Dias,BA,Nordeste,30.68,9.64,61.0,30.51,33.9572,0.1902,3.4472,False,11.6018
2917409,Jacaraci,BA,Nordeste,56.86,9.61,44.0,69.0,49.4549,0.2635,-19.5451,True,11.595
1708205,Formoso do Araguaia,TO,Norte,45.41,7.37,109.0,68.94,49.5711,0.1061,-19.3689,True,11.5603
2802205,Feira Nova,SE,Nordeste,25.99,9.32,66.0,44.44,30.5207,0.1749,-13.9193,True,11.5407
2107209,Nina Rodrigues,MA,Nordeste,46.84,8.67,76.0,61.87,55.5917,0.1517,-6.2783,False,11.5306
4309050,Glorinha,RS,Sul,34.32,11.42,49.0,69.87,56.1401,0.2351,-13.7299,True,11.5197
4123857,Santa Maria do Oeste,PR,Sul,70.25,7.84,45.0,77.37,69.5398,0.2549,-7.8302,False,11.4691
4212205,Papanduva,SC,Sul,64.16,7.54,67.0,73.49,66.395,0.1711,-7.095,False,11.4646
3171709,Virgínia,MG,Sudeste,74.67,9.24,27.0,65.13,75.3387,0.424,10.2087,False,11.4469
4317004,Santana da Boa Vista,RS,Sul,13.12,13.8,26.0,58.96,34.7145,0.4402,-24.2455,True,11.4448
4319802,São Vicente do Sul,RS,Sul,45.69,12.72,36.0,78.12,49.8021,0.3176,-28.3179,True,11.4349
2100709,Anajatuba,MA,Nordeste,41.34,8.17,90.0,75.01,51.0888,0.127,-23.9212,True,11.4307
1304302,Urucará,AM,Norte,73.93,6.95,42.0,64.52,68.4861,0.2721,3.9661,False,11.4274
2906857,Capela do Alto Alegre,BA,Nordeste,45.45,12.01,36.0,49.53,40.927,0.317,-8.603,False,11.4117
2513406,Santa Luzia,PB,Nordeste,54.05,8.02,72.0,63.05,59.3279,0.1582,-3.7221,False,11.3894
4300505,Alpestre,RS,Sul,66.45,11.98,22.0,76.47,66.4915,0.5176,-9.9785,False,11.3872
2100477,Alto Alegre do Pindaré,MA,Nordeste,56.3,5.36,155.0,49.66,62.6992,0.0734,13.0392,False,11.3838
4319000,São Marcos,RS,Sul,38.27,9.58,70.0,80.0,53.4789,0.1626,-26.5211,True,11.3808
5103304,Comodoro,MT,Centro-Oeste,47.6,6.47,134.0,65.02,60.9993,0.0848,-4.0207,False,11.3572
1101708,Urupá,RO,Norte,61.27,7.97,61.0,73.75,67.5489,0.1861,-6.2011,False,11.3537
2302107,Baturité,CE,Nordeste,86.77,3.68,43.0,78.49,78.8087,0.2637,0.3187,False,11.3388
2301851,Banabuiú,CE,Nordeste,76.24,5.39,57.0,80.0,78.8599,0.1976,-1.1401,False,11.265
2607307,Ipubi,PE,Nordeste,70.08,4.74,111.0,74.47,68.4161,0.1014,-6.0539,True,11.2542
5106299,Paranaíta,MT,Centro-Oeste,79.7,6.3,34.0,66.96,75.6541,0.3309,8.6941,False,11.2519
4121208,Quitandinha,PR,Sul,75.79,5.38,64.0,74.31,76.4176,0.1757,2.1076,False,11.2474
4320404,Serafina Corrêa,RS,Sul,50.71,9.54,64.0,80.0,53.1305,0.1757,-26.8695,True,11.2463
4305900,Coronel Bicaco,RS,Sul,36.03,15.22,27.0,79.43,45.1723,0.4153,-34.2577,True,11.2129
1714203,Natividade,TO,Norte,43.9,9.54,67.0,43.26,51.7279,0.1673,8.4679,False,11.2097
5106752,Pontes e Lacerda,MT,Centro-Oeste,66.49,3.52,268.0,71.81,78.9667,0.0418,7.1567,False,11.2058
2402105,Campo Redondo,RN,Nordeste,39.74,13.27,37.0,39.52,51.959,0.3028,12.439,False,11.2028
1506351,Santa Bárbara do Pará,PA,Norte,46.35,6.12,150.0,50.88,52.533,0.0747,1.653,False,11.2015
4313953,Pantano Grande,RS,Sul,25.65,8.89,83.0,74.82,41.9102,0.1348,-32.9098,True,11.1882
4311106,Jaguari,RS,Sul,53.38,15.0,22.0,69.74,50.085,0.5083,-19.655,True,11.1825
4312377,Monte Alegre dos Campos,RS,Sul,36.24,16.4,27.0,68.66,51.8471,0.4141,-16.8129,True,11.1814
2932606,Urandi,BA,Nordeste,40.54,7.91,88.0,66.0,36.1482,0.1269,-29.8518,True,11.1645
5004106,Guia Lopes da Laguna,MS,Centro-Oeste,64.56,7.68,67.0,57.63,66.8495,0.1665,9.2195,False,11.1575
4306205,Cruzeiro do Sul,RS,Sul,35.24,12.28,47.0,71.94,46.1665,0.2371,-25.7735,True,11.1432
3519303,Ibaté,SP,Sudeste,68.78,4.62,135.0,61.69,80.8643,0.0822,19.1743,False,11.1015
2709103,Taquarana,AL,Nordeste,38.97,6.22,155.0,55.59,54.1547,0.0716,-1.4353,False,11.1
1705607,Conceição do Tocantins,TO,Norte,35.8,11.29,46.0,42.73,55.8398,0.2412,13.1098,False,11.0957
2604304,Cedro,PE,Nordeste,63.12,10.8,32.0,57.65,61.0256,0.3467,3.3756,False,11.0934
3163706,São Lourenço,MG,Sudeste,85.37,3.62,59.0,69.23,82.7093,0.1876,13.4793,False,11.0692
2613305,São Joaquim do Monte,PE,Nordeste,72.13,5.76,65.0,72.13,69.7279,0.1699,-2.4021,False,11.043
2503506,Cacimba de Dentro,PB,Nordeste,63.27,8.06,53.0,79.64,63.3081,0.2083,-16.3319,True,11.039
4210605,Massaranduba,SC,Sul,77.08,6.1,49.0,73.79,79.6639,0.2247,5.8739,False,11.008
3111606,Campos Gerais,MG,Sudeste,71.95,7.1,69.0,70.18,76.4882,0.1595,6.3082,False,11.0035
3556206,Valinhos,SP,Sudeste,48.21,3.41,470.0,60.28,63.5159,0.0234,3.2359,False,10.9962
2931400,Teodoro Sampaio,BA,Nordeste,30.56,10.64,50.0,53.42,31.6645,0.2193,-21.7555,True,10.9674
1507151,São Domingos do Araguaia,PA,Norte,40.38,6.98,141.0,57.03,44.7991,0.0778,-12.2309,True,10.9663
2502706,Borborema,PB,Nordeste,67.6,14.41,15.0,80.0,58.1297,0.7306,-21.8703,True,10.9585
3166709,Serra dos Aimorés,MG,Sudeste,65.83,10.25,34.0,61.01,59.785,0.3219,-1.225,False,10.9453
3524006,Itupeva,SP,Sudeste,48.33,3.87,403.0,56.2,59.3445,0.0272,3.1445,False,10.9426
2517001,Umbuzeiro,PB,Nordeste,79.39,7.54,25.0,51.38,75.3817,0.4377,24.0017,False,10.9413
4300638,Amaral Ferrador,RS,Sul,57.2,20.2,13.0,73.51,38.7051,0.8407,-34.8049,True,10.9293
1304005,Silves,AM,Norte,38.71,7.49,118.0,46.24,47.7831,0.0925,1.5431,False,10.9126
2309458,Ocara,CE,Nordeste,84.77,3.93,49.0,80.0,80.7292,0.2226,0.7292,False,10.907
4212106,Palmitos,SC,Sul,64.42,9.13,44.0,65.31,70.1096,0.2475,4.7996,False,10.8895
3530805,Mogi Mirim,SP,Sudeste,57.7,3.8,315.0,62.35,73.5397,0.0346,11.1897,False,10.8887
2201606,Beneditinos,PI,Nordeste,68.48,8.65,37.0,78.29,77.082,0.2937,-1.208,False,10.866
4120507,Primeiro de Maio,PR,Sul,62.68,10.39,45.0,60.76,62.6976,0.2411,1.9376,False,10.8486
3166808,Serra do Salitre,MG,Sudeste,72.9,6.99,53.0,66.42,78.2484,0.2044,11.8284,False,10.8314
3512100,Colômbia,SP,Sudeste,72.63,8.48,33.0,80.0,81.9221,0.3282,1.9221,False,10.8303
2504801,Coremas,PB,Nordeste,48.71,9.52,58.0,71.18,49.2913,0.1867,-21.8887,True,10.8272
2108058,Paulino Neves,MA,Nordeste,68.88,6.77,56.0,69.72,64.3761,0.1933,-5.3439,False,10.8255
2104073,Feira Nova do Maranhão,MA,Nordeste,65.39,8.92,39.0,80.0,57.9664,0.2776,-22.0336,True,10.8245
2111904,Sucupira do Norte,MA,Nordeste,60.0,9.16,44.0,59.75,57.4462,0.246,-2.3038,False,10.8229
2406106,Jucurutu,RN,Nordeste,43.7,9.68,68.0,42.7,54.1265,0.1591,11.4265,False,10.8207
2312601,São Luís do Curu,CE,Nordeste,65.12,8.92,40.0,80.0,66.0143,0.2702,-13.9857,True,10.8066
2929008,São Félix,BA,Nordeste,31.33,9.98,57.0,46.51,29.0909,0.1895,-17.4191,True,10.8023
2921450,Mirante,BA,Nordeste,46.15,11.06,42.0,61.26,43.6482,0.2566,-17.6118,True,10.7768
3139607,Mantena,MG,Sudeste,71.15,6.0,74.0,59.73,74.5715,0.1456,14.8415,False,10.7735
2208650,Queimada Nova,PI,Nordeste,67.42,9.74,29.0,66.65,71.9948,0.3713,5.3448,False,10.7676
2516508,Taperoá,PB,Nordeste,90.59,5.31,13.0,78.82,64.2571,0.8247,-14.5629,True,10.7206
3114550,Carneirinho,MG,Sudeste,64.49,8.99,43.0,61.28,68.6422,0.2492,7.3622,False,10.7158
2110658,São Domingos do Azeitão,MA,Nordeste,36.83,8.78,78.0,37.88,45.0261,0.1373,7.1461,False,10.7104
2605806,Frei Miguelinho,PE,Nordeste,70.65,9.18,32.0,71.82,65.2429,0.3342,-6.5771,False,10.6959
5217609,Planaltina,GO,Centro-Oeste,75.11,2.17,420.0,70.15,81.6677,0.0254,11.5177,False,10.6875
3136306,João Pinheiro,MG,Sudeste,69.87,7.58,47.0,66.56,70.2092,0.2273,3.6492,False,10.6829
2612802,Santa Terezinha,PE,Nordeste,79.68,6.86,28.0,72.0,67.8883,0.3813,-4.1117,False,10.6767
3549102,São João da Boa Vista,SP,Sudeste,61.6,3.82,267.0,62.88,73.8266,0.0399,10.9466,False,10.657
2502409,Bonito de Santa Fé,PB,Nordeste,60.89,10.48,34.0,53.3,60.9748,0.3131,7.6748,False,10.647
5007703,Sete Quedas,MS,Centro-Oeste,53.09,7.68,76.0,62.66,65.9245,0.1399,3.2645,False,10.6304
2903953,Bom Jesus da Serra,BA,Nordeste,24.44,8.88,68.0,54.02,31.3806,0.1562,-22.6394,True,10.6183
3502754,Araçariguama,SP,Sudeste,54.04,6.51,115.0,59.86,68.4107,0.0921,8.5507,False,10.5969
3302809,Mendes,RJ,Sudeste,56.87,8.03,70.0,65.41,55.3777,0.1511,-10.0323,True,10.5791
3301801,Engenheiro Paulo de Frontin,RJ,Sudeste,55.53,10.67,45.0,68.49,54.1291,0.235,-14.3609,True,10.5771
3510401,Capivari,SP,Sudeste,66.6,3.89,200.0,69.46,78.4428,0.0528,8.9828,False,10.5592
3140555,Mata Verde,MG,Sudeste,70.1,10.5,24.0,63.08,64.1999,0.4395,1.1199,False,10.5485
2605301,Exu,PE,Nordeste,55.22,5.34,156.0,64.27,64.3884,0.0676,0.1184,False,10.5448
3104700,Ataléia,MG,Sudeste,66.4,11.44,25.0,71.21,59.9727,0.4217,-11.2373,False,10.5425
2900207,Abaré,BA,Nordeste,18.24,6.0,130.0,43.32,30.8887,0.081,-12.4313,True,10.5337
2503605,Caiçara,PB,Nordeste,72.27,12.2,17.0,62.39,54.1264,0.6194,-8.2636,False,10.5293
4210308,Major Vieira,SC,Sul,74.0,9.19,29.0,72.51,70.4687,0.3619,-2.0413,False,10.495
3557105,Votuporanga,SP,Sudeste,61.66,3.5,303.0,59.57,74.5541,0.0346,14.9841,False,10.4771
5204508,Caldas Novas,GO,Centro-Oeste,62.93,2.82,428.0,65.72,74.4199,0.0244,8.6999,False,10.4589
2210409,São Miguel do Tapuio,PI,Nordeste,45.19,9.57,57.0,44.67,61.014,0.1834,16.344,False,10.4559
4208401,Itapiranga,SC,Sul,78.17,5.98,49.0,74.19,79.7551,0.2132,5.5651,False,10.4448
3132503,Itamarandiba,MG,Sudeste,81.25,4.98,49.0,65.91,82.4196,0.212,16.5096,False,10.386
2608453,Lagoa do Carro,PE,Nordeste,59.79,8.15,57.0,58.65,64.3758,0.1819,5.7258,False,10.3692
2506400,Gurinhém,PB,Nordeste,27.02,9.3,69.0,48.93,40.0297,0.1502,-8.9003,False,10.3671
2111573,São Pedro dos Crentes,MA,Nordeste,59.47,11.36,33.0,52.86,53.2386,0.3137,0.3786,False,10.3526
4209003,Joaçaba,SC,Sul,70.44,7.3,70.0,65.94,70.0008,0.1479,4.0608,False,10.3518
4304671,Capivari do Sul,RS,Sul,43.94,16.24,25.0,53.58,44.7613,0.4135,-8.8187,False,10.338
2105609,Joselândia,MA,Nordeste,75.33,7.69,31.0,62.87,65.5013,0.3334,2.6313,False,10.3365
4301206,Arroio do Tigre,RS,Sul,64.72,12.71,20.0,80.0,60.3077,0.5157,-19.6923,True,10.3147
4315404,Redentora,RS,Sul,59.95,13.9,20.0,80.0,58.5537,0.5153,-21.4463,True,10.3059
3505500,Barretos,SP,Sudeste,58.42,2.91,529.0,66.28,74.8959,0.0194,8.6159,False,10.2881
4211900,Palhoça,SC,Sul,46.53,3.3,1024.0,,46.3208,0.01,,False,10.2761
4104600,Capitão Leônidas Marques,PR,Sul,78.03,5.76,53.0,75.13,75.2225,0.1931,0.0925,False,10.2327
2401404,Baía Formosa,RN,Nordeste,35.35,11.17,59.0,41.32,45.3089,0.1734,3.9889,False,10.2314
1503002,Faro,PA,Norte,51.78,8.24,89.0,60.49,52.6069,0.1149,-7.8831,False,10.227
2705804,Olho d'Água do Casado,AL,Nordeste,36.2,8.01,93.0,48.24,39.6221,0.1098,-8.6179,True,10.2136
3133303,Itaobim,MG,Sudeste,49.64,7.91,90.0,59.56,62.5045,0.1135,2.9445,False,10.2119
3527306,Louveira,SP,Sudeste,58.25,3.89,300.0,62.92,72.9357,0.034,10.0157,False,10.2108
1200351,Marechal Thaumaturgo,AC,Norte,62.82,8.14,60.0,66.11,61.6884,0.17,-4.4216,False,10.1993
2101806,Benedito Leite,MA,Nordeste,47.26,11.61,41.0,63.84,47.6645,0.2484,-16.1755,True,10.1844
4304697,Capitão,RS,Sul,58.55,16.87,16.0,80.0,50.6166,0.6352,-29.3834,True,10.1632
4304903,Casca,RS,Sul,75.99,11.56,15.0,80.0,59.6797,0.6775,-20.3203,True,10.1626
2914406,Iraquara,BA,Nordeste,44.24,5.94,150.0,51.82,43.368,0.0677,-8.452,True,10.1477
3134905,Jacutinga,MG,Sudeste,79.14,5.16,58.0,66.39,79.9159,0.1749,13.5259,False,10.144
2908200,Conceição da Feira,BA,Nordeste,27.46,7.34,103.0,46.19,33.1749,0.0984,-13.0151,True,10.1369
2515401,São Vicente do Seridó,PB,Nordeste,54.14,10.87,39.0,63.76,56.9584,0.2599,-6.8016,False,10.1362
2702306,Coruripe,AL,Nordeste,92.15,1.89,64.0,80.0,87.0671,0.1583,7.0671,False,10.1283
5205109,Catalão,GO,Centro-Oeste,76.88,2.69,248.0,69.73,82.5898,0.0407,12.8598,False,10.1029
4300570,Alto Feliz,RS,Sul,58.31,17.36,16.0,74.95,45.5328,0.6313,-29.4172,True,10.1008
5217302,Pirenópolis,GO,Centro-Oeste,64.07,5.56,113.0,75.09,76.8229,0.0893,1.7329,False,10.0875
2707909,Santa Luzia do Norte,AL,Nordeste,38.53,11.61,44.0,46.34,34.6303,0.2292,-11.7097,True,10.0831
3304102,Porciúncula,RJ,Sudeste,52.39,8.87,66.0,49.15,47.4683,0.1527,-1.6817,False,10.0771
3509700,Campos do Jordão,SP,Sudeste,57.12,4.62,212.0,60.62,74.1734,0.0475,13.5534,False,10.0689
2506103,Fagundes,PB,Nordeste,41.67,12.48,40.0,66.97,47.7654,0.2517,-19.2046,True,10.0669
4313805,Palmitinho,RS,Sul,68.42,12.47,17.0,80.0,63.6007,0.592,-16.3993,True,10.0642
3536208,Pariquera-Açu,SP,Sudeste,61.36,7.27,75.0,69.45,73.3159,0.1339,3.8659,False,10.043
2205003,Itainópolis,PI,Nordeste,73.66,9.44,22.0,75.93,78.5753,0.4562,2.6453,False,10.0371
2922755,Nova Ibiá,BA,Nordeste,48.98,14.0,25.0,60.01,44.6709,0.4007,-15.3391,True,10.0177
4311627,Lindolfo Collor,RS,Sul,36.07,12.05,39.0,71.5,53.4044,0.2566,-18.0956,True,10.0081
3147204,Paraguaçu,MG,Sudeste,69.22,6.67,63.0,68.12,73.8037,0.1588,5.6837,False,10.0043
2512077,Poço de José de Moura,PB,Nordeste,57.57,15.23,20.0,61.89,61.5868,0.4999,-0.3032,False,9.9974
4215653,Santa Rosa do Sul,SC,Sul,74.58,8.88,35.0,63.49,75.4197,0.2855,11.9297,False,9.9918
3537800,Piedade,SP,Sudeste,63.25,3.8,242.0,65.55,76.0729,0.0413,10.5229,False,9.9874
4114500,Manoel Ribas,PR,Sul,71.98,8.0,36.0,71.6,70.9101,0.2774,-0.6899,False,9.9848
5106257,Nova Xavantina,MT,Centro-Oeste,45.12,6.27,150.0,74.21,60.5388,0.0666,-13.6712,True,9.984
5001243,Aral Moreira,MS,Centro-Oeste,73.44,7.37,40.0,75.77,73.5014,0.2496,-2.2686,False,9.9833
2500908,Arara,PB,Nordeste,52.89,13.44,25.0,49.12,60.4581,0.3992,11.3381,False,9.9797
2211100,União,PI,Nordeste,35.21,4.4,338.0,42.05,48.8319,0.0295,6.7819,False,9.9765
2929354,São José da Vitória,BA,Nordeste,27.27,9.95,56.0,45.87,29.972,0.1781,-15.898,True,9.9731
4215109,Rodeio,SC,Sul,68.36,9.04,45.0,64.55,76.8026,0.2215,12.2526,False,9.9676
2513901,São Bento,PB,Nordeste,46.86,6.61,134.0,54.46,57.277,0.0744,2.817,False,9.9659
4112108,Jandaia do Sul,PR,Sul,68.63,6.76,64.0,77.88,69.4161,0.1557,-8.4639,True,9.964
3157906,Santa Margarida,MG,Sudeste,60.94,7.44,75.0,74.46,75.9436,0.1326,1.4836,False,9.9443
5105903,Nobres,MT,Centro-Oeste,60.62,6.9,85.0,64.47,66.412,0.117,1.942,False,9.9433
2406809,Lajes Pintadas,RN,Nordeste,47.46,17.33,20.0,53.62,39.6846,0.4965,-13.9354,False,9.9294
2302008,Barro,CE,Nordeste,63.94,7.36,60.0,71.69,62.7257,0.1654,-8.9643,True,9.9229
4316451,Salto do Jacuí,RS,Sul,50.9,17.45,18.0,80.0,48.5573,0.551,-31.4427,True,9.9177
5103106,Cocalinho,MT,Centro-Oeste,52.39,10.56,44.0,79.08,65.8573,0.2252,-13.2227,True,9.9105
3520400,Ilhabela,SP,Sudeste,43.27,4.81,270.0,55.69,58.5373,0.0366,2.8473,False,9.8913
1707207,Dois Irmãos do Tocantins,TO,Norte,52.78,12.44,32.0,58.86,58.6074,0.309,-0.2526,False,9.8867
3551504,Serrana,SP,Sudeste,43.97,4.4,312.0,56.96,58.0242,0.0317,1.0642,False,9.8847
1507003,Santo Antônio do Tauá,PA,Norte,31.64,5.09,264.0,41.06,43.832,0.0374,2.772,False,9.8736
2701407,Campo Alegre,AL,Nordeste,67.45,4.31,154.0,70.13,72.9923,0.0641,2.8623,False,9.8706
1100064,Colorado do Oeste,RO,Norte,71.72,6.74,55.0,68.39,76.3232,0.1793,7.9332,False,9.8632
1701309,Aragominas,TO,Norte,52.59,13.43,36.0,40.05,45.376,0.2739,5.326,False,9.8602
1721208,Tocantinópolis,TO,Norte,35.43,6.35,156.0,48.38,43.4063,0.0631,-4.9737,False,9.8419
1101500,Seringueiras,RO,Norte,66.06,6.82,67.0,68.5,67.1575,0.1465,-1.3425,False,9.8131
2204402,Gilbués,PI,Nordeste,39.24,8.22,86.0,45.87,50.2956,0.1141,4.4256,False,9.8089
2605400,Feira Nova,PE,Nordeste,83.27,4.98,37.0,80.0,77.3923,0.265,-2.6077,False,9.8038
3122009,Divino,MG,Sudeste,67.14,7.57,54.0,59.2,70.6723,0.1813,11.4723,False,9.7927
2514206,São José da Lagoa Tapada,PB,Nordeste,59.52,10.5,34.0,80.0,67.5661,0.2875,-12.4339,True,9.7744
2302701,Campos Sales,CE,Nordeste,82.79,5.19,35.0,80.0,70.2506,0.2792,-9.7494,True,9.7731
2503555,Cacimbas,PB,Nordeste,47.89,9.56,56.0,46.89,58.7753,0.1741,11.8853,False,9.7496
4128559,Vera Cruz do Oeste,PR,Sul,76.12,8.03,30.0,61.39,69.7892,0.3248,8.3992,False,9.7429
3156601,Rubim,MG,Sudeste,63.61,12.12,24.0,80.0,67.3176,0.4055,-12.6824,True,9.7314
4211702,Orleans,SC,Sul,68.16,8.22,53.0,70.36,67.876,0.183,-2.484,False,9.6991
2202802,Conceição do Canindé,PI,Nordeste,70.98,11.3,18.0,57.89,72.0353,0.5384,14.1453,False,9.6917
1600808,Vitória do Jari,AP,Norte,35.4,7.18,116.0,43.69,40.4035,0.0835,-3.2865,False,9.6836
2610400,Parnamirim,PE,Nordeste,58.91,7.32,76.0,58.85,54.6468,0.1271,-4.2032,False,9.6573
1703701,Brejinho de Nazaré,TO,Norte,49.46,12.35,33.0,51.24,52.7845,0.2921,1.5445,False,9.6382
4209409,Laguna,SC,Sul,34.31,10.82,59.0,47.47,54.0938,0.1633,6.6238,False,9.6332
2701605,Canapi,AL,Nordeste,62.22,6.74,77.0,56.64,66.5779,0.1251,9.9379,False,9.6316
2501575,Barra de Santana,PB,Nordeste,49.16,12.55,33.0,43.12,55.7612,0.2917,12.6412,False,9.6248
2921807,Mortugaba,BA,Nordeste,60.0,9.37,42.0,72.44,55.6995,0.229,-16.7405,True,9.6181
1720499,São Valério,TO,Norte,46.25,15.28,25.0,70.19,55.4999,0.384,-14.6901,False,9.6006
2104107,Fortaleza dos Nogueiras,MA,Nordeste,78.25,5.88,44.0,56.35,71.8257,0.2179,15.4757,False,9.5857
3145604,Oliveira,MG,Sudeste,80.65,5.03,50.0,59.6,81.2676,0.1916,21.6676,False,9.5776
2912004,Ibiassucê,BA,Nordeste,61.19,11.67,26.0,69.82,50.7415,0.3674,-19.0785,True,9.5524
2708709,São Miguel dos Milagres,AL,Nordeste,50.68,7.89,80.0,48.46,51.0927,0.1194,2.6327,False,9.5497
2806404,Santana do São Francisco,SE,Nordeste,22.21,8.61,75.0,43.85,39.5217,0.1273,-4.3283,False,9.5441
2512507,Queimadas,PB,Nordeste,92.65,2.19,44.0,80.0,88.9513,0.2167,8.9513,False,9.5336
4103206,Bom Sucesso,PR,Sul,72.9,9.43,28.0,62.18,72.232,0.3391,10.052,False,9.4942
2403301,Encanto,RN,Nordeste,67.04,11.63,23.0,58.07,65.2686,0.412,7.1986,False,9.4771
3155504,Rio Paranaíba,MG,Sudeste,60.24,6.95,88.0,79.08,69.5332,0.1076,-9.5468,True,9.4695
2103257,Cidelândia,MA,Nordeste,86.25,5.22,24.0,70.76,69.5592,0.3945,-1.2008,False,9.4683
3159902,Santo Antônio do Amparo,MG,Sudeste,80.3,6.22,34.0,80.0,72.3132,0.2773,-7.6868,True,9.427
2402501,Carnaubais,RN,Nordeste,42.29,14.79,36.0,42.55,42.7893,0.2615,0.2393,False,9.4137
4314001,Paraí,RS,Sul,60.03,13.3,23.0,80.0,58.48,0.4093,-21.52,True,9.4136
3535507,Paraguaçu Paulista,SP,Sudeste,56.93,4.86,196.0,58.52,72.4758,0.048,13.9558,False,9.4004
1703107,Barrolândia,TO,Norte,49.69,11.89,37.0,66.14,45.4094,0.254,-20.7306,True,9.3985
2515930,Sertãozinho,PB,Nordeste,75.36,10.55,17.0,61.14,58.7271,0.5521,-2.4129,False,9.3864
2102374,Cachoeira Grande,MA,Nordeste,56.05,10.15,44.0,53.5,52.0489,0.2131,-1.4511,False,9.3742
4100806,Alvorada do Sul,PR,Sul,72.48,8.53,34.0,72.72,70.5253,0.2755,-2.1947,False,9.3667
2407500,Maxaranguape,RN,Nordeste,35.11,9.62,76.0,42.99,49.5094,0.1232,6.5194,False,9.3611
2201101,Avelino Lopes,PI,Nordeste,44.97,8.83,69.0,53.38,54.5231,0.1356,1.1431,False,9.3537
3520103,Igarapava,SP,Sudeste,55.6,6.81,105.0,57.77,64.5742,0.0891,6.8042,False,9.3517
4310009,Ibirubá,RS,Sul,55.74,11.14,37.0,66.47,57.6513,0.2508,-8.8187,False,9.2791
2900504,Érico Cardoso,BA,Nordeste,37.21,14.45,27.0,71.83,35.5474,0.3436,-36.2826,True,9.2773
2806008,Ribeirópolis,SE,Nordeste,38.47,9.85,60.0,47.8,46.5122,0.1545,-1.2878,False,9.2683
2614709,Tacaimbó,PE,Nordeste,44.01,9.92,57.0,56.94,40.7488,0.1626,-16.1912,True,9.2668
2903003,Barra do Mendes,BA,Nordeste,32.43,8.71,75.0,52.1,35.4766,0.1234,-16.6234,True,9.2546
1707405,Esperantina,TO,Norte,47.8,9.87,61.0,53.27,48.8423,0.1517,-4.4277,False,9.2508
2404408,Grossos,RN,Nordeste,65.35,11.92,26.0,52.98,45.2907,0.3557,-7.6893,False,9.2492
4122305,Rio Negro,PR,Sul,88.56,3.26,46.0,80.0,81.9856,0.201,1.9856,False,9.2483
1505635,Piçarra,PA,Norte,57.15,7.86,72.0,65.37,51.8415,0.1283,-13.5285,True,9.241
5105622,Mirassol d'Oeste,MT,Centro-Oeste,60.11,5.8,118.0,60.92,69.7455,0.0782,8.8255,False,9.2277
4301800,Barracão,RS,Sul,56.37,14.82,20.0,75.38,54.6756,0.461,-20.7044,True,9.2198
4122503,Roncador,PR,Sul,76.32,6.98,37.0,80.0,71.5718,0.2491,-8.4282,True,9.2177
4219002,Urussanga,SC,Sul,71.86,8.54,35.0,72.37,75.3319,0.2632,2.9619,False,9.2106
2111722,Satubinha,MA,Nordeste,79.32,10.07,15.0,80.0,59.8581,0.614,-20.1419,True,9.2106
2902005,Aracatu,BA,Nordeste,28.92,9.75,59.0,54.09,35.2494,0.1561,-18.8406,True,9.2094
3522604,Itapira,SP,Sudeste,62.18,4.44,190.0,66.82,78.1282,0.0484,11.3082,False,9.1894
4301651,Barão,RS,Sul,55.15,17.53,17.0,80.0,47.0742,0.5394,-32.9258,True,9.1704
2804409,Neópolis,SE,Nordeste,25.49,7.29,106.0,36.76,36.4589,0.0864,-0.3011,False,9.1537
2102150,Brejo de Areia,MA,Nordeste,49.31,10.18,50.0,47.46,54.3213,0.1829,6.8613,False,9.1469
2913101,Ibititá,BA,Nordeste,28.0,8.8,72.0,41.4,32.7938,0.1269,-8.6062,False,9.1403
4319109,São Martinho,RS,Sul,64.47,12.21,23.0,80.0,64.9415,0.3967,-15.0585,True,9.1232
3169406,Três Pontas,MG,Sudeste,81.66,3.52,91.0,67.27,81.3493,0.1002,14.0793,False,9.1199
4123402,Santa Fé,PR,Sul,64.71,8.36,52.0,65.62,66.5033,0.1752,0.8833,False,9.1122
1101807,Vale do Paraíso,RO,Norte,44.1,11.06,49.0,63.63,60.3424,0.1857,-3.2876,False,9.0977
3518602,Guariba,SP,Sudeste,78.67,4.13,88.0,72.94,81.1681,0.1032,8.2281,False,9.0774
3536703,Pederneiras,SP,Sudeste,46.77,4.9,232.0,49.95,61.3026,0.0391,11.3526,False,9.0743
2109007,Porto Franco,MA,Nordeste,74.08,5.16,76.0,65.23,78.8946,0.1194,13.6646,False,9.0742
5215702,Palmeiras de Goiás,GO,Centro-Oeste,81.01,4.1,75.0,71.78,81.4787,0.1208,9.6987,False,9.0596
2207009,Oeiras,PI,Nordeste,72.5,4.78,95.0,70.42,81.0288,0.0953,10.6088,False,9.0551
2927903,Santa Inês,BA,Nordeste,47.31,10.15,49.0,57.93,47.184,0.1845,-10.746,True,9.0393
2106631,Matões do Norte,MA,Nordeste,57.43,11.76,31.0,69.02,53.6465,0.2909,-15.3735,True,9.0167
2804458,Nossa Senhora Aparecida,SE,Nordeste,59.01,14.2,20.0,51.24,62.3574,0.4507,11.1174,False,9.0131
5007554,Santa Rita do Pardo,MS,Centro-Oeste,51.31,8.38,69.0,58.59,63.5907,0.1304,5.0007,False,8.9987
4312807,Nova Araçá,RS,Sul,60.56,12.31,29.0,80.0,52.6484,0.3101,-27.3516,True,8.9917
5106372,Pedra Preta,MT,Centro-Oeste,65.08,5.58,106.0,64.33,73.0898,0.0848,8.7598,False,8.9898
3139508,Manhumirim,MG,Sudeste,68.83,6.4,73.0,72.2,70.9898,0.123,-1.2102,False,8.981
5105606,Matupá,MT,Centro-Oeste,52.61,5.71,161.0,70.21,69.3912,0.0557,-0.8188,False,8.9756
2609303,Mirandiba,PE,Nordeste,57.84,7.51,71.0,49.2,70.1389,0.1264,20.9389,False,8.9739
4209607,Lauro Muller,SC,Sul,72.6,9.02,36.0,68.69,70.8139,0.2492,2.1239,False,8.9725
2308377,Miraíma,CE,Nordeste,85.6,5.58,22.0,80.0,76.4169,0.4074,-3.5831,False,8.9631
3102605,Andradas,MG,Sudeste,75.02,4.77,90.0,64.03,75.7487,0.0994,11.7187,False,8.9504
1507508,São João do Araguaia,PA,Norte,35.4,6.75,142.0,47.76,40.5632,0.063,-7.1968,True,8.9476
1300201,Atalaia do Norte,AM,Norte,84.08,5.62,29.0,62.63,71.7532,0.3084,9.1232,False,8.9446
3301876,Iguaba Grande,RJ,Sudeste,70.33,5.12,110.0,68.12,70.5366,0.0811,2.4166,False,8.9231
2707206,Poço das Trincheiras,AL,Nordeste,48.86,7.68,84.0,47.56,54.1823,0.1061,6.6223,False,8.9107
2903805,Boa Vista do Tupim,BA,Nordeste,32.14,7.74,95.0,47.58,31.9144,0.0937,-15.6656,True,8.8971
2932457,Umburanas,BA,Nordeste,22.95,7.46,94.0,36.89,28.6915,0.0946,-8.1985,True,8.891
3169307,Três Corações,MG,Sudeste,70.25,3.72,184.0,60.25,75.9234,0.0483,15.6734,False,8.8815
3300605,Bom Jesus do Itabapoana,RJ,Sudeste,70.62,5.69,86.0,65.11,70.9849,0.1033,5.8749,False,8.8804
4122156,Rio Bonito do Iguaçu,PR,Sul,80.25,5.64,42.0,80.0,77.5789,0.2113,-2.4211,False,8.8751
2915007,Itaeté,BA,Nordeste,45.45,9.31,60.0,53.62,42.9507,0.1479,-10.6693,True,8.8737
2104305,Godofredo Viana,MA,Nordeste,88.41,4.91,19.0,80.0,68.9753,0.4645,-11.0247,True,8.8262
5106240,Nova Ubiratã,MT,Centro-Oeste,58.42,6.62,97.0,75.3,69.6716,0.0908,-5.6284,False,8.8092
4128807,Xambrê,PR,Sul,55.19,11.39,37.0,75.72,65.18,0.2381,-10.54,False,8.8084
5002001,Batayporã,MS,Centro-Oeste,67.75,6.73,63.0,56.78,69.8659,0.1395,13.0859,False,8.7862
3510005,Cândido Mota,SP,Sudeste,65.51,6.72,70.0,74.97,73.4139,0.1247,-1.5561,False,8.728
3550407,São Pedro,SP,Sudeste,58.16,5.43,156.0,61.09,73.824,0.0559,12.734,False,8.7277
2915502,Itajuípe,BA,Nordeste,34.09,9.9,58.0,48.35,36.2055,0.1504,-12.1445,True,8.7249
2108405,Peri Mirim,MA,Nordeste,61.03,10.42,35.0,49.11,60.6272,0.2486,11.5172,False,8.7015
2603603,Camutanga,PE,Nordeste,66.81,12.94,18.0,63.9,65.517,0.4828,1.617,False,8.6896
3121209,Delfinópolis,MG,Sudeste,68.32,9.72,33.0,79.45,72.7534,0.2632,-6.6966,False,8.6867
2704807,Maribondo,AL,Nordeste,41.5,9.98,57.0,57.41,45.2557,0.1523,-12.1543,True,8.6823
1718808,Sampaio,TO,Norte,43.25,10.64,57.0,55.29,57.8529,0.1523,2.5629,False,8.6784
2209658,São Francisco de Assis do Piauí,PI,Nordeste,36.86,12.53,37.0,47.77,52.8906,0.2345,5.1206,False,8.6749
2107605,Palmeirândia,MA,Nordeste,70.1,8.31,39.0,54.18,56.4183,0.2223,2.2383,False,8.6678
3514502,Duartina,SP,Sudeste,77.0,7.94,29.0,80.0,78.0794,0.2989,-1.9206,False,8.6667
2923902,Pau Brasil,BA,Nordeste,34.68,8.38,81.0,56.04,30.4479,0.1069,-25.5921,True,8.6607
2209559,São Braz do Piauí,PI,Nordeste,66.39,11.42,23.0,80.0,70.8639,0.3765,-9.1361,False,8.6598
2201929,Bonfim do Piauí,PI,Nordeste,35.96,9.97,57.0,60.21,50.7296,0.1519,-9.4804,False,8.6559
2413557,Serrinha dos Pintos,RN,Nordeste,62.72,17.82,12.0,64.8,51.6913,0.7213,-13.1087,False,8.6558
3204104,Pinheiros,ES,Sudeste,82.38,4.78,46.0,78.09,86.0763,0.1881,7.9863,False,8.6511
5107180,Ribeirão Cascalheira,MT,Centro-Oeste,70.9,8.61,36.0,68.76,64.6197,0.2393,-4.1403,False,8.6138
1101005,Governador Jorge Teixeira,RO,Norte,70.76,8.03,40.0,69.88,70.1412,0.2152,0.2612,False,8.6099
1200336,Mâncio Lima,AC,Norte,38.06,6.54,161.0,45.65,43.2973,0.0532,-2.3527,False,8.5698
2111706,São Vicente Ferrer,MA,Nordeste,76.83,8.08,26.0,67.18,68.1914,0.3286,1.0114,False,8.5444
2108108,Paulo Ramos,MA,Nordeste,90.57,3.93,20.0,77.38,79.0201,0.424,1.6401,False,8.48
2201051,Assunção do Piauí,PI,Nordeste,69.88,9.87,25.0,80.0,74.1871,0.3391,-5.8129,False,8.4779
2600609,Alagoinha,PE,Nordeste,53.88,7.47,80.0,54.75,58.8298,0.1057,4.0798,False,8.4595
2109304,Presidente Vargas,MA,Nordeste,47.81,10.15,57.0,55.77,49.9194,0.1484,-5.8506,False,8.4561
5219753,Santo Antônio do Descoberto,GO,Centro-Oeste,53.71,3.25,450.0,54.64,65.4636,0.0188,10.8236,False,8.4535
3136009,Joaíma,MG,Sudeste,64.1,8.82,46.0,54.86,64.3743,0.1837,9.5143,False,8.4514
3522307,Itapetininga,SP,Sudeste,50.81,2.67,732.0,54.24,59.5174,0.0115,5.2774,False,8.4495
4118857,Perobal,PR,Sul,70.18,9.45,30.0,64.91,67.376,0.2815,2.466,False,8.4443
2701100,Branquinha,AL,Nordeste,79.9,7.21,26.0,77.5,75.79,0.3243,-1.71,False,8.4325
4209706,Lebon Régis,SC,Sul,56.41,8.85,76.0,53.3,57.78,0.1105,4.48,False,8.396
3200904,Barra de São Francisco,ES,Sudeste,87.39,3.04,62.0,78.89,85.9439,0.1353,7.0539,False,8.3872
4314159,Paverama,RS,Sul,40.69,14.06,28.0,68.87,49.1209,0.2995,-19.7491,True,8.3863
1501758,Brejo Grande do Araguaia,PA,Norte,75.69,8.75,25.0,67.55,72.7744,0.3353,5.2244,False,8.3817
3501905,Amparo,SP,Sudeste,59.94,5.08,163.0,61.42,76.1935,0.0514,14.7735,False,8.3702
4128708,Vitorino,PR,Sul,70.2,8.39,42.0,74.06,68.494,0.1992,-5.566,False,8.3663
4212254,Passo de Torres,SC,Sul,59.86,7.66,93.0,63.74,67.3056,0.0899,3.5656,False,8.3563
2608602,Lagoa do Ouro,PE,Nordeste,85.4,7.09,16.0,74.9,63.3463,0.5217,-11.5537,True,8.3467
3159803,Santa Vitória,MG,Sudeste,59.59,7.04,82.0,73.65,70.798,0.1018,-2.852,False,8.3445
1720101,São Bento do Tocantins,TO,Norte,52.93,11.27,39.0,55.55,54.5593,0.2137,-0.9907,False,8.3338
4201208,Antônio Carlos,SC,Sul,74.87,7.11,41.0,76.15,80.9271,0.2032,4.7771,False,8.3323
2401305,Campo Grande,RN,Nordeste,43.78,11.52,44.0,49.73,44.0753,0.1892,-5.6547,False,8.3232
2905503,Caldeirão Grande,BA,Nordeste,28.19,7.22,107.0,36.88,29.2267,0.0775,-7.6533,True,8.2943
2616308,Vicência,PE,Nordeste,68.14,6.12,72.0,64.81,61.9833,0.1151,-2.8267,False,8.2873
2311900,Saboeiro,CE,Nordeste,81.55,6.41,27.0,76.77,71.3587,0.3069,-5.4113,False,8.2867
3119401,Coronel Fabriciano,MG,Sudeste,64.1,3.67,286.0,57.97,74.5507,0.029,16.5807,False,8.2819
4203303,Campo Alegre,SC,Sul,59.81,8.06,74.0,70.79,68.1755,0.1116,-2.6145,False,8.2605
1502004,Cachoeira do Arari,PA,Norte,33.13,6.64,143.0,61.22,43.8382,0.0575,-17.3818,True,8.2176
2208304,Piracuruca,PI,Nordeste,82.48,3.76,70.0,76.95,85.2395,0.117,8.2895,False,8.1916
1503093,Goianésia do Pará,PA,Norte,42.28,5.62,203.0,57.03,50.7292,0.0403,-6.3008,True,8.1809
4204350,Cordilheira Alta,SC,Sul,65.38,9.6,36.0,68.14,69.9855,0.2272,1.8455,False,8.1795
2107357,Nova Olinda do Maranhão,MA,Nordeste,62.21,7.48,66.0,64.61,60.6315,0.1239,-3.9785,False,8.1752
4309704,Humaitá,RS,Sul,60.78,13.71,20.0,80.0,62.1843,0.4087,-17.8157,True,8.174
4305702,Condor,RS,Sul,57.98,13.19,26.0,80.0,59.351,0.314,-20.649,True,8.1639
2313401,Tianguá,CE,Nordeste,86.1,2.05,156.0,80.0,81.3306,0.0523,1.3306,False,8.1598
1300060,Amaturá,AM,Norte,64.57,7.09,67.0,68.27,59.3579,0.1216,-8.9121,True,8.1491
3107109,Boa Esperança,MG,Sudeste,74.49,4.07,120.0,62.38,81.2801,0.0678,18.9001,False,8.1417
4118808,Peabiru,PR,Sul,74.24,6.89,45.0,72.78,73.1389,0.1809,0.3589,False,8.1383
2301208,Aracoiaba,CE,Nordeste,90.87,3.17,30.0,80.0,76.2089,0.2711,-3.7911,True,8.1336
2611200,Poção,PE,Nordeste,64.18,10.31,31.0,68.19,59.4649,0.2621,-8.7251,False,8.1252
1703800,Buriti do Tocantins,TO,Norte,50.39,9.22,62.0,56.06,52.2345,0.131,-3.8255,False,8.1208
2928059,Santa Luzia,BA,Nordeste,28.42,9.07,68.0,47.63,30.9271,0.1193,-16.7029,True,8.1093
2409407,Pau dos Ferros,RN,Nordeste,38.92,9.68,73.0,51.81,52.0883,0.1111,0.2783,False,8.1083
2604502,Chã Grande,PE,Nordeste,58.52,6.18,106.0,63.39,67.8192,0.0763,4.4292,False,8.0877
2609808,Orocó,PE,Nordeste,50.86,9.1,57.0,56.93,47.6797,0.1418,-9.2503,True,8.0807
2606606,Ibimirim,PE,Nordeste,61.75,5.98,99.0,60.3,58.3467,0.0816,-1.9533,False,8.0803
1722081,Wanderlândia,TO,Norte,41.91,10.1,67.0,48.97,49.6376,0.1203,0.6676,False,8.0622
2616001,Venturosa,PE,Nordeste,59.29,9.24,46.0,61.99,53.8421,0.1753,-8.1479,False,8.0617
2205300,Jerumenha,PI,Nordeste,75.3,11.22,14.0,41.6,63.4325,0.5758,21.8325,False,8.0606
2510204,Nova Olinda,PB,Nordeste,38.04,11.54,48.0,56.96,45.7643,0.1676,-11.1957,False,8.045
2921302,Milagres,BA,Nordeste,46.05,11.21,41.0,47.96,36.5145,0.1958,-11.4455,True,8.0293
4315909,Rodeio Bonito,RS,Sul,48.83,17.11,18.0,80.0,55.9678,0.4442,-24.0322,True,7.9963
3204005,Pancas,ES,Sudeste,85.87,6.26,18.0,80.0,77.3902,0.444,-2.6098,False,7.9921
4203154,Calmon,SC,Sul,57.91,11.28,40.0,68.46,64.2779,0.1998,-4.1821,False,7.9917
4216404,São João do Sul,SC,Sul,76.68,7.95,35.0,77.27,73.8807,0.2282,-3.3893,False,7.9862
1708304,Goianorte,TO,Norte,39.97,15.12,27.0,62.2,39.5915,0.295,-22.6085,True,7.9637
3135605,Jequitaí,MG,Sudeste,70.69,9.86,25.0,52.61,75.6428,0.3181,23.0328,False,7.9529
2915304,Itagimirim,BA,Nordeste,25.0,9.49,60.0,47.11,31.749,0.1325,-15.361,True,7.9503
4124707,São Jerônimo da Serra,PR,Sul,71.34,9.48,27.0,80.0,63.1966,0.2939,-16.8034,True,7.9366
2610103,Palmeirina,PE,Nordeste,59.43,12.24,26.0,66.87,60.5123,0.3052,-6.3577,False,7.9358
2311355,Quixelô,CE,Nordeste,88.46,5.02,18.0,79.5,73.2723,0.4398,-6.2277,True,7.9172
2906824,Canudos,BA,Nordeste,30.13,7.2,109.0,34.38,32.8512,0.0726,-1.5288,False,7.9151
3554805,Tremembé,SP,Sudeste,54.73,5.54,159.0,54.74,62.1467,0.0498,7.4067,False,7.915
2305266,Ibaretama,CE,Nordeste,60.53,8.34,52.0,73.33,71.9109,0.152,-1.4191,False,7.9021
3546306,Santa Cruz das Palmeiras,SP,Sudeste,59.69,5.8,129.0,59.4,70.4899,0.0611,11.0899,False,7.881
3203007,Iúna,ES,Sudeste,67.97,4.93,118.0,74.43,78.823,0.0668,4.393,False,7.8779
3517604,Guapiara,SP,Sudeste,60.31,8.0,61.0,71.09,72.8439,0.1288,1.7539,False,7.8553
2513109,Salgado de São Félix,PB,Nordeste,40.54,15.82,24.0,80.0,47.982,0.327,-32.018,True,7.8476
5003108,Corguinho,MS,Centro-Oeste,58.67,11.71,28.0,56.75,62.901,0.28,6.151,False,7.8397
2200301,Alto Longá,PI,Nordeste,82.42,8.09,15.0,80.0,71.8753,0.521,-8.1247,True,7.8154
2104909,Guimarães,MA,Nordeste,86.93,5.8,18.0,80.0,72.1405,0.434,-7.8595,True,7.8126
4121000,Querência do Norte,PR,Sul,50.32,8.19,80.0,56.48,63.5412,0.0976,7.0612,False,7.8109
2911402,Glória,BA,Nordeste,29.69,11.19,45.0,49.56,29.5546,0.1735,-20.0054,True,7.8057
2501203,Areial,PB,Nordeste,70.75,8.84,31.0,80.0,78.6531,0.2518,-1.3469,False,7.8047
4112702,Jataizinho,PR,Sul,60.96,8.38,60.0,68.09,63.7403,0.1298,-4.3497,False,7.7908
4106456,Coronel Domingos Soares,PR,Sul,62.46,10.8,35.0,78.78,57.4901,0.2222,-21.2899,True,7.7774
5205497,Cidade Ocidental,GO,Centro-Oeste,61.83,2.73,488.0,60.66,68.228,0.0159,7.568,False,7.7686
3546702,Santa Gertrudes,SP,Sudeste,64.05,5.55,117.0,66.28,75.9528,0.0663,9.6728,False,7.7614
2107308,Nova Iorque,MA,Nordeste,51.23,14.32,25.0,78.19,49.6484,0.3104,-28.5416,True,7.7588
4212650,Pescaria Brava,SC,Sul,45.95,8.92,73.0,52.93,64.6909,0.1061,11.7609,False,7.7445
3540705,Porto Ferreira,SP,Sudeste,50.08,4.58,252.0,59.02,61.9556,0.0307,2.9356,False,7.7402
1716604,Peixe,TO,Norte,42.9,12.23,46.0,57.32,44.9024,0.1681,-12.4176,True,7.7331
2702108,Colônia Leopoldina,AL,Nordeste,73.28,6.41,53.0,80.0,79.7908,0.1457,-0.2092,False,7.7217
3115508,Caxambu,MG,Sudeste,78.2,6.94,34.0,77.47,78.1265,0.2271,0.6565,False,7.7216
2802403,Gararu,SE,Nordeste,36.38,9.72,64.0,34.97,51.7262,0.1206,16.7562,False,7.7163
3111507,Campos Altos,MG,Sudeste,65.32,7.62,63.0,65.35,67.8713,0.1224,2.5213,False,7.7082
2802700,Ilha das Flores,SE,Nordeste,16.27,6.9,108.0,42.18,38.0683,0.0714,-4.1117,False,7.7073
2205953,Marcolândia,PI,Nordeste,89.64,5.14,15.0,80.0,70.3635,0.5138,-9.6365,True,7.7065
5101258,Araputanga,MT,Centro-Oeste,60.46,7.15,75.0,58.73,69.1475,0.1026,10.4175,False,7.6949
4318481,São José do Hortêncio,RS,Sul,43.75,17.19,18.0,79.12,53.5145,0.4274,-25.6055,True,7.6927
2109700,Sambaíba,MA,Nordeste,77.92,9.9,16.0,80.0,65.1705,0.4803,-14.8295,True,7.6852
2702801,Flexeiras,AL,Nordeste,49.36,7.84,85.0,48.62,57.3099,0.0903,8.6899,False,7.6752
5102603,Campinápolis,MT,Centro-Oeste,44.15,8.6,89.0,51.76,49.2789,0.086,-2.4811,False,7.6532
4100509,Altônia,PR,Sul,78.17,5.43,55.0,73.4,74.7322,0.1391,1.3322,False,7.6495
2502508,Boqueirão,PB,Nordeste,37.63,9.97,71.0,51.16,48.5118,0.1077,-2.6482,False,7.6439
4312252,Minas do Leão,RS,Sul,69.63,12.1,18.0,75.32,58.3161,0.4237,-17.0039,True,7.6263
3545308,Salto de Pirapora,SP,Sudeste,45.12,4.71,256.0,55.67,60.7915,0.0298,5.1215,False,7.6225
2204105,Francisco Ayres,PI,Nordeste,32.39,11.67,43.0,57.89,53.1083,0.177,-4.7817,False,7.6109
3304508,Rio das Flores,RJ,Sudeste,67.73,10.64,28.0,66.3,73.633,0.2717,7.333,False,7.6065
3547601,Santa Rosa de Viterbo,SP,Sudeste,75.32,6.0,52.0,76.07,73.093,0.1462,-2.977,False,7.6021
4316709,Santa Bárbara do Sul,RS,Sul,37.94,11.25,49.0,70.5,48.5282,0.1547,-21.9718,True,7.582
2303501,Cascavel,CE,Nordeste,82.6,2.41,170.0,80.0,86.8384,0.0446,6.8384,False,7.5779
4201000,Anita Garibaldi,SC,Sul,77.32,10.9,19.0,70.5,72.186,0.3984,1.686,False,7.5695
2901304,Andaraí,BA,Nordeste,47.79,8.4,71.0,56.14,39.6339,0.1059,-16.5061,True,7.516
3127800,Grão Mogol,MG,Sudeste,86.04,5.99,19.0,74.18,73.8427,0.3954,-0.3373,False,7.5134
3526704,Leme,SP,Sudeste,61.7,3.03,408.0,61.71,74.6239,0.0184,12.9139,False,7.5054
2514008,São João do Cariri,PB,Nordeste,60.72,14.97,16.0,44.44,61.9191,0.4685,17.4791,False,7.4952
3541604,Promissão,SP,Sudeste,79.12,6.27,37.0,71.38,80.5851,0.2023,9.2051,False,7.4833
2103125,Central do Maranhão,MA,Nordeste,84.42,8.51,15.0,80.0,65.7821,0.4981,-14.2179,True,7.4708
3204302,Presidente Kennedy,ES,Sudeste,69.84,6.7,61.0,72.03,73.6618,0.1223,1.6318,False,7.4574
3303104,Natividade,RJ,Sudeste,56.9,9.3,59.0,66.7,51.6985,0.1262,-15.0015,True,7.4462
3533502,Novo Horizonte,SP,Sudeste,75.66,4.44,92.0,67.53,80.8022,0.0809,13.2722,False,7.4411
3543709,Rincão,SP,Sudeste,74.83,9.27,25.0,65.79,75.058,0.2974,9.268,False,7.4345
2107456,Olinda Nova do Maranhão,MA,Nordeste,37.65,10.31,57.0,80.0,52.2945,0.1304,-27.7055,True,7.4335
1716208,Paranã,TO,Norte,68.42,8.32,40.0,54.33,62.9985,0.1856,8.6685,False,7.424
5101852,Bom Jesus do Araguaia,MT,Centro-Oeste,82.64,6.94,22.0,45.89,65.8611,0.3367,19.9711,False,7.4085
4305447,Chuvisca,RS,Sul,69.0,14.15,15.0,73.83,48.8378,0.4937,-24.9922,True,7.4052
2507200,Itatuba,PB,Nordeste,36.63,10.63,53.0,38.84,51.5823,0.1391,12.7423,False,7.3732
3525102,Jardinópolis,SP,Sudeste,45.42,4.89,258.0,65.37,59.5744,0.0286,-5.7956,True,7.3727
4110953,Itaipulândia,PR,Sul,84.63,5.35,31.0,80.0,77.0124,0.2377,-2.9876,False,7.3684
5100508,Alto Paraguai,MT,Centro-Oeste,52.45,11.49,40.0,71.51,60.9918,0.1836,-10.5182,False,7.3453
2907707,Chorrochó,BA,Nordeste,36.19,9.19,67.0,48.5,32.4098,0.1096,-16.0902,True,7.3448
4216800,São José do Cerrito,SC,Sul,65.02,15.44,17.0,77.52,62.0814,0.432,-15.4386,False,7.3435
1718303,Praia Norte,TO,Norte,38.48,15.3,26.0,33.54,37.312,0.2821,3.772,False,7.3335
4115101,Mariluz,PR,Sul,52.2,9.59,63.0,68.12,54.4719,0.1164,-13.6481,True,7.3327
3124005,Ervália,MG,Sudeste,84.99,5.78,27.0,62.82,77.1542,0.2713,14.3342,False,7.3264
2400703,Alto do Rodrigues,RN,Nordeste,52.52,8.38,74.0,58.68,63.6147,0.0987,4.9347,False,7.3004
5106158,Nova Bandeirantes,MT,Centro-Oeste,76.58,6.41,49.0,75.35,78.2383,0.1488,2.8883,False,7.2905
2807501,Tomar do Geru,SE,Nordeste,40.43,9.06,71.0,54.75,49.5306,0.1027,-5.2194,False,7.2899
3170529,Urucuia,MG,Sudeste,67.15,9.46,32.0,64.46,72.0268,0.2277,7.5668,False,7.2849
4106209,Contenda,PR,Sul,77.37,5.01,67.0,78.85,74.2365,0.1087,-4.6135,False,7.2822
4316105,Ronda Alta,RS,Sul,53.74,12.85,29.0,76.71,54.8018,0.2509,-21.9082,True,7.2763
2202406,Capitão de Campos,PI,Nordeste,54.01,8.35,63.0,62.28,60.3345,0.1153,-1.9455,False,7.2652
2922102,Mundo Novo,BA,Nordeste,33.33,8.23,84.0,41.86,31.1583,0.0865,-10.7017,True,7.263
2208700,Redenção do Gurguéia,PI,Nordeste,80.52,8.85,15.0,80.0,72.1085,0.4842,-7.8915,False,7.2627
2109239,Presidente Médici,MA,Nordeste,74.73,10.39,18.0,76.82,69.1315,0.4033,-7.6885,False,7.2588
4302303,Bom Jesus,RS,Sul,40.24,13.02,39.0,74.87,49.8766,0.1857,-24.9934,True,7.2428
4109757,Ibema,PR,Sul,70.36,9.64,31.0,75.04,66.8136,0.2335,-8.2264,False,7.237
4314175,Pedras Altas,RS,Sul,55.91,21.72,10.0,69.62,44.9866,0.7236,-24.6334,True,7.236
2414209,Tibau do Sul,RN,Nordeste,25.01,5.76,196.0,33.04,38.8116,0.0369,5.7716,False,7.2313
4101903,Assaí,PR,Sul,80.24,6.24,35.0,80.0,79.1503,0.2065,-0.8497,False,7.2281
3160702,Santos Dumont,MG,Sudeste,69.94,9.88,26.0,63.81,73.2379,0.278,9.4279,False,7.2276
2607752,Itapissuma,PE,Nordeste,82.94,4.45,48.0,78.37,71.8453,0.1506,-6.5247,True,7.2271
1600550,Pracuúba,AP,Norte,30.66,13.31,37.0,49.94,37.3571,0.1951,-12.5829,False,7.2178
4311700,Machadinho,RS,Sul,65.71,14.69,15.0,71.64,53.4776,0.4803,-18.1624,True,7.2049
2604809,Cortês,PE,Nordeste,70.38,9.73,26.0,67.7,64.7388,0.2769,-2.9612,False,7.1996
3507100,Bom Jesus dos Perdões,SP,Sudeste,53.92,5.72,147.0,73.04,65.8917,0.0488,-7.1483,True,7.1809
3508801,Cafelândia,SP,Sudeste,61.51,7.66,64.0,67.29,67.4276,0.112,0.1376,False,7.1663
3552106,Socorro,SP,Sudeste,59.71,6.57,100.0,60.34,76.1033,0.0717,15.7633,False,7.1652
5007935,Sonora,MS,Centro-Oeste,78.58,5.43,48.0,58.04,74.9018,0.1491,16.8618,False,7.1551
2615508,Tracunhaém,PE,Nordeste,73.3,7.81,35.0,66.05,64.2606,0.2044,-1.7894,False,7.1547
2206803,Nossa Senhora dos Remédios,PI,Nordeste,45.57,7.77,86.0,69.27,56.0754,0.0832,-13.1946,True,7.153
3505906,Batatais,SP,Sudeste,55.68,5.1,173.0,67.11,74.3878,0.0413,7.2778,False,7.152
4301701,Barão de Cotegipe,RS,Sul,76.56,10.74,15.0,80.0,60.5835,0.4768,-19.4165,True,7.1519
4210001,Luiz Alves,SC,Sul,76.2,7.46,35.0,80.0,76.3789,0.2042,-3.6211,False,7.1474
5209200,Guapó,GO,Centro-Oeste,70.27,6.2,77.0,69.27,78.3558,0.0927,9.0858,False,7.1364
4208500,Ituporanga,SC,Sul,77.26,7.87,32.0,69.26,76.8182,0.2228,7.5582,False,7.1288
2906105,Canápolis,BA,Nordeste,29.55,9.53,62.0,50.63,28.3088,0.1148,-22.3212,True,7.118
4123808,Santa Izabel do Oeste,PR,Sul,82.64,6.93,23.0,80.0,72.7704,0.3093,-7.2296,True,7.1133
5004007,Glória de Dourados,MS,Centro-Oeste,73.18,8.79,30.0,79.23,73.9302,0.2369,-5.2998,False,7.1078
3147402,Paraopeba,MG,Sudeste,71.27,6.75,55.0,58.98,75.535,0.1291,16.555,False,7.1022
3117876,Confins,MG,Sudeste,69.16,10.57,32.0,61.49,67.2739,0.2217,5.7839,False,7.0935
2404101,Galinhos,RN,Nordeste,55.21,16.6,19.0,51.41,37.5345,0.3732,-13.8755,False,7.0901
2404309,Governador Dix-Sept Rosado,RN,Nordeste,48.19,13.67,33.0,65.07,52.2872,0.2148,-12.7828,False,7.0868
3141405,Medina,MG,Sudeste,65.71,6.89,65.0,73.31,70.0104,0.109,-3.2996,False,7.0822
3301504,Cordeiro,RJ,Sudeste,64.16,6.91,72.0,65.98,59.8033,0.0983,-6.1767,False,7.0783
3513603,Cunha,SP,Sudeste,58.09,8.33,61.0,59.73,75.9074,0.1159,16.1774,False,7.068
3154804,Rio Acima,MG,Sudeste,72.89,8.3,33.0,53.21,68.4092,0.2141,15.1992,False,7.0668
2313757,Umirim,CE,Nordeste,82.27,5.18,37.0,71.75,80.989,0.1909,9.239,False,7.0642
4300646,Ametista do Sul,RS,Sul,70.78,12.89,16.0,59.07,60.4957,0.4414,1.4257,False,7.062
2905156,Caetanos,BA,Nordeste,46.43,18.47,15.0,40.28,40.1971,0.4708,-0.0829,False,7.0616
4207809,Irani,SC,Sul,71.42,9.11,35.0,75.75,72.7597,0.2016,-2.9903,False,7.0554
4306056,Cristal,RS,Sul,78.44,14.17,8.0,70.67,54.9521,0.881,-15.7179,True,7.0477
3514809,Eldorado,SP,Sudeste,75.19,9.2,24.0,68.04,76.7731,0.2933,8.7331,False,7.0397
2503308,Cachoeira dos Índios,PB,Nordeste,52.23,12.8,33.0,54.17,54.5367,0.213,0.3667,False,7.029
3113701,Carlos Chagas,MG,Sudeste,55.85,8.35,66.0,64.14,69.3366,0.1064,5.1966,False,7.0228
3541208,Presidente Bernardes,SP,Sudeste,79.72,9.88,15.0,69.3,74.3343,0.4672,5.0343,False,7.0084
2104651,Governador Newton Bello,MA,Nordeste,78.06,8.98,20.0,72.55,67.7408,0.3503,-4.8092,False,7.0061
1504752,Mojuí dos Campos,PA,Norte,43.75,7.32,119.0,63.3,57.6373,0.0589,-5.6627,False,7.0032
1300680,Boa Vista do Ramos,AM,Norte,31.92,7.56,115.0,41.46,37.4387,0.0608,-4.0213,False,6.9964
2202711,Cocal de Telha,PI,Nordeste,59.54,12.45,25.0,71.49,63.7679,0.2798,-7.7221,False,6.9953
5006358,Paranhos,MS,Centro-Oeste,66.44,7.96,50.0,56.21,65.4621,0.1394,9.2521,False,6.972
2920908,Mascote,BA,Nordeste,26.73,8.63,74.0,37.88,33.1173,0.0942,-4.7627,False,6.9687
2201739,Betânia do Piauí,PI,Nordeste,82.77,7.27,20.0,54.51,76.7358,0.348,22.2258,False,6.9607
4320354,Sentinela do Sul,RS,Sul,23.49,15.21,27.0,75.7,50.9058,0.2578,-24.7942,True,6.9605
2104503,Governador Archer,MA,Nordeste,78.21,8.44,22.0,80.0,66.0425,0.3163,-13.9575,True,6.9583
1720259,São Salvador do Tocantins,TO,Norte,59.09,14.35,20.0,58.13,60.7152,0.3474,2.5852,False,6.9475
3303005,Miracema,RJ,Sudeste,69.5,5.96,82.0,71.51,66.6968,0.0847,-4.8132,False,6.9461
2507804,Junco do Seridó,PB,Nordeste,76.21,10.17,17.0,63.99,65.9449,0.4084,1.9549,False,6.9433
3101805,Alpercata,MG,Sudeste,70.84,11.47,21.0,57.08,66.8887,0.3305,9.8087,False,6.9403
3550100,São Manuel,SP,Sudeste,60.53,4.73,175.0,66.3,72.5052,0.0396,6.2052,False,6.9368
4115408,Marmeleiro,PR,Sul,85.07,5.33,31.0,78.81,76.5515,0.2237,-2.2585,False,6.9336
5102694,Canabrava do Norte,MT,Centro-Oeste,78.9,9.24,17.0,48.6,69.9749,0.4077,21.3749,False,6.9313
3137007,Ladainha,MG,Sudeste,54.46,10.84,46.0,39.29,60.8508,0.1504,21.5608,False,6.9174
2916203,Itapé,BA,Nordeste,35.38,11.62,42.0,45.28,35.2176,0.1646,-10.0624,False,6.9147
2409803,Pedro Velho,RN,Nordeste,23.56,13.57,40.0,32.33,39.7804,0.1729,7.4504,False,6.9144
3131208,Ipanema,MG,Sudeste,77.69,6.06,44.0,79.18,79.8677,0.1566,0.6877,False,6.8903
3144359,Naque,MG,Sudeste,64.95,11.1,27.0,79.67,71.7529,0.2551,-7.9171,False,6.8886
5102850,Castanheira,MT,Centro-Oeste,64.86,10.56,33.0,68.55,66.7415,0.2087,-1.8085,False,6.8875
3504602,Bady Bassitt,SP,Sudeste,61.39,5.99,109.0,63.6,77.1696,0.0632,13.5696,False,6.8858
4213807,Praia Grande,SC,Sul,69.34,10.07,32.0,70.21,66.3684,0.215,-3.8416,False,6.8794
5106109,Nossa Senhora do Livramento,MT,Centro-Oeste,82.06,7.5,19.0,72.16,74.2772,0.3612,2.1172,False,6.8624
2709004,Tanque d'Arca,AL,Nordeste,53.46,11.29,37.0,54.17,51.7613,0.1854,-2.4087,False,6.8611
2707404,Porto de Pedras,AL,Nordeste,27.48,7.64,104.0,44.89,40.3404,0.066,-4.5496,False,6.8606
3158953,Santana do Paraíso,MG,Sudeste,69.95,4.98,106.0,72.98,77.083,0.0647,4.103,False,6.8548
3518503,Guareí,SP,Sudeste,68.52,7.42,52.0,68.0,79.8595,0.1318,11.8595,False,6.8535
4308300,Fontoura Xavier,RS,Sul,60.02,16.23,15.0,67.86,55.1824,0.4562,-12.6776,False,6.8431
3144300,Nanuque,MG,Sudeste,57.66,9.29,51.0,61.12,60.4608,0.134,-0.6592,False,6.8331
2920106,Mairi,BA,Nordeste,23.42,7.88,85.0,53.26,40.7652,0.0803,-12.4948,True,6.8267
3143104,Monte Carmelo,MG,Sudeste,84.51,6.43,21.0,68.91,78.0467,0.3243,9.1367,False,6.8096
2923506,Palmeiras,BA,Nordeste,40.45,10.2,53.0,55.38,44.6027,0.1283,-10.7773,True,6.7997
3526803,Lençóis Paulista,SP,Sudeste,63.65,3.83,234.0,67.37,77.1558,0.0291,9.7858,False,6.799
2706109,Ouro Branco,AL,Nordeste,52.42,9.28,57.0,35.99,59.2358,0.1187,23.2458,False,6.7669
4108908,Guairaçá,PR,Sul,80.7,8.84,19.0,74.85,73.5575,0.3561,-1.2925,False,6.7664
4314423,Picada Café,RS,Sul,57.14,13.5,23.0,80.0,57.6733,0.294,-22.3267,True,6.762
4112504,Jardim Alegre,PR,Sul,77.74,8.41,24.0,67.3,75.4197,0.2813,8.1197,False,6.7506
5104609,Itiquira,MT,Centro-Oeste,58.16,6.74,98.0,54.54,65.8111,0.0689,11.2711,False,6.7494
3512001,Colina,SP,Sudeste,57.89,7.08,84.0,55.43,67.1387,0.0802,11.7087,False,6.7385
2605509,Ferreiros,PE,Nordeste,41.36,10.68,50.0,65.28,54.6397,0.1347,-10.6403,False,6.7343
2616506,Xexéu,PE,Nordeste,81.33,6.03,30.0,68.26,68.4029,0.2243,0.1429,False,6.7301
4215455,Sangão,SC,Sul,68.6,11.74,24.0,72.64,64.8314,0.2803,-7.8086,False,6.7271
4213401,Ponte Serrada,SC,Sul,66.76,10.99,29.0,61.87,66.8661,0.2316,4.9961,False,6.7157
3542206,Rancharia,SP,Sudeste,60.02,5.16,150.0,66.53,76.1789,0.0447,9.6489,False,6.7075
2919926,Madre de Deus,BA,Nordeste,25.81,6.29,138.0,53.18,33.2142,0.0485,-19.9658,True,6.6972
3504909,Bananal,SP,Sudeste,58.62,11.67,34.0,58.24,65.6816,0.1969,7.4416,False,6.696
4121802,Ribeirão Claro,PR,Sul,85.67,5.82,23.0,76.22,79.4349,0.2909,3.2149,False,6.6914
3162005,São Gonçalo do Sapucaí,MG,Sudeste,76.14,5.61,57.0,77.38,72.4224,0.1171,-4.9576,False,6.6755
4302204,Boa Vista do Buricá,RS,Sul,73.95,11.36,16.0,80.0,64.6163,0.417,-15.3837,True,6.6714
3145000,Nova Ponte,MG,Sudeste,78.86,6.15,40.0,74.7,76.0725,0.1665,1.3725,False,6.6583
3524600,Jacupiranga,SP,Sudeste,54.8,8.61,65.0,69.05,70.9908,0.1024,1.9408,False,6.6574
2612554,Santa Filomena,PE,Nordeste,53.13,10.32,46.0,65.78,53.1831,0.1445,-12.5969,True,6.6454
2504157,Casserengue,PB,Nordeste,58.52,10.36,38.0,58.37,65.673,0.1741,7.303,False,6.6177
2919603,Macajuba,BA,Nordeste,30.14,7.44,102.0,34.07,40.8022,0.0648,6.7322,False,6.6119
4310439,Ipê,RS,Sul,60.69,15.43,17.0,80.0,60.0916,0.3884,-19.9084,True,6.6022
3160306,Santo Antônio do Jacinto,MG,Sudeste,65.68,9.3,40.0,68.45,68.0944,0.1643,-0.3556,False,6.5716
2211209,Uruçuí,PI,Nordeste,31.54,5.44,200.0,42.89,42.2033,0.0328,-0.6867,False,6.5624
1715259,Novo Jardim,TO,Norte,61.23,16.42,15.0,37.88,53.4203,0.4372,15.5403,False,6.5586
3108909,Brazópolis,MG,Sudeste,79.13,6.55,35.0,60.36,80.9796,0.1874,20.6196,False,6.5581
4205209,Erval Velho,SC,Sul,58.13,13.88,28.0,64.17,68.9294,0.2339,4.7594,False,6.5499
4207908,Irineópolis,SC,Sul,79.26,7.16,31.0,74.35,80.0423,0.2109,5.6923,False,6.5392
1304260,Uarini,AM,Norte,11.23,5.06,153.0,28.14,32.5305,0.0427,4.3905,False,6.5344
5103379,Cotriguaçu,MT,Centro-Oeste,62.71,7.97,59.0,65.41,70.463,0.1106,5.053,False,6.5249
2917334,Iuiú,BA,Nordeste,25.53,8.81,70.0,59.11,34.2097,0.0932,-24.9003,True,6.5218
3146305,Padre Paraíso,MG,Sudeste,48.95,9.49,58.0,59.05,55.3275,0.1124,-3.7225,False,6.5213
3134608,Jaboticatubas,MG,Sudeste,75.38,6.08,57.0,72.7,79.3944,0.1144,6.6944,False,6.5183
5106265,Novo Mundo,MT,Centro-Oeste,67.67,8.89,40.0,62.24,73.4261,0.1623,11.1861,False,6.4925
4103503,Califórnia,PR,Sul,69.27,7.57,47.0,80.0,71.9828,0.1381,-8.0172,True,6.492
2203503,Elesbão Veloso,PI,Nordeste,51.08,10.22,46.0,59.84,61.8324,0.1409,1.9924,False,6.4836
3520301,Iguape,SP,Sudeste,61.67,5.75,114.0,64.63,74.3964,0.0567,9.7664,False,6.4628
3507803,Brodowski,SP,Sudeste,54.27,6.33,124.0,62.27,68.2675,0.0521,5.9975,False,6.4622
5005251,Laguna Carapã,MS,Centro-Oeste,77.49,7.01,33.0,80.0,69.805,0.1957,-10.195,True,6.4565
3501301,Álvares Machado,SP,Sudeste,72.19,5.61,75.0,62.43,81.2583,0.0861,18.8283,False,6.4545
1706001,Couto Magalhães,TO,Norte,49.03,11.41,46.0,58.52,49.7249,0.14,-8.7951,False,6.442
3550209,São Miguel Arcanjo,SP,Sudeste,73.78,4.88,87.0,64.5,78.3062,0.0739,13.8062,False,6.4322
2601508,Belém de Maria,PE,Nordeste,79.67,7.11,25.0,73.96,73.5642,0.2573,-0.3958,False,6.432
3118403,Conselheiro Pena,MG,Sudeste,57.11,7.33,80.0,71.07,70.5012,0.0803,-0.5688,False,6.4238
3108255,Bonito de Minas,MG,Sudeste,49.15,12.16,39.0,69.35,56.7981,0.1647,-12.5519,True,6.4224
3531902,Morro Agudo,SP,Sudeste,45.3,5.87,174.0,63.3,65.0565,0.0369,1.7565,False,6.4173
2803609,Laranjeiras,SE,Nordeste,27.34,6.01,177.0,31.57,36.06,0.0363,4.49,False,6.4169
2210623,Sebastião Barros,PI,Nordeste,50.0,13.1,28.0,41.31,45.8939,0.2292,4.5839,False,6.4168
2915700,Itamari,BA,Nordeste,36.76,11.46,43.0,66.28,43.8633,0.1491,-22.4167,True,6.4132
1101609,Theobroma,RO,Norte,78.73,7.55,27.0,60.25,78.6368,0.2375,18.3868,False,6.4123
3114303,Carmo do Paranaíba,MG,Sudeste,86.19,4.13,40.0,73.41,84.943,0.1602,11.533,False,6.4079
2201705,Bertolínia,PI,Nordeste,43.42,13.38,32.0,66.16,53.0117,0.2002,-13.1483,False,6.4053
1718006,Porto Alegre do Tocantins,TO,Norte,37.95,13.85,34.0,19.92,44.5472,0.1882,24.6272,False,6.4002
4126603,Siqueira Campos,PR,Sul,82.89,4.55,48.0,80.0,80.6898,0.1333,0.6898,False,6.3967
4108320,Francisco Alves,PR,Sul,80.22,7.8,23.0,72.27,75.6476,0.2778,3.3776,False,6.3897
2925931,Quixabeira,BA,Nordeste,75.47,11.58,13.0,51.7,69.2194,0.4913,17.5194,False,6.3864
2306256,Itaitinga,CE,Nordeste,85.11,2.5,117.0,80.0,83.5798,0.0545,3.5798,False,6.3807
3162401,São João da Ponte,MG,Sudeste,63.52,7.09,68.0,70.22,72.2307,0.0936,2.0107,False,6.3642
2502805,Brejo do Cruz,PB,Nordeste,51.59,9.98,55.0,62.2,63.8795,0.1157,1.6795,False,6.364
2103109,Cedral,MA,Nordeste,66.85,9.86,30.0,73.0,69.4158,0.212,-3.5842,False,6.3594
2202117,Campo Alegre do Fidalgo,PI,Nordeste,59.33,16.53,15.0,51.56,55.3849,0.4239,3.8249,False,6.3586
4200408,Água Doce,SC,Sul,72.41,10.03,28.0,69.64,70.8747,0.227,1.2347,False,6.3566
2708204,São Brás,AL,Nordeste,70.73,9.27,28.0,71.26,66.9638,0.227,-4.2962,False,6.3566
2203008,Cristalândia do Piauí,PI,Nordeste,79.55,8.43,18.0,79.95,78.8392,0.3531,-1.1108,False,6.3551
2202208,Campo Maior,PI,Nordeste,54.48,4.64,219.0,61.3,65.4764,0.029,4.1764,False,6.3407
4313011,Nova Candelária,RS,Sul,60.0,16.23,14.0,80.0,61.0873,0.4517,-18.9127,True,6.3235
2202174,Campo Largo do Piauí,PI,Nordeste,64.26,12.06,22.0,33.1,65.738,0.2873,32.638,False,6.3204
2606309,Granito,PE,Nordeste,68.1,8.74,35.0,61.47,71.6007,0.1802,10.1307,False,6.3057
2106201,Luís Domingues,MA,Nordeste,84.96,6.6,18.0,77.84,68.2621,0.3498,-9.5779,True,6.2964
4100301,Agudos do Sul,PR,Sul,87.51,5.42,20.0,77.09,77.6358,0.3147,0.5458,False,6.2944
2108900,Poção de Pedras,MA,Nordeste,77.25,9.25,20.0,80.0,75.5503,0.3146,-4.4497,False,6.2919
2202455,Capitão Gervásio Oliveira,PI,Nordeste,77.36,11.27,12.0,70.01,76.5072,0.5237,6.4972,False,6.2841
3123700,Engenheiro Caldas,MG,Sudeste,62.98,10.3,35.0,65.32,70.0675,0.1792,4.7475,False,6.2705
4105003,Catanduvas,PR,Sul,56.17,9.03,61.0,70.5,61.1653,0.1027,-9.3347,True,6.2664
2933158,Várzea Nova,BA,Nordeste,17.95,6.02,128.0,47.1,28.383,0.0489,-18.717,True,6.2564
1507961,Terra Alta,PA,Norte,49.89,11.57,42.0,54.1,58.0065,0.1487,3.9065,False,6.2467
2603108,Cachoeirinha,PE,Nordeste,63.6,7.06,67.0,64.3,66.5708,0.0929,2.2708,False,6.2262
1100908,Castanheiras,RO,Norte,65.39,13.08,20.0,73.22,63.6347,0.3109,-9.5853,False,6.2185
3125705,Felixlândia,MG,Sudeste,75.11,8.16,30.0,61.16,78.0539,0.2073,16.8939,False,6.2176
2611408,Primavera,PE,Nordeste,50.4,10.76,42.0,78.26,63.0349,0.1479,-15.2251,True,6.2127
4300661,André da Rocha,RS,Sul,33.33,23.86,13.0,72.3,46.6416,0.4778,-25.6584,True,6.2118
3549953,São Lourenço da Serra,SP,Sudeste,58.4,8.26,67.0,67.42,63.1103,0.0927,-4.3097,False,6.2106
2112233,Trizidela do Vale,MA,Nordeste,90.87,3.64,22.0,65.84,73.9467,0.2821,8.1067,False,6.2059
2608057,Jatobá,PE,Nordeste,68.06,8.73,38.0,77.29,62.5798,0.1625,-14.7102,True,6.176
3132701,Itambacuri,MG,Sudeste,56.93,9.46,49.0,60.87,59.4192,0.1257,-1.4508,False,6.1592
2515906,Serraria,PB,Nordeste,74.7,11.47,14.0,80.0,70.166,0.4396,-9.834,False,6.1548
3142205,Miraí,MG,Sudeste,79.2,9.07,19.0,80.0,72.3116,0.3235,-7.6884,False,6.147
3552700,Tabatinga,SP,Sudeste,62.83,7.67,62.0,68.11,76.938,0.099,8.828,False,6.1398
2209005,Rio Grande do Piauí,PI,Nordeste,41.79,11.81,39.0,58.8,56.9971,0.1571,-1.8029,False,6.128
3509908,Cananéia,SP,Sudeste,59.72,8.8,52.0,69.71,78.8149,0.1178,9.1049,False,6.1269
4104501,Capanema,PR,Sul,79.51,5.68,48.0,78.91,78.1461,0.1274,-0.7639,False,6.1157
4206900,Ibirama,SC,Sul,71.81,6.26,72.0,71.45,72.8129,0.0849,1.3629,False,6.1151
3530102,Mirandópolis,SP,Sudeste,54.13,7.69,85.0,62.1,63.0776,0.0719,0.9776,False,6.1109
4214607,Rio do Oeste,SC,Sul,70.61,12.22,24.0,80.0,70.5767,0.2543,-9.4233,False,6.1039
4319307,São Paulo das Missões,RS,Sul,61.11,16.47,15.0,78.4,56.3927,0.4062,-22.0073,True,6.093
4300802,Antônio Prado,RS,Sul,46.64,12.73,34.0,70.43,53.6488,0.1787,-16.7812,True,6.0747
3546603,Santa Fé do Sul,SP,Sudeste,54.03,5.32,163.0,65.98,72.9705,0.0373,6.9905,False,6.0735
3128303,Guaranésia,MG,Sudeste,65.22,6.43,76.0,75.58,80.0232,0.0799,4.4432,False,6.0698
5106182,Nova Lacerda,MT,Centro-Oeste,67.65,8.35,43.0,63.28,75.2687,0.1411,11.9887,False,6.0667
3204351,Rio Bananal,ES,Sudeste,83.06,4.76,45.0,76.25,82.4378,0.1347,6.1878,False,6.0596
3168002,Taiobeiras,MG,Sudeste,86.35,3.59,51.0,72.65,84.3415,0.1187,11.6915,False,6.0544
2604403,Chã de Alegria,PE,Nordeste,63.28,8.35,47.0,68.48,61.7379,0.1288,-6.7421,False,6.0531
3152170,Ponto dos Volantes,MG,Sudeste,67.72,9.69,31.0,74.9,74.9747,0.1947,0.0747,False,6.0361
3109204,Buenópolis,MG,Sudeste,75.92,9.69,20.0,80.0,74.9544,0.3017,-5.0456,False,6.0346
2202703,Cocal,PI,Nordeste,83.94,4.04,52.0,75.26,84.4581,0.1159,9.1981,False,6.025
3306156,Varre-Sai,RJ,Sudeste,82.97,9.6,13.0,80.0,69.4955,0.4632,-10.5045,True,6.0214
2414704,Várzea,RN,Nordeste,45.68,16.51,24.0,32.65,43.0237,0.2508,10.3737,False,6.019
5100359,Alto Boa Vista,MT,Centro-Oeste,48.86,10.03,53.0,80.0,56.8905,0.1133,-23.1095,True,6.0056
5004809,Japorã,MS,Centro-Oeste,41.74,10.02,62.0,27.25,56.8824,0.0968,29.6324,False,6.0018
2201945,Boqueirão do Piauí,PI,Nordeste,77.1,10.51,15.0,80.0,70.3914,0.3996,-9.6086,False,5.9934
3112505,Capim Branco,MG,Sudeste,77.92,7.81,27.0,78.27,75.133,0.2216,-3.137,False,5.9838
3157708,Santa Juliana,MG,Sudeste,58.13,6.68,95.0,68.42,70.2793,0.0628,1.8593,False,5.9634
2910008,Dário Meira,BA,Nordeste,41.07,9.11,66.0,51.02,37.068,0.0903,-13.952,True,5.9581
2100501,Alto Parnaíba,MA,Nordeste,51.99,7.85,80.0,57.53,59.9432,0.0744,2.4132,False,5.9537
1200393,Porto Walter,AC,Norte,39.8,10.29,55.0,47.15,50.1052,0.1081,2.9552,False,5.9454
2404002,Frutuoso Gomes,RN,Nordeste,47.06,16.78,20.0,35.57,54.1327,0.2967,18.5627,False,5.9331
3302106,Itaocara,RJ,Sudeste,70.08,6.52,67.0,70.01,74.6823,0.0885,4.6723,False,5.9306
3124906,Eugenópolis,MG,Sudeste,68.61,11.43,30.0,64.17,67.0869,0.1976,2.9169,False,5.9287
5007695,São Gabriel do Oeste,MS,Centro-Oeste,62.11,4.4,186.0,61.36,72.0152,0.0319,10.6552,False,5.9268
2205904,Manoel Emídio,PI,Nordeste,82.37,9.07,13.0,80.0,75.6209,0.4559,-4.3791,False,5.9266
4307104,Herval,RS,Sul,64.43,19.92,8.0,61.7,49.8324,0.7398,-11.8676,False,5.918
2412906,São Tomé,RN,Nordeste,37.7,13.74,37.0,35.66,37.1652,0.1598,1.5052,False,5.9143
4121752,Reserva do Iguaçu,PR,Sul,83.12,7.59,18.0,78.52,74.3566,0.3284,-4.1634,False,5.9112
4102505,Barbosa Ferraz,PR,Sul,77.64,8.44,25.0,80.0,74.7446,0.2356,-5.2554,False,5.8889
4206207,Gravatal,SC,Sul,76.93,16.19,9.0,61.57,67.9584,0.6534,6.3884,False,5.8808
4127502,Tibagi,PR,Sul,77.8,4.94,69.0,78.42,78.3563,0.0852,-0.0637,False,5.8778
4314209,Pedro Osório,RS,Sul,22.31,13.75,32.0,71.61,48.1292,0.1836,-23.4808,True,5.8766
2612455,Santa Cruz,PE,Nordeste,69.08,7.29,50.0,72.64,64.0649,0.1175,-8.5751,True,5.8759
4104105,Campo do Tenente,PR,Sul,80.96,7.74,21.0,80.0,75.1118,0.2798,-4.8882,False,5.8756
3543006,Ribeirão Branco,SP,Sudeste,64.79,6.18,84.0,61.89,76.0546,0.0697,14.1646,False,5.8525
3115102,Cássia,MG,Sudeste,76.98,6.53,40.0,73.57,76.5733,0.146,3.0033,False,5.8394
2500775,Aparecida,PB,Nordeste,62.41,14.08,18.0,54.49,60.8036,0.3242,6.3136,False,5.8359
2301307,Araripe,CE,Nordeste,77.22,4.87,65.0,76.85,77.4526,0.0898,0.6026,False,5.8348
3158003,Santa Maria de Itabira,MG,Sudeste,77.79,8.02,27.0,62.93,74.1572,0.216,11.2272,False,5.8326
5218805,Rio Verde,GO,Centro-Oeste,89.88,1.18,265.0,80.0,84.9014,0.022,4.9014,False,5.8233
2703304,Inhapi,AL,Nordeste,83.02,4.99,38.0,69.84,75.3248,0.1531,5.4848,False,5.8186
2506707,Imaculada,PB,Nordeste,39.68,10.91,49.0,71.23,47.0379,0.1185,-24.1921,True,5.8054
4316956,Santa Maria do Herval,RS,Sul,59.26,15.85,16.0,78.8,58.084,0.3619,-20.716,True,5.7908
3300936,Carapebus,RJ,Sudeste,59.54,8.3,69.0,60.47,59.7626,0.0838,-0.7074,False,5.7814
5214002,Mozarlândia,GO,Centro-Oeste,66.57,6.35,77.0,60.6,71.6936,0.0751,11.0936,False,5.7808
1707652,Figueirópolis,TO,Norte,51.75,12.47,38.0,68.06,50.8417,0.1521,-17.2183,True,5.7799
2915106,Itagi,BA,Nordeste,23.53,7.62,91.0,50.97,36.8177,0.0634,-14.1523,True,5.7729
3517406,Guaíra,SP,Sudeste,53.49,5.6,150.0,63.07,68.1726,0.0385,5.1026,False,5.7718
1600212,Cutias,AP,Norte,53.33,10.81,40.0,57.7,65.8801,0.1443,8.1801,False,5.7712
4103057,Boa Vista da Aparecida,PR,Sul,53.33,10.33,45.0,74.74,60.9988,0.1282,-13.7412,True,5.7706
2511301,Piancó,PB,Nordeste,38.96,12.97,39.0,58.98,46.7113,0.1477,-12.2687,False,5.7605
3162708,São João do Paraíso,MG,Sudeste,87.33,4.49,30.0,73.45,84.1501,0.1919,10.7001,False,5.7562
3110905,Campanha,MG,Sudeste,64.82,7.49,59.0,54.1,72.3255,0.0971,18.2255,False,5.7292
3159605,Santa Rita do Sapucaí,MG,Sudeste,72.16,5.32,89.0,59.56,81.4153,0.0642,21.8553,False,5.7176
3113008,Caraí,MG,Sudeste,71.54,13.34,15.0,54.16,67.5552,0.3811,13.3952,False,5.7158
3108602,Brasília de Minas,MG,Sudeste,76.32,13.52,10.0,76.55,73.2957,0.5705,-3.2543,False,5.7048
3140803,Matias Barbosa,MG,Sudeste,78.81,7.44,26.0,65.73,71.7502,0.2193,6.0202,False,5.7026
5105580,Marcelândia,MT,Centro-Oeste,65.37,7.14,63.0,68.03,72.9113,0.0905,4.8813,False,5.6995
3204609,Santa Teresa,ES,Sudeste,82.16,5.15,41.0,80.0,82.4924,0.1389,2.4924,False,5.6969
3301603,Duas Barras,RJ,Sudeste,65.4,7.98,54.0,65.07,64.6703,0.1054,-0.3997,False,5.6942
4313391,Novo Cabrais,RS,Sul,76.96,13.21,9.0,80.0,58.926,0.6327,-21.074,True,5.6941
5000906,Antônio João,MS,Centro-Oeste,56.21,8.1,68.0,62.54,64.2458,0.0837,1.7058,False,5.6938
2602407,Brejão,PE,Nordeste,86.18,7.61,12.0,71.15,79.5707,0.474,8.4207,False,5.6882
3150158,Piedade de Caratinga,MG,Sudeste,74.11,7.21,39.0,61.71,71.0233,0.1456,9.3133,False,5.6797
3131901,Itabirito,MG,Sudeste,80.56,3.15,128.0,66.49,83.194,0.0444,16.704,False,5.6779
1502905,Curuçá,PA,Norte,33.49,5.22,252.0,45.47,45.9783,0.0225,0.5083,False,5.6771
1718899,Santa Rita do Tocantins,TO,Norte,43.13,17.75,18.0,68.59,47.0155,0.3147,-21.5745,True,5.6646
4313037,Nova Esperança do Sul,RS,Sul,80.74,12.77,8.0,80.0,61.0853,0.7072,-18.9147,True,5.6577
5206206,Cristalina,GO,Centro-Oeste,69.1,3.12,280.0,71.75,73.4945,0.0202,1.7445,False,5.6481
4314605,Piratini,RS,Sul,42.83,17.69,18.0,66.53,53.5509,0.3131,-12.9791,False,5.6365
3136207,João Monlevade,MG,Sudeste,79.73,4.05,85.0,67.1,79.5758,0.0663,12.4758,False,5.6339
2109205,Presidente Juscelino,MA,Nordeste,57.94,10.72,35.0,50.31,63.9335,0.1609,13.6235,False,5.6314
2402709,Cerro Corá,RN,Nordeste,40.95,9.72,65.0,66.78,56.3417,0.0865,-10.4383,True,5.6238
4318408,São Jerônimo,RS,Sul,71.92,16.22,11.0,80.0,49.6048,0.5105,-30.3952,True,5.6156
2102408,Cajapió,MA,Nordeste,64.0,11.38,27.0,70.49,59.0055,0.208,-11.4845,True,5.615
3509254,Cajati,SP,Sudeste,57.52,4.94,172.0,65.8,73.7645,0.0326,7.9645,False,5.6129
2410256,Porto do Mangue,RN,Nordeste,42.47,15.36,28.0,65.41,40.4183,0.2002,-24.9917,True,5.6046
4308904,Getúlio Vargas,RS,Sul,52.27,10.97,41.0,75.51,55.4176,0.1366,-20.0924,True,5.6025
4113254,Laranjal,PR,Sul,46.65,10.21,58.0,52.96,63.431,0.0965,10.471,False,5.5992
2608503,Lagoa de Itaenga,PE,Nordeste,79.42,6.17,35.0,73.36,68.9393,0.1595,-4.4207,False,5.5837
1505551,Pau D'Arco,PA,Norte,48.92,12.26,38.0,60.22,46.9106,0.1468,-13.3094,True,5.5797
2100956,Arame,MA,Nordeste,74.44,7.41,34.0,77.37,68.7597,0.164,-8.6103,True,5.5758
4311734,Mampituba,RS,Sul,55.15,16.27,17.0,70.62,52.5778,0.3277,-18.0422,True,5.5712
2610806,Pedra,PE,Nordeste,54.87,7.4,82.0,57.72,52.6443,0.0679,-5.0757,False,5.568
3534302,Orlândia,SP,Sudeste,57.15,5.68,139.0,56.24,71.2112,0.04,14.9712,False,5.5643
4203709,Canelinha,SC,Sul,41.38,11.74,48.0,66.02,59.2364,0.1157,-6.7836,False,5.5513
3200508,Apiacá,ES,Sudeste,62.88,11.33,28.0,65.44,65.257,0.1982,-0.183,False,5.5486
2303600,Catarina,CE,Nordeste,81.25,9.56,12.0,79.46,76.0124,0.4624,-3.4476,False,5.5485
2303204,Caririaçu,CE,Nordeste,82.61,4.04,60.0,80.0,76.6065,0.0925,-3.3935,False,5.5478
4311122,Jaquirana,RS,Sul,25.64,16.33,29.0,72.13,47.9611,0.1912,-24.1689,True,5.5456
1302207,Juruá,AM,Norte,44.12,13.68,35.0,53.1,43.1873,0.1583,-9.9127,False,5.5416
3201902,Domingos Martins,ES,Sudeste,81.13,4.32,66.0,80.0,84.9941,0.0839,4.9941,False,5.5387
3554508,Tietê,SP,Sudeste,62.5,5.51,120.0,58.64,73.8438,0.0461,15.2038,False,5.5285
2111789,Serrano do Maranhão,MA,Nordeste,53.63,11.38,37.0,71.79,72.0202,0.1492,0.2302,False,5.5186
3170909,Varzelândia,MG,Sudeste,73.76,8.67,28.0,57.53,73.8197,0.1969,16.2897,False,5.5137
1702000,Araguaçu,TO,Norte,40.55,12.79,49.0,55.92,49.8778,0.1125,-6.0422,False,5.5109
5207402,Edéia,GO,Centro-Oeste,72.29,7.05,46.0,80.0,77.0812,0.1197,-2.9188,False,5.5082
3548005,Santo Antônio de Posse,SP,Sudeste,62.07,6.52,90.0,62.69,74.3636,0.0611,11.6736,False,5.4987
3121605,Diamantina,MG,Sudeste,70.58,6.62,61.0,66.2,79.9556,0.0901,13.7556,False,5.4934
2510006,Nazarezinho,PB,Nordeste,63.88,14.58,17.0,50.0,63.9829,0.3225,13.9829,False,5.4833
4100707,Alto Piquiri,PR,Sul,64.65,8.4,46.0,76.32,65.3409,0.1191,-10.9791,True,5.4785
2500577,Algodão de Jandaíra,PB,Nordeste,50.16,13.64,29.0,55.8,58.2142,0.1887,2.4142,False,5.4715
3521804,Itaí,SP,Sudeste,46.71,5.83,163.0,57.98,63.4636,0.0334,5.4836,False,5.4389
5001508,Bandeirantes,MS,Centro-Oeste,52.43,8.69,67.0,41.27,59.8133,0.0811,18.5433,False,5.4334
3301108,Cantagalo,RJ,Sudeste,52.02,7.75,92.0,63.67,57.1634,0.0589,-6.5066,False,5.4206
1702901,Axixá do Tocantins,TO,Norte,40.19,9.8,67.0,45.08,45.1187,0.0807,0.0387,False,5.4047
3513702,Descalvado,SP,Sudeste,80.62,5.09,49.0,66.08,82.6823,0.1102,16.6023,False,5.3991
3125408,Felício dos Santos,MG,Sudeste,79.36,9.3,16.0,80.0,69.3761,0.3361,-10.6239,True,5.378
2903102,Barra do Rocha,BA,Nordeste,39.62,13.17,32.0,51.27,35.1555,0.168,-16.1145,True,5.3771
2504355,Caturité,PB,Nordeste,76.67,11.12,14.0,61.82,67.1738,0.3839,5.3538,False,5.3741
4106308,Corbélia,PR,Sul,85.25,4.61,39.0,76.25,77.8952,0.1377,1.6452,False,5.3705
3551801,Sete Barras,SP,Sudeste,52.1,8.22,79.0,71.0,68.3765,0.068,-2.6235,False,5.3702
3540903,Pradópolis,SP,Sudeste,62.53,6.89,76.0,75.99,74.3224,0.0706,-1.6676,False,5.3665
1717909,Ponte Alta do Tocantins,TO,Norte,31.0,9.24,82.0,58.11,36.9162,0.0653,-21.1938,True,5.3584
3171006,Vazante,MG,Sudeste,71.84,9.34,28.0,55.46,70.9987,0.1911,15.5387,False,5.3509
3100203,Abaeté,MG,Sudeste,73.11,8.21,36.0,61.36,75.4506,0.1486,14.0906,False,5.3496
1707108,Divinópolis do Tocantins,TO,Norte,60.82,10.43,38.0,51.98,59.5536,0.1408,7.5736,False,5.3485
2512721,Pedro Régis,PB,Nordeste,24.01,13.6,33.0,57.98,40.4934,0.1621,-17.4866,True,5.3479
2932408,Uibaí,BA,Nordeste,27.71,9.63,60.0,47.33,28.5815,0.0891,-18.7485,True,5.3435
2920007,Maiquinique,BA,Nordeste,32.56,9.9,58.0,44.65,31.4511,0.0921,-13.1989,True,5.3392
2805109,Pedrinhas,SE,Nordeste,11.52,8.02,58.0,29.87,32.0363,0.092,2.1663,False,5.3333
4115507,Marumbi,PR,Sul,75.85,12.79,12.0,64.95,69.0668,0.4443,4.1168,False,5.3311
4210803,Meleiro,SC,Sul,48.05,10.76,54.0,63.04,59.9499,0.0986,-3.0901,False,5.3232
2505402,Desterro,PB,Nordeste,45.78,12.03,37.0,63.76,52.8107,0.1438,-10.9493,False,5.3219
2903300,Barro Preto,BA,Nordeste,24.72,8.96,67.0,52.13,27.7583,0.0794,-24.3717,True,5.321
3128006,Guanhães,MG,Sudeste,68.69,6.08,79.0,64.93,75.6602,0.0673,10.7302,False,5.318
4321006,Tapera,RS,Sul,68.41,12.86,18.0,67.4,63.6014,0.2946,-3.7986,False,5.3027
3113305,Carangola,MG,Sudeste,52.45,9.29,63.0,60.34,67.7454,0.0842,7.4054,False,5.3021
3170008,Ubaí,MG,Sudeste,58.59,11.16,33.0,73.3,64.8068,0.1605,-8.4932,False,5.2967
2704005,Junqueiro,AL,Nordeste,56.66,5.92,131.0,62.02,55.7485,0.0404,-6.2715,True,5.2872
2205854,Madeiro,PI,Nordeste,55.88,9.64,45.0,67.86,57.0405,0.1174,-10.8195,True,5.2822
3143401,Monte Sião,MG,Sudeste,74.57,6.29,55.0,62.45,78.7387,0.096,16.2887,False,5.2803
3529708,Miguelópolis,SP,Sudeste,29.09,7.11,138.0,69.35,50.8846,0.0382,-18.4654,True,5.2733
2103158,Centro do Guilherme,MA,Nordeste,87.92,5.93,15.0,80.0,71.9598,0.3513,-8.0402,True,5.2692
5100607,Alto Taquari,MT,Centro-Oeste,70.01,7.05,54.0,74.69,74.8254,0.0974,0.1354,False,5.2606
1501006,Aveiro,PA,Norte,64.37,9.12,43.0,64.66,51.3424,0.1223,-13.3176,True,5.2587
3114204,Carmo do Cajuru,MG,Sudeste,72.36,6.16,62.0,71.27,80.8162,0.0848,9.5462,False,5.2585
4312302,Miraguaí,RS,Sul,51.71,17.16,19.0,79.28,53.0641,0.2765,-26.2159,True,5.2539
4308409,Formigueiro,RS,Sul,40.0,24.79,10.0,80.0,48.9133,0.5238,-31.0867,True,5.2378
5103056,Cláudia,MT,Centro-Oeste,66.28,7.78,51.0,65.43,75.1407,0.1026,9.7107,False,5.2308
4124053,Santa Terezinha de Itaipu,PR,Sul,79.46,5.32,53.0,80.0,74.2615,0.0985,-5.7385,True,5.2196
3117702,Conceição do Rio Verde,MG,Sudeste,78.17,7.15,29.0,80.0,73.5706,0.1799,-6.4294,False,5.2164
5104906,Jangada,MT,Centro-Oeste,54.88,13.18,28.0,63.76,62.4128,0.1855,-1.3472,False,5.1933
2112274,Tufilândia,MA,Nordeste,36.21,11.07,48.0,48.68,45.3056,0.1081,-3.3744,False,5.191
2516409,Tacima,PB,Nordeste,77.73,12.17,11.0,63.79,63.4404,0.4716,-0.3496,False,5.1872
4217600,Siderópolis,SC,Sul,53.57,9.39,60.0,67.61,63.5239,0.0863,-4.0861,False,5.1795
3164605,São Sebastião do Oeste,MG,Sudeste,76.47,7.37,34.0,74.14,75.7327,0.1522,1.5927,False,5.1757
3105103,Bambuí,MG,Sudeste,80.48,6.17,35.0,70.44,82.1651,0.1476,11.7251,False,5.1648
4217402,Schroeder,SC,Sul,75.9,5.79,65.0,68.52,80.2852,0.0794,11.7652,False,5.1592
2702504,Dois Riachos,AL,Nordeste,64.2,10.29,30.0,57.32,64.0796,0.1719,6.7596,False,5.1585
2707503,Porto Real do Colégio,AL,Nordeste,83.75,6.47,23.0,71.61,79.3204,0.2242,7.7104,False,5.1556
4111209,Itapejara d'Oeste,PR,Sul,75.39,6.12,50.0,76.84,76.1047,0.1031,-0.7353,False,5.1551
3538907,Pirajuí,SP,Sudeste,46.03,8.13,87.0,62.15,56.6885,0.0593,-5.4615,False,5.1549
4214201,Quilombo,SC,Sul,70.07,8.26,42.0,71.22,75.7789,0.1226,4.5589,False,5.1513
4105607,Cidade Gaúcha,PR,Sul,63.41,7.58,62.0,69.62,69.0695,0.083,-0.5505,False,5.1486
3152105,Ponte Nova,MG,Sudeste,81.27,4.4,67.0,61.58,75.9744,0.0768,14.3944,False,5.144
1101476,Primavera de Rondônia,RO,Norte,57.64,12.61,29.0,80.0,66.0361,0.1769,-13.9639,True,5.1292
1714302,Nazaré,TO,Norte,34.22,13.2,36.0,56.95,47.9899,0.1423,-8.9601,False,5.1239
2611507,Quipapá,PE,Nordeste,58.11,6.5,94.0,58.48,60.4334,0.0545,1.9534,False,5.1198
4305009,Catuípe,RS,Sul,77.1,12.5,10.0,80.0,64.5523,0.5117,-15.4477,True,5.1173
4322525,Vale Verde,RS,Sul,47.07,18.06,19.0,80.0,41.1558,0.2692,-38.8442,True,5.1152
4307559,Estação,RS,Sul,45.42,11.83,38.0,75.45,59.8466,0.1345,-15.6034,True,5.1127
5106802,Porto dos Gaúchos,MT,Centro-Oeste,74.3,9.72,24.0,76.91,77.8209,0.213,0.9109,False,5.112
2200707,Anísio de Abreu,PI,Nordeste,57.01,8.65,55.0,57.38,65.8075,0.0928,8.4275,False,5.104
1507474,São João de Pirabas,PA,Norte,40.76,6.48,142.0,44.66,60.1811,0.0359,15.5211,False,5.0981
1505403,Ourém,PA,Norte,56.26,8.59,63.0,58.75,60.7763,0.0809,2.0263,False,5.0971
2704203,Limoeiro de Anadia,AL,Nordeste,44.6,5.47,182.0,55.18,52.73,0.0279,-2.45,False,5.0814
2933174,Varzedo,BA,Nordeste,40.0,11.48,42.0,55.67,37.7878,0.1209,-17.8822,True,5.0776
2901502,Anguera,BA,Nordeste,55.95,10.62,37.0,51.72,42.4364,0.1372,-9.2836,False,5.075
1713809,Palmeiras do Tocantins,TO,Norte,49.54,10.84,47.0,33.59,45.0212,0.1079,11.4312,False,5.0736
1501451,Belterra,PA,Norte,57.6,6.94,96.0,66.91,62.5246,0.0528,-4.3854,False,5.0645
2501708,Barra de São Miguel,PB,Nordeste,78.6,11.8,10.0,66.84,73.8831,0.5056,7.0431,False,5.0556
3518206,Guararapes,SP,Sudeste,71.91,5.71,71.0,65.3,79.2014,0.071,13.9014,False,5.0375
4303707,Campina das Missões,RS,Sul,50.33,14.78,22.0,80.0,65.1633,0.2289,-14.8367,True,5.0361
4125407,São José da Boa Vista,PR,Sul,76.16,10.23,18.0,80.0,74.9199,0.2784,-5.0801,False,5.0113
1701002,Ananás,TO,Norte,46.7,8.16,89.0,52.61,59.4392,0.0563,6.8292,False,5.0091
2205565,Lagoa do Barro do Piauí,PI,Nordeste,59.52,10.7,34.0,63.62,65.3502,0.1473,1.7302,False,5.0071
3539103,Pirapora do Bom Jesus,SP,Sudeste,40.79,5.99,171.0,55.2,56.9607,0.0292,1.7607,False,5.0006
3515103,Embu-Guaçu,SP,Sudeste,45.34,5.64,188.0,57.34,60.1396,0.0266,2.7996,False,5.0001
3204807,São José do Calçado,ES,Sudeste,62.35,9.46,43.0,76.18,75.0073,0.1163,-1.1727,False,5.0001
4321352,Tavares,RS,Sul,37.04,18.22,17.0,70.27,53.4713,0.2936,-16.7987,False,4.9915
2917102,Itororó,BA,Nordeste,28.85,8.71,74.0,57.97,31.3065,0.0674,-26.6635,True,4.9866
2100402,Altamira do Maranhão,MA,Nordeste,73.04,12.07,15.0,80.0,70.335,0.3318,-9.665,False,4.9774
2407401,Martins,RN,Nordeste,53.91,11.33,40.0,53.85,52.3207,0.1239,-1.5293,False,4.9554
3512209,Conchal,SP,Sudeste,55.54,5.32,167.0,62.48,73.2045,0.0297,10.7245,False,4.9536
2925600,Presidente Dutra,BA,Nordeste,20.0,7.84,80.0,36.86,30.5114,0.0618,-6.3486,False,4.9412
4321469,Tio Hugo,RS,Sul,69.12,15.85,11.0,80.0,61.1862,0.4484,-18.8138,True,4.9329
3106903,Bicas,MG,Sudeste,70.71,8.59,36.0,56.41,68.3896,0.137,11.9796,False,4.9308
4117107,Nova Londrina,PR,Sul,74.05,7.22,41.0,78.35,72.3191,0.1203,-6.0309,False,4.9304
2919058,Lajedo do Tabocal,BA,Nordeste,43.1,12.75,33.0,63.21,39.9998,0.1492,-23.2102,True,4.9244
2706604,Paulo Jacinto,AL,Nordeste,38.46,10.8,48.0,50.47,49.7419,0.1025,-0.7281,False,4.9203
3131802,Itabirinha,MG,Sudeste,83.45,7.2,18.0,69.66,79.5725,0.2731,9.9125,False,4.9154
2110856,São Francisco do Brejão,MA,Nordeste,42.73,8.25,80.0,68.26,50.6291,0.0614,-17.6309,True,4.9099
3101102,Aimorés,MG,Sudeste,57.64,9.28,57.0,58.93,70.5701,0.086,11.6401,False,4.9037
3510302,Capela do Alto,SP,Sudeste,47.64,5.82,161.0,58.06,62.1383,0.0304,4.0783,False,4.8937
4312906,Nova Bassano,RS,Sul,51.83,13.33,29.0,78.52,52.6219,0.168,-25.8981,True,4.8734
2923035,Novo Horizonte,BA,Nordeste,73.17,9.59,22.0,66.89,69.3023,0.2215,2.4123,False,4.8732
4312955,Nova Boa Vista,RS,Sul,66.67,18.86,9.0,80.0,56.8269,0.5414,-23.1731,True,4.8723
3547502,Santa Rita do Passa Quatro,SP,Sudeste,67.97,7.32,55.0,68.06,75.0814,0.0886,7.0214,False,4.8722
4211751,Otacílio Costa,SC,Sul,70.93,6.66,61.0,63.21,76.0591,0.0799,12.8491,False,4.871
3514106,Dois Córregos,SP,Sudeste,57.41,6.15,114.0,67.45,68.0585,0.0427,0.6085,False,4.8655
2500536,Alcantil,PB,Nordeste,45.86,10.47,48.0,54.58,54.0426,0.1014,-0.5374,False,4.8649
2105476,Jenipapo dos Vieiras,MA,Nordeste,69.41,9.77,27.0,57.76,69.9936,0.18,12.2336,False,4.8603
2511103,Pedra Lavrada,PB,Nordeste,83.68,8.83,11.0,76.93,77.845,0.4417,0.915,False,4.859
3107307,Bocaiúva,MG,Sudeste,68.43,9.35,37.0,72.34,73.8038,0.1313,1.4638,False,4.8568
5106828,Porto Esperidião,MT,Centro-Oeste,49.8,8.29,80.0,55.54,58.1758,0.0607,2.6358,False,4.8524
2205409,Joaquim Pires,PI,Nordeste,81.28,5.59,35.0,63.53,85.1388,0.1384,21.6088,False,4.8452
3536307,Patrocínio Paulista,SP,Sudeste,67.0,6.69,67.0,56.04,75.5368,0.0723,19.4968,False,4.8422
2200459,Alvorada do Gurguéia,PI,Nordeste,41.74,12.64,38.0,72.04,48.1142,0.1272,-23.9258,True,4.8344
5006408,Pedro Gomes,MS,Centro-Oeste,55.85,9.31,57.0,47.79,68.9717,0.0848,21.1817,False,4.8336
3523305,Itariri,SP,Sudeste,70.98,7.17,49.0,67.57,79.2508,0.0986,11.6808,False,4.8336
2207777,Patos do Piauí,PI,Nordeste,63.04,13.95,17.0,80.0,67.7889,0.2843,-12.2111,False,4.8333
2103901,Duque Bacelar,MA,Nordeste,81.52,5.87,33.0,72.72,79.0829,0.1465,6.3629,False,4.833
2410801,Riacho de Santana,RN,Nordeste,53.37,17.74,18.0,58.04,52.4236,0.2682,-5.6164,False,4.8268
2111052,São João do Paraíso,MA,Nordeste,43.94,9.31,65.0,47.64,54.6015,0.0742,6.9615,False,4.8199
3151701,Poço Fundo,MG,Sudeste,70.93,7.52,46.0,80.0,78.7276,0.1047,-1.2724,False,4.8153
4323101,Vicente Dutra,RS,Sul,70.11,14.78,12.0,74.66,58.2232,0.4012,-16.4368,True,4.8138
3144102,Muzambinho,MG,Sudeste,75.5,6.31,50.0,55.11,77.74,0.0962,22.63,False,4.8121
3556404,Vargem Grande do Sul,SP,Sudeste,61.51,4.98,155.0,72.78,76.2518,0.031,3.4718,False,4.8008
2502003,Belém do Brejo do Cruz,PB,Nordeste,40.06,12.96,34.0,64.84,53.1873,0.141,-11.6527,False,4.7924
2605608,Flores,PE,Nordeste,68.28,7.58,46.0,76.0,71.3761,0.1039,-4.6239,False,4.7771
2610301,Paranatama,PE,Nordeste,66.67,7.87,46.0,75.92,65.6946,0.1038,-10.2254,True,4.7762
3300225,Areal,RJ,Sudeste,63.62,8.03,59.0,68.12,67.0488,0.0809,-1.0712,False,4.7748
2614303,Moreilândia,PE,Nordeste,56.97,9.55,50.0,55.7,59.9859,0.0955,4.2859,False,4.773
2806305,Santa Luzia do Itanhy,SE,Nordeste,22.15,7.36,103.0,41.22,39.0479,0.0463,-2.1721,False,4.7651
1200054,Assis Brasil,AC,Norte,49.15,9.69,63.0,55.08,54.8806,0.0756,-0.1994,False,4.7647
2602704,Buenos Aires,PE,Nordeste,85.53,6.18,18.0,68.48,74.3065,0.2642,5.8265,False,4.7562
4202602,Bom Retiro,SC,Sul,47.35,12.0,44.0,46.81,58.3489,0.1081,11.5389,False,4.7546
2614808,Tacaratu,PE,Nordeste,73.83,7.04,40.0,63.86,77.7924,0.1188,13.9324,False,4.7538
3162559,São João do Manhuaçu,MG,Sudeste,71.72,7.16,45.0,77.7,76.6897,0.1056,-1.0103,False,4.7516
3110707,Cambuquira,MG,Sudeste,85.07,7.23,15.0,72.66,75.7286,0.3164,3.0686,False,4.7464
3144656,Ninheira,MG,Sudeste,77.17,10.16,16.0,59.27,76.1786,0.2958,16.9086,False,4.7325
3126208,Formoso,MG,Sudeste,74.89,9.52,20.0,67.22,75.8543,0.2365,8.6343,False,4.7303
3131604,Iraí de Minas,MG,Sudeste,77.81,9.31,18.0,51.47,66.2268,0.2626,14.7568,False,4.7271
3532900,Nova Europa,SP,Sudeste,68.76,9.82,30.0,60.19,80.993,0.1575,20.803,False,4.7263
1600055,Serra do Navio,AP,Norte,73.6,12.33,14.0,47.19,69.6212,0.3375,22.4312,False,4.7244
2922805,Nova Itarana,BA,Nordeste,34.65,9.28,66.0,47.23,36.5856,0.0716,-10.6444,True,4.7241
1505007,Nova Timboteua,PA,Norte,51.66,8.99,72.0,59.99,49.571,0.0656,-10.419,True,4.7236
4305975,Coxilha,RS,Sul,52.33,15.52,21.0,68.76,43.5271,0.2246,-25.2329,True,4.7168
1716653,Pequizeiro,TO,Norte,61.79,12.88,23.0,49.03,60.7042,0.2048,11.6742,False,4.7104
2921708,Morro do Chapéu,BA,Nordeste,28.31,5.97,157.0,49.79,31.1384,0.03,-18.6516,True,4.7024
5103858,Gaúcha do Norte,MT,Centro-Oeste,59.59,9.66,46.0,56.31,63.5896,0.1022,7.2796,False,4.7022
3540507,Porangaba,SP,Sudeste,60.38,10.67,36.0,73.06,66.8985,0.1304,-6.1615,False,4.6957
3505351,Barra do Chapéu,SP,Sudeste,65.29,13.33,19.0,69.85,72.3099,0.2467,2.4599,False,4.6867
4121901,Ribeirão do Pinhal,PR,Sul,84.51,5.74,28.0,80.0,78.4321,0.1671,-1.5679,False,4.6802
2100873,Araguanã,MA,Nordeste,91.6,4.55,13.0,80.0,68.9378,0.3595,-11.0622,True,4.6733
2406700,Lajes,RN,Nordeste,36.0,11.85,52.0,44.05,49.3767,0.0898,5.3267,False,4.6694
4118600,Paula Freitas,PR,Sul,74.57,11.45,16.0,78.27,71.3606,0.291,-6.9094,False,4.6562
2414100,Tenente Ananias,RN,Nordeste,52.25,10.51,46.0,54.77,59.8542,0.1011,5.0842,False,4.6499
1506112,Quatipuru,PA,Norte,47.3,8.21,83.0,59.01,58.8308,0.0559,-0.1792,False,4.6388
2916708,Itaquara,BA,Nordeste,34.25,10.89,48.0,48.34,36.072,0.0966,-12.268,True,4.6384
2602308,Bonito,PE,Nordeste,79.75,4.22,73.0,64.31,82.0342,0.0635,17.7242,False,4.6372
2310308,Parambu,CE,Nordeste,88.35,3.92,30.0,80.0,83.5384,0.1546,3.5384,False,4.6366
2205557,Lagoa Alegre,PI,Nordeste,58.87,9.94,40.0,37.22,62.5728,0.1159,25.3528,False,4.6352
3546405,Santa Cruz do Rio Pardo,SP,Sudeste,72.25,5.21,85.0,61.64,78.0924,0.0544,16.4524,False,4.6269
2109551,Ribamar Fiquene,MA,Nordeste,50.16,13.11,33.0,62.66,50.9451,0.14,-11.7149,False,4.6198
3531803,Monte Mor,SP,Sudeste,46.98,3.58,480.0,59.49,56.1272,0.0096,-3.3628,False,4.6182
2209807,São Gonçalo do Piauí,PI,Nordeste,64.04,12.94,20.0,80.0,69.6782,0.2308,-10.3218,False,4.6152
3137502,Lagoa Formosa,MG,Sudeste,82.03,5.39,37.0,66.85,79.6366,0.1245,12.7866,False,4.6049
4122602,Rondon,PR,Sul,41.6,9.82,64.0,72.08,57.7586,0.0719,-14.3214,True,4.6019
2900900,Almadina,BA,Nordeste,23.91,12.33,35.0,45.78,25.1959,0.1313,-20.5841,True,4.5954
4205308,Faxinal dos Guedes,SC,Sul,66.53,8.18,53.0,61.6,72.0681,0.0865,10.4681,False,4.5843
4308433,Forquetinha,RS,Sul,55.22,21.8,10.0,67.03,48.4207,0.458,-18.6093,False,4.5795
3154457,Riachinho,MG,Sudeste,72.81,9.27,27.0,72.85,72.0546,0.1691,-0.7954,False,4.5653
3553500,Tapiraí,SP,Sudeste,57.45,9.55,45.0,62.29,66.0456,0.1014,3.7556,False,4.5627
2514909,São Mamede,PB,Nordeste,49.01,12.68,34.0,50.89,54.3813,0.1341,3.4913,False,4.5607
2805208,Pinhão,SE,Nordeste,40.24,15.16,27.0,31.5,47.0642,0.1688,15.5642,False,4.558
2505204,Cuitegi,PB,Nordeste,24.79,11.25,51.0,44.16,56.0624,0.0893,11.9024,False,4.5547
3516705,Garça,SP,Sudeste,57.27,5.59,140.0,61.08,76.2627,0.0324,15.1827,False,4.5419
3508108,Buritama,SP,Sudeste,67.83,7.25,57.0,69.16,78.8676,0.0796,9.7076,False,4.5354
2605103,Custódia,PE,Nordeste,84.57,3.72,58.0,80.0,82.3908,0.0782,2.3908,False,4.5351
2203701,Esperantina,PI,Nordeste,73.14,4.26,113.0,64.5,82.5679,0.0401,18.0679,False,4.5327
2700805,Belém,AL,Nordeste,64.57,14.39,16.0,63.22,62.9909,0.2822,-0.2291,False,4.5156
3549706,São José do Rio Pardo,SP,Sudeste,63.96,6.29,89.0,58.19,79.6175,0.0507,21.4275,False,4.5148
4206652,Guatambú,SC,Sul,38.7,9.21,84.0,55.89,53.0388,0.0537,-2.8512,False,4.5124
5221403,Trindade,GO,Centro-Oeste,77.21,2.08,383.0,70.7,83.4494,0.0118,12.7494,False,4.5008
3129608,Ibiaí,MG,Sudeste,76.4,10.8,15.0,64.47,67.8543,0.3,3.3843,False,4.5001
2207959,Nova Santa Rita,PI,Nordeste,49.1,12.35,33.0,58.41,56.8219,0.1362,-1.5881,False,4.494
2604700,Correntes,PE,Nordeste,71.98,7.75,37.0,61.01,79.246,0.1214,18.236,False,4.4925
2302909,Capistrano,CE,Nordeste,87.35,4.95,23.0,78.33,76.2479,0.1951,-2.0821,False,4.4874
3527108,Lins,SP,Sudeste,92.23,4.06,14.0,76.0,78.6631,0.32,2.6631,False,4.4796
2616100,Verdejante,PE,Nordeste,68.84,11.64,20.0,62.08,69.5269,0.2237,7.4469,False,4.4738
4100103,Abatiá,PR,Sul,58.5,11.27,38.0,63.89,64.7634,0.1177,0.8734,False,4.4714
3203908,Nova Venécia,ES,Sudeste,83.23,3.29,89.0,80.0,83.8293,0.0502,3.8293,False,4.4705
5214838,Nova Crixás,GO,Centro-Oeste,71.87,7.39,41.0,69.39,79.5978,0.1089,10.2078,False,4.4656
5203302,Bela Vista de Goiás,GO,Centro-Oeste,62.27,5.0,146.0,67.31,68.4065,0.0306,1.0965,False,4.4611
4128401,Uraí,PR,Sul,66.06,11.54,24.0,77.58,72.4615,0.1858,-5.1185,False,4.4588
3115458,Catuji,MG,Sudeste,66.72,9.87,33.0,49.55,67.1698,0.1351,17.6198,False,4.4585
1100296,Santa Luzia D'Oeste,RO,Norte,83.38,8.26,14.0,77.27,78.2368,0.3179,0.9668,False,4.4506
3154903,Rio Casca,MG,Sudeste,62.77,8.82,47.0,66.26,70.0818,0.0946,3.8218,False,4.448
5214507,Nerópolis,GO,Centro-Oeste,71.17,4.58,121.0,71.85,79.858,0.0368,8.008,False,4.447
3133402,Itapagipe,MG,Sudeste,77.3,7.68,28.0,69.06,77.2846,0.1586,8.2246,False,4.4421
3104205,Arcos,MG,Sudeste,88.86,3.23,44.0,79.17,87.4356,0.1009,8.2656,False,4.438
5104203,Guiratinga,MT,Centro-Oeste,84.51,6.57,19.0,80.0,74.279,0.2331,-5.721,False,4.4291
2917359,Jaborandi,BA,Nordeste,43.16,9.96,54.0,53.32,46.2132,0.0818,-7.1068,False,4.4181
3541901,Queluz,SP,Sudeste,68.79,9.27,33.0,67.79,69.9389,0.1337,2.1489,False,4.4123
2409308,Patu,RN,Nordeste,32.75,10.63,60.0,46.58,46.5331,0.0735,-0.0469,False,4.4117
5105002,Jauru,MT,Centro-Oeste,74.69,8.11,30.0,57.48,82.6184,0.147,25.1384,False,4.4113
5003504,Douradina,MS,Centro-Oeste,68.71,12.72,19.0,43.76,65.2275,0.2322,21.4675,False,4.4109
2205250,Jardim do Mulato,PI,Nordeste,77.0,14.04,8.0,65.39,73.4313,0.5511,8.0413,False,4.4086
2206951,Novo Santo Antônio,PI,Nordeste,82.08,10.06,10.0,58.73,72.5084,0.4405,13.7784,False,4.4054
3537305,Penápolis,SP,Sudeste,61.01,4.79,167.0,66.89,74.3163,0.0264,7.4263,False,4.4032
2205581,Lagoa do Piauí,PI,Nordeste,44.87,13.15,36.0,19.26,49.564,0.1222,30.304,False,4.4002
3553302,Tambaú,SP,Sudeste,59.74,7.02,81.0,58.21,71.1667,0.0543,12.9567,False,4.3982
4318424,São João da Urtiga,RS,Sul,70.27,14.73,12.0,77.56,68.7656,0.3656,-8.7944,False,4.3876
3538600,Piracaia,SP,Sudeste,57.46,5.83,130.0,65.5,78.4309,0.0337,12.9309,False,4.3842
2102507,Cajari,MA,Nordeste,34.09,11.4,61.0,62.0,40.4819,0.0718,-21.5181,True,4.3811
3125606,Felisburgo,MG,Sudeste,70.2,9.4,29.0,61.28,68.5579,0.1507,7.2779,False,4.3702
1708254,Fortaleza do Tabocão,TO,Norte,51.72,12.06,34.0,59.04,54.7182,0.1283,-4.3218,False,4.3637
5105234,Lambari D'Oeste,MT,Centro-Oeste,51.48,12.89,33.0,80.0,61.4656,0.1322,-18.5344,True,4.3636
2312403,São Gonçalo do Amarante,CE,Nordeste,85.78,2.16,144.0,80.0,86.9888,0.0303,6.9888,False,4.3624
3149150,Pedras de Maria da Cruz,MG,Sudeste,46.05,11.34,47.0,43.65,57.2262,0.0928,13.5762,False,4.3616
4304622,Capão Bonito do Sul,RS,Sul,60.0,24.79,8.0,62.39,60.2079,0.5443,-2.1821,False,4.3544
2924900,Planaltino,BA,Nordeste,42.86,12.96,32.0,62.35,38.8356,0.136,-23.5144,True,4.3507
2931707,Terra Nova,BA,Nordeste,28.42,9.07,68.0,38.77,32.1188,0.064,-6.6512,False,4.349
3168705,Timóteo,MG,Sudeste,70.27,5.02,104.0,63.78,81.7172,0.0418,17.9372,False,4.3476
3521408,Iracemápolis,SP,Sudeste,62.26,6.2,97.0,66.22,74.7384,0.0448,8.5184,False,4.3473
4201505,Armazém,SC,Sul,79.06,9.42,18.0,73.47,73.3468,0.2414,-0.1232,False,4.3449
2209153,Santa Cruz dos Milagres,PI,Nordeste,68.17,13.76,15.0,61.44,71.4402,0.2894,10.0002,False,4.3405
3152402,Poté,MG,Sudeste,79.92,9.79,15.0,53.94,68.012,0.2892,14.072,False,4.3376
4204004,Catanduvas,SC,Sul,72.43,7.56,51.0,72.0,80.3693,0.085,8.3693,False,4.3366
3153509,Alto Jequitibá,MG,Sudeste,78.72,8.98,19.0,60.34,64.9337,0.2281,4.5937,False,4.3339
2205573,Lagoa de São Francisco,PI,Nordeste,76.74,8.93,20.0,53.68,79.6074,0.2162,25.9274,False,4.3243
2508109,Lagoa,PB,Nordeste,59.38,17.66,14.0,40.4,64.1592,0.3084,23.7592,False,4.3183
2209971,São João do Arraial,PI,Nordeste,87.79,5.99,14.0,47.73,80.1529,0.3079,32.4229,False,4.3109
2600104,Afogados da Ingazeira,PE,Nordeste,70.19,4.57,118.0,70.86,67.8051,0.0365,-3.0549,False,4.3015
2306306,Itapagé,CE,Nordeste,89.72,2.68,52.0,80.0,83.4034,0.0827,3.4034,False,4.3003
2923050,Novo Triunfo,BA,Nordeste,39.06,11.95,39.0,37.32,42.5901,0.1102,5.2701,False,4.299
4111001,Itambaracá,PR,Sul,80.56,10.37,13.0,79.37,67.3886,0.3306,-11.9814,True,4.2981
2511707,Pilõezinhos,PB,Nordeste,56.08,15.82,22.0,80.0,53.4914,0.1948,-26.5086,True,4.2857
4111407,Ivaí,PR,Sul,82.65,5.65,32.0,80.0,77.3375,0.1337,-2.6625,False,4.2772
1703842,Campos Lindos,TO,Norte,38.51,7.86,103.0,31.43,47.4682,0.0415,16.0382,False,4.2734
3539202,Pirapozinho,SP,Sudeste,69.44,6.01,81.0,76.56,74.1867,0.0526,-2.3733,False,4.2636
1711951,Lagoa do Tocantins,TO,Norte,15.1,9.66,45.0,36.33,31.8852,0.0947,-4.4448,False,4.261
2801504,Carmópolis,SE,Nordeste,16.16,5.94,139.0,40.27,38.3514,0.0306,-1.9186,False,4.2542
4309506,Guarani das Missões,RS,Sul,67.47,13.55,17.0,73.38,63.9655,0.2492,-9.4145,False,4.2365
4303202,Cacique Doble,RS,Sul,58.19,22.22,10.0,80.0,38.591,0.4232,-41.409,True,4.2323
4108957,Guamiranga,PR,Sul,71.55,9.46,28.0,79.67,74.61,0.1511,-5.06,False,4.232
4118105,Paranacity,PR,Sul,80.05,6.89,28.0,80.0,76.32,0.1509,-3.68,False,4.2258
5107065,Querência,MT,Centro-Oeste,74.18,4.34,108.0,65.07,81.9463,0.0389,16.8763,False,4.2007
3502507,Aparecida,SP,Sudeste,53.75,5.48,160.0,55.2,69.2359,0.0262,14.0359,False,4.193
1101203,Ministro Andreazza,RO,Norte,69.18,10.04,27.0,74.81,71.0015,0.155,-3.8085,False,4.1838
1715754,Palmeirópolis,TO,Norte,77.43,9.18,19.0,58.23,78.0034,0.2198,19.7734,False,4.1759
3157104,Salto da Divisa,MG,Sudeste,59.14,11.26,33.0,55.39,70.6875,0.1264,15.2975,False,4.1703
3556354,Vargem,SP,Sudeste,65.34,10.16,35.0,76.13,75.1844,0.119,-0.9456,False,4.1662
2703502,Jacuípe,AL,Nordeste,77.03,9.06,20.0,62.69,70.4412,0.2073,7.7512,False,4.1452
4210704,Matos Costa,SC,Sul,37.26,15.12,34.0,45.04,52.6842,0.1218,7.6442,False,4.1409
3127057,Fronteira dos Vales,MG,Sudeste,58.65,18.31,14.0,50.6,61.0151,0.2951,10.4151,False,4.1315
4125001,São João do Ivaí,PR,Sul,73.17,8.66,31.0,67.47,69.012,0.1329,1.542,False,4.1211
2311306,Quixadá,CE,Nordeste,92.49,1.81,63.0,80.0,87.3948,0.0654,7.3948,False,4.1194
1501576,Bom Jesus do Tocantins,PA,Norte,51.85,7.37,99.0,65.25,59.1409,0.0415,-6.1091,False,4.1075
4304952,Caseiros,RS,Sul,40.0,21.49,15.0,80.0,39.2573,0.2732,-40.7427,True,4.0973
5107792,Santo Antônio do Leste,MT,Centro-Oeste,75.83,10.73,16.0,67.14,67.5107,0.2556,0.3707,False,4.0896
2408805,Parazinho,RN,Nordeste,28.26,11.14,54.0,57.7,50.1079,0.0756,-7.5921,False,4.0848
2803401,Japoatã,SE,Nordeste,39.28,8.17,84.0,41.37,43.6932,0.0485,2.3232,False,4.0752
2107258,Nova Colinas,MA,Nordeste,77.14,9.84,16.0,80.0,73.4495,0.2546,-6.5505,False,4.0734
3119302,Coromandel,MG,Sudeste,63.21,9.82,37.0,54.04,70.9252,0.1099,16.8852,False,4.0654
1303007,Nhamundá,AM,Norte,57.09,10.59,37.0,69.59,53.9841,0.1099,-15.6059,True,4.0647
2105989,Lajeado Novo,MA,Nordeste,65.91,10.59,28.0,66.92,60.4225,0.1451,-6.4975,False,4.062
2105922,Lagoa do Mato,MA,Nordeste,78.44,9.08,17.0,80.0,79.8949,0.2389,-0.1051,False,4.0611
2800209,Aquidabã,SE,Nordeste,20.52,8.5,78.0,37.01,34.0301,0.052,-2.9799,False,4.0582
1505494,Palestina do Pará,PA,Norte,44.72,12.95,34.0,47.9,52.7278,0.1192,4.8278,False,4.0524
2922201,Muniz Ferreira,BA,Nordeste,41.27,12.16,37.0,56.93,39.3398,0.1094,-17.5902,True,4.0489
3124203,Espera Feliz,MG,Sudeste,61.52,8.94,48.0,74.22,70.4179,0.0843,-3.8021,False,4.0474
5213806,Morrinhos,GO,Centro-Oeste,65.87,4.35,177.0,68.01,77.9131,0.0229,9.9031,False,4.0455
5102686,Campos de Júlio,MT,Centro-Oeste,65.76,7.37,65.0,58.51,77.5712,0.0621,19.0612,False,4.0397
5201702,Aragarças,GO,Centro-Oeste,72.16,5.9,67.0,68.86,75.2581,0.0603,6.3981,False,4.0389
4128609,Verê,PR,Sul,67.28,9.42,35.0,80.0,69.169,0.1152,-10.831,True,4.0326
3504305,Avaí,SP,Sudeste,65.24,14.02,20.0,63.38,62.7918,0.2015,-0.5882,False,4.0294
5104542,Itanhangá,MT,Centro-Oeste,77.97,7.65,28.0,80.0,80.6176,0.1437,0.6176,False,4.0234
1718758,Rio Sono,TO,Norte,26.8,10.35,64.0,42.93,38.0556,0.0627,-4.8744,False,4.0096
4315313,Quatro Irmãos,RS,Sul,40.0,24.79,11.0,61.78,47.2065,0.3642,-14.5735,False,4.0067
3144607,Nepomuceno,MG,Sudeste,77.97,5.97,44.0,62.27,77.8082,0.091,15.5382,False,4.006
4210506,Maravilha,SC,Sul,76.0,5.98,58.0,80.0,76.7201,0.0689,-3.2799,False,3.994
3526100,Juquiá,SP,Sudeste,55.18,7.01,92.0,63.08,65.6622,0.0434,2.5822,False,3.9914
3529401,Mauá,SP,Sudeste,46.04,11.14,52.0,56.81,57.2584,0.0767,0.4484,False,3.9867
2800407,Arauá,SE,Nordeste,28.6,8.52,80.0,45.65,36.9586,0.0498,-8.6914,True,3.9848
2503902,Camalaú,PB,Nordeste,68.66,11.42,20.0,49.89,68.3542,0.1991,18.4642,False,3.9818
4308052,Faxinalzinho,RS,Sul,51.88,27.03,9.0,78.71,42.6567,0.4423,-36.0533,True,3.9805
4321626,Travesseiro,RS,Sul,67.78,21.15,8.0,80.0,55.1482,0.4971,-24.8518,True,3.977
4307401,Esmeralda,RS,Sul,48.35,16.14,23.0,80.0,51.0853,0.1729,-28.9147,True,3.9761
2509008,Manaíra,PB,Nordeste,50.69,13.37,29.0,80.0,56.3407,0.1367,-23.6593,True,3.9653
4316733,Santa Cecília do Sul,RS,Sul,40.91,20.55,14.0,76.51,54.6413,0.2831,-21.8687,True,3.9633
3150703,Pirajuba,MG,Sudeste,76.8,8.34,26.0,68.75,71.3911,0.1523,2.6411,False,3.9609
3135704,Jequitibá,MG,Sudeste,65.99,12.7,22.0,61.44,73.6966,0.18,12.2566,False,3.9606
2203800,Flores do Piauí,PI,Nordeste,43.26,13.19,32.0,57.58,54.6267,0.1233,-2.9533,False,3.9464
3134707,Jacinto,MG,Sudeste,55.43,9.38,58.0,56.55,57.1229,0.068,0.5729,False,3.9461
3500105,Adamantina,SP,Sudeste,66.06,6.57,73.0,71.41,75.8988,0.054,4.4888,False,3.9428
2705606,Novo Lino,AL,Nordeste,39.85,8.17,84.0,42.53,49.7345,0.0469,7.2045,False,3.9369
1702703,Aurora do Tocantins,TO,Norte,41.93,18.14,22.0,61.77,46.8804,0.1789,-14.8896,False,3.9348
1712009,Lajeado,TO,Norte,38.15,12.84,35.0,52.99,53.7391,0.1123,0.7491,False,3.9316
2406155,Jundiá,RN,Nordeste,33.33,23.86,13.0,41.43,29.5739,0.3019,-11.8561,False,3.9246
2933257,Vereda,BA,Nordeste,35.85,12.91,34.0,71.69,34.1821,0.1151,-37.5079,True,3.9149
2110807,São Félix de Balsas,MA,Nordeste,44.67,17.89,22.0,55.41,43.7954,0.1779,-11.6146,False,3.9138
3531308,Monte Alto,SP,Sudeste,59.0,5.53,135.0,71.18,75.7813,0.029,4.6013,False,3.9113
5103452,Denise,MT,Centro-Oeste,83.6,7.9,14.0,65.29,77.5209,0.2781,12.2309,False,3.8932
3132305,Itaipé,MG,Sudeste,55.19,11.04,40.0,64.83,68.2706,0.0971,3.4406,False,3.8835
3302056,Italva,RJ,Sudeste,61.76,9.39,45.0,62.82,59.4552,0.0862,-3.3648,False,3.8796
1101450,Parecis,RO,Norte,70.6,11.54,19.0,67.19,70.0024,0.204,2.8124,False,3.8758
1720655,Silvanópolis,TO,Norte,37.36,11.06,55.0,48.64,54.9303,0.0704,6.2903,False,3.8733
2105203,Igarapé Grande,MA,Nordeste,89.12,6.36,11.0,80.0,69.6009,0.3516,-10.3991,True,3.8677
2403400,Equador,RN,Nordeste,59.17,14.11,24.0,36.1,52.7559,0.1606,16.6559,False,3.8545
3104908,Baependi,MG,Sudeste,77.43,7.62,29.0,73.33,81.2245,0.1328,7.8945,False,3.8519
1101484,São Felipe D'Oeste,RO,Norte,78.37,11.06,14.0,62.05,73.8467,0.2747,11.7967,False,3.8455
2405009,Jaçanã,RN,Nordeste,39.11,12.54,40.0,57.7,45.3064,0.0961,-12.3936,False,3.8435
3532405,Nazaré Paulista,SP,Sudeste,62.5,8.14,58.0,57.58,74.8657,0.0662,17.2857,False,3.8407
3123205,Dores do Indaiá,MG,Sudeste,85.44,6.4,18.0,70.33,82.0247,0.2133,11.6947,False,3.8401
4309555,Harmonia,RS,Sul,71.43,12.65,14.0,80.0,62.6841,0.274,-17.3159,True,3.8365
5005152,Juti,MS,Centro-Oeste,47.67,7.76,95.0,38.18,62.1139,0.0403,23.9339,False,3.8293
4119103,Piên,PR,Sul,83.34,5.36,34.0,80.0,78.4454,0.1125,-1.5546,False,3.8247
4208005,Itá,SC,Sul,77.63,8.94,24.0,72.5,77.9172,0.1592,5.4172,False,3.8205
5007802,Selvíria,MS,Centro-Oeste,59.83,9.76,39.0,41.91,65.5884,0.0978,23.6784,False,3.8123
2201408,Barro Duro,PI,Nordeste,40.17,13.61,32.0,51.39,51.9842,0.1191,0.5942,False,3.8099
4319125,São Martinho da Serra,RS,Sul,46.15,27.1,8.0,77.52,48.344,0.4758,-29.176,True,3.8063
2413706,Sítio Novo,RN,Nordeste,48.75,15.69,21.0,43.71,49.6493,0.1812,5.9393,False,3.8044
1302108,Japurá,AM,Norte,91.93,6.24,8.0,78.1,74.9353,0.4731,-3.1647,False,3.7844
5200308,Alexânia,GO,Centro-Oeste,75.79,4.22,106.0,77.39,85.14,0.0357,7.75,False,3.7834
4206702,Herval d'Oeste,SC,Sul,59.82,6.77,103.0,61.96,71.5638,0.0367,9.6038,False,3.783
5006275,Paraíso das Águas,MS,Centro-Oeste,78.5,6.93,29.0,77.46,78.5533,0.1303,1.0933,False,3.7783
4122701,Sabáudia,PR,Sul,78.98,6.78,33.0,80.0,79.0209,0.1144,-0.9791,False,3.7756
2511004,Pedra Branca,PB,Nordeste,69.89,14.27,14.0,80.0,66.2872,0.2696,-13.7128,False,3.7739
3111200,Campo Belo,MG,Sudeste,85.58,3.5,59.0,72.79,84.1852,0.0639,11.3952,False,3.7725
5108907,Nova Maringá,MT,Centro-Oeste,62.39,9.41,46.0,67.66,70.5128,0.0819,2.8528,False,3.7686
3149705,Perdigão,MG,Sudeste,80.72,6.43,32.0,80.0,80.5198,0.1177,0.5198,False,3.7663
3131000,Inhaúma,MG,Sudeste,77.61,10.0,17.0,57.68,76.1173,0.221,18.4373,False,3.7569
2201150,Baixa Grande do Ribeiro,PI,Nordeste,81.04,5.49,39.0,58.82,80.6025,0.0963,21.7825,False,3.7555
1711506,Jaú do Tocantins,TO,Norte,62.31,16.92,14.0,67.22,59.1328,0.2679,-8.0872,False,3.7511
4101705,Araruna,PR,Sul,77.55,6.23,42.0,77.23,74.8568,0.0891,-2.3732,False,3.744
4302238,Boa Vista do Incra,RS,Sul,26.6,18.18,18.0,74.0,44.931,0.208,-29.069,True,3.7438
2512762,Riachão do Poço,PB,Nordeste,75.03,15.53,8.0,71.96,63.5317,0.4678,-8.4283,False,3.7422
4314753,Poço das Antas,RS,Sul,66.33,18.97,8.0,80.0,55.4475,0.4678,-24.5525,True,3.7421
2209302,Santa Luz,PI,Nordeste,55.68,16.72,16.0,80.0,58.4211,0.2336,-21.5789,True,3.7379
3155603,Rio Pardo de Minas,MG,Sudeste,85.31,4.71,33.0,75.39,82.2015,0.1129,6.8115,False,3.7261
3525201,Jarinu,SP,Sudeste,44.07,4.33,296.0,58.93,60.912,0.0126,1.982,False,3.7197
3529203,Martinópolis,SP,Sudeste,63.56,6.78,74.0,61.84,77.4532,0.0502,15.6132,False,3.7173
4300851,Arambaré,RS,Sul,55.0,21.8,12.0,64.87,41.6685,0.3097,-23.2015,True,3.7159
3156502,Rubelita,MG,Sudeste,76.84,13.41,10.0,80.0,72.4466,0.3713,-7.5534,False,3.7131
3551900,Severínia,SP,Sudeste,61.65,7.51,69.0,54.23,75.5224,0.0538,21.2924,False,3.7092
4110003,Iguaraçu,PR,Sul,58.93,11.8,33.0,60.4,64.7678,0.1123,4.3678,False,3.7068
3168101,Tapira,MG,Sudeste,79.68,9.95,15.0,63.9,72.3772,0.2471,8.4772,False,3.7066
3530201,Mirante do Paranapanema,SP,Sudeste,87.52,6.62,14.0,80.0,77.7069,0.2642,-2.2931,False,3.6993
3304110,Porto Real,RJ,Sudeste,63.3,6.32,96.0,67.03,71.5661,0.0385,4.5361,False,3.6969
2201960,Brasileira,PI,Nordeste,42.58,10.0,56.0,47.4,58.6895,0.0658,11.2895,False,3.6863
3164209,São Romão,MG,Sudeste,77.76,8.84,21.0,60.42,76.8689,0.1755,16.4489,False,3.6847
5200134,Acreúna,GO,Centro-Oeste,81.48,4.73,52.0,65.5,82.4211,0.0708,16.9211,False,3.682
2205102,Itaueira,PI,Nordeste,85.89,8.54,9.0,40.54,69.4415,0.4087,28.9015,False,3.6783
3112901,Caputira,MG,Sudeste,83.31,8.28,14.0,66.1,69.8538,0.2626,3.7538,False,3.6763
3140159,Mário Campos,MG,Sudeste,74.08,7.06,44.0,73.37,79.0835,0.0835,5.7135,False,3.6724
2926103,Retirolândia,BA,Nordeste,23.58,7.5,94.0,33.98,33.2982,0.039,-0.6818,False,3.6646
2806602,Santo Amaro das Brotas,SE,Nordeste,26.79,11.6,41.0,48.51,38.4451,0.0893,-10.0649,False,3.6604
4102604,Barracão,PR,Sul,74.0,7.74,37.0,74.86,77.8974,0.0989,3.0374,False,3.6586
3137809,Lambari,MG,Sudeste,74.76,7.47,39.0,70.29,80.2555,0.0937,9.9655,False,3.6538
3102704,Cachoeira de Pajeú,MG,Sudeste,77.97,10.58,14.0,66.71,72.2711,0.2606,5.5611,False,3.6483
2102200,Buriti,MA,Nordeste,28.93,5.62,198.0,56.26,37.4377,0.0184,-18.8223,True,3.6477
4212304,Paulo Lopes,SC,Sul,40.02,8.86,82.0,68.53,57.7055,0.0444,-10.8245,True,3.6432
4117057,Nova Laranjeiras,PR,Sul,68.32,10.31,26.0,78.22,68.5609,0.1399,-9.6591,False,3.6365
2209401,Santo Antônio de Lisboa,PI,Nordeste,55.69,17.25,15.0,67.3,59.0561,0.2423,-8.2439,False,3.6347
4107900,Floresta,PR,Sul,74.0,6.68,46.0,77.47,77.3996,0.0788,-0.0704,False,3.6263
3556305,Valparaíso,SP,Sudeste,70.44,5.47,84.0,69.43,81.1856,0.0429,11.7556,False,3.6013
2615102,Terezinha,PE,Nordeste,76.08,11.81,12.0,71.97,71.2281,0.2999,-0.7419,False,3.5989
1716505,Pedro Afonso,TO,Norte,56.7,6.4,106.0,61.86,58.8134,0.0339,-3.0466,False,3.5977
3202553,Ibitirama,ES,Sudeste,79.54,6.52,31.0,75.77,78.3448,0.116,2.5748,False,3.5959
2206001,Marcos Parente,PI,Nordeste,80.95,9.7,12.0,37.75,73.2809,0.299,35.5309,False,3.5882
2705002,Mata Grande,AL,Nordeste,42.44,8.85,72.0,52.74,45.7181,0.0498,-7.0219,False,3.588
4204178,Cerro Negro,SC,Sul,49.87,19.22,15.0,43.88,59.3095,0.2391,15.4295,False,3.5868
4115309,Mariópolis,PR,Sul,66.97,10.36,29.0,77.47,67.2825,0.1236,-10.1875,False,3.5855
4128633,Doutor Ulysses,PR,Sul,69.44,11.4,21.0,77.42,67.8012,0.1707,-9.6188,False,3.5838
1718709,Rio dos Bois,TO,Norte,46.61,15.67,22.0,32.95,47.388,0.1627,14.438,False,3.5794
3128402,Guarani,MG,Sudeste,77.88,9.58,17.0,80.0,66.4191,0.2097,-13.5809,True,3.5651
4211108,Monte Castelo,SC,Sul,43.21,12.84,48.0,50.04,50.64,0.0741,0.6,False,3.5589
2106359,Marajá do Sena,MA,Nordeste,39.77,15.08,28.0,80.0,44.0111,0.127,-35.9889,True,3.5555
4108700,Grandes Rios,PR,Sul,61.62,10.27,40.0,69.82,65.8672,0.0888,-3.9528,False,3.5525
3124401,Espírito Santo do Dourado,MG,Sudeste,66.53,9.45,35.0,70.8,69.4298,0.1015,-1.3702,False,3.5514
4311759,Manoel Viana,RS,Sul,50.0,28.29,8.0,43.57,46.2816,0.4437,2.7116,False,3.55
4320859,Tabaí,RS,Sul,24.73,13.31,37.0,66.3,36.9687,0.0959,-29.3313,True,3.5479
3119203,Coroaci,MG,Sudeste,73.4,10.84,18.0,63.99,71.6517,0.1968,7.6617,False,3.5422
4216701,São José do Cedro,SC,Sul,82.25,5.97,32.0,77.46,80.7505,0.1104,3.2905,False,3.5319
1700350,Aliança do Tocantins,TO,Norte,76.07,10.3,19.0,80.0,74.9994,0.1857,-5.0006,False,3.5283
4306700,Dona Francisca,RS,Sul,26.67,22.38,12.0,80.0,56.3493,0.2937,-23.6507,True,3.5244
2614600,Tabira,PE,Nordeste,69.1,5.25,93.0,75.1,68.7165,0.0379,-6.3835,True,3.524
2202729,Cocal dos Alves,PI,Nordeste,87.68,7.15,10.0,80.0,78.3069,0.3522,-1.6931,False,3.5218
4307203,Erval Grande,RS,Sul,38.83,15.33,26.0,80.0,55.0126,0.1353,-24.9874,True,3.517
2933059,Várzea da Roça,BA,Nordeste,20.73,8.77,65.0,46.92,35.3993,0.0541,-11.5207,True,3.5163
3537404,Pereira Barreto,SP,Sudeste,83.47,5.17,37.0,70.56,81.5664,0.0947,11.0064,False,3.5044
4212700,Petrolândia,SC,Sul,66.85,10.64,29.0,69.32,68.098,0.1205,-1.222,False,3.4936
2605152,Dormentes,PE,Nordeste,83.37,5.63,29.0,69.76,81.0857,0.1204,11.3257,False,3.4923
1100601,Cacaulândia,RO,Norte,78.87,9.85,16.0,62.92,65.6785,0.2182,2.7585,False,3.4911
5008404,Vicentina,MS,Centro-Oeste,53.78,11.07,37.0,70.06,63.5369,0.0943,-6.5231,False,3.4898
5210208,Iporá,GO,Centro-Oeste,83.02,3.88,66.0,78.84,84.9659,0.0529,6.1259,False,3.4891
2922052,Mulungu do Morro,BA,Nordeste,28.83,8.43,79.0,38.02,30.3045,0.0441,-7.7155,False,3.4846
5211503,Itumbiara,GO,Centro-Oeste,74.44,2.57,311.0,72.98,85.4452,0.0112,12.4652,False,3.4804
2608404,Jurema,PE,Nordeste,60.64,7.7,62.0,62.13,55.5463,0.0561,-6.5837,False,3.4797
3205036,Vargem Alta,ES,Sudeste,72.04,5.88,67.0,73.75,83.1406,0.0519,9.3906,False,3.4791
2503803,Caldas Brandão,PB,Nordeste,32.41,13.64,36.0,63.11,42.1046,0.0966,-21.0054,True,3.4782
3126901,Frei Inocêncio,MG,Sudeste,64.71,9.8,38.0,61.89,64.687,0.0914,2.797,False,3.475
3161304,São Francisco de Sales,MG,Sudeste,73.55,11.02,20.0,77.58,69.8448,0.1736,-7.7352,False,3.4712
4307302,Erval Seco,RS,Sul,50.38,17.33,16.0,71.41,57.0481,0.2169,-14.3619,False,3.4703
5106232,Nova Olímpia,MT,Centro-Oeste,57.28,6.28,108.0,60.28,70.2994,0.0321,10.0194,False,3.4701
2112001,Tasso Fragoso,MA,Nordeste,54.9,8.68,63.0,56.36,65.8942,0.0551,9.5342,False,3.4699
3139003,Machado,MG,Sudeste,87.03,4.2,33.0,66.46,81.2138,0.1049,14.7538,False,3.4626
4312153,Mato Leitão,RS,Sul,58.39,15.1,17.0,80.0,61.1677,0.2034,-18.8323,True,3.458
3152131,Ponto Chique,MG,Sudeste,76.36,11.68,13.0,67.38,73.0317,0.2659,5.6517,False,3.4561
2914208,Irajuba,BA,Nordeste,65.38,18.29,9.0,52.91,55.204,0.3839,2.294,False,3.4548
3553807,Taquarituba,SP,Sudeste,56.67,6.45,111.0,61.5,65.6729,0.0311,4.1729,False,3.4492
5107776,Santa Terezinha,MT,Centro-Oeste,40.74,10.83,53.0,52.52,47.1379,0.0651,-5.3821,False,3.4489
3535606,Paraibuna,SP,Sudeste,58.56,7.15,83.0,68.82,77.2232,0.0415,8.4032,False,3.4476
2507606,Juarez Távora,PB,Nordeste,35.81,13.47,34.0,43.82,56.8062,0.1013,12.9862,False,3.4457
4217253,São Pedro de Alcântara,SC,Sul,59.93,15.23,21.0,75.81,69.1929,0.1635,-6.6171,False,3.4329
4202131,Bela Vista do Toldo,SC,Sul,81.94,9.29,13.0,80.0,70.7578,0.2639,-9.2422,False,3.4305
4108205,Formosa do Oeste,PR,Sul,85.18,8.5,11.0,80.0,74.7484,0.3115,-5.2516,False,3.4262
1100502,Novo Horizonte do Oeste,RO,Norte,70.67,8.84,32.0,74.83,73.2941,0.1069,-1.5359,False,3.4203
2804706,Nossa Senhora de Lourdes,SE,Nordeste,58.77,12.44,25.0,34.69,68.0821,0.1368,33.3921,False,3.4201
3535002,Palestina,SP,Sudeste,72.03,7.75,37.0,65.16,77.4839,0.0924,12.3239,False,3.4194
5000807,Anaurilândia,MS,Centro-Oeste,80.11,7.62,21.0,69.94,78.4808,0.1627,8.5408,False,3.4165
3515350,Euclides da Cunha Paulista,SP,Sudeste,69.86,11.33,22.0,77.18,77.309,0.1553,0.129,False,3.4163
2202752,Colônia do Gurguéia,PI,Nordeste,89.3,7.5,7.0,62.78,70.8024,0.488,8.0224,False,3.4157
2204204,Francisco Santos,PI,Nordeste,48.78,15.22,25.0,55.53,52.7815,0.1364,-2.7485,False,3.4094
2104701,Graça Aranha,MA,Nordeste,75.66,9.83,18.0,75.0,72.9152,0.1892,-2.0848,False,3.4059
2701506,Campo Grande,AL,Nordeste,37.39,14.02,30.0,60.81,34.9315,0.1135,-25.8785,True,3.4044
3545605,Santa Adélia,SP,Sudeste,64.33,8.6,50.0,66.96,72.9295,0.0681,5.9695,False,3.4033
3517208,Guaiçara,SP,Sudeste,60.0,8.58,55.0,60.21,75.2817,0.0619,15.0717,False,3.4018
1713601,Monte do Carmo,TO,Norte,19.73,9.65,64.0,73.1,26.5567,0.053,-46.5433,True,3.3941
2202653,Caxingó,PI,Nordeste,46.24,14.9,24.0,35.94,54.5449,0.1414,18.6049,False,3.3929
4300455,Alegria,RS,Sul,58.82,23.4,8.0,80.0,57.4782,0.4229,-22.5218,False,3.383
2801603,Cedro de São João,SE,Nordeste,45.39,17.24,20.0,37.78,54.2903,0.1691,16.5103,False,3.3823
3551405,Serra Azul,SP,Sudeste,44.65,10.26,62.0,39.42,59.3134,0.0545,19.8934,False,3.3798
1700301,Aguiarnópolis,TO,Norte,40.92,11.02,52.0,40.59,58.6769,0.065,18.0869,False,3.3789
3524105,Ituverava,SP,Sudeste,49.94,5.83,156.0,58.66,59.8427,0.0216,1.1827,False,3.376
3108008,Bom Sucesso,MG,Sudeste,83.72,6.56,22.0,71.32,81.3366,0.1534,10.0166,False,3.3746
3545209,Salto,SP,Sudeste,60.52,3.51,326.0,63.99,72.3183,0.0103,8.3283,False,3.3725
2407252,Major Sales,RN,Nordeste,60.04,14.31,20.0,45.97,61.4816,0.1685,15.5116,False,3.3701
3200409,Anchieta,ES,Sudeste,88.41,3.19,48.0,80.0,86.8048,0.07,6.8048,False,3.3618
2207306,Paes Landim,PI,Nordeste,45.31,12.2,35.0,60.98,56.0719,0.0958,-4.9081,False,3.3543
2102754,Capinzal do Norte,MA,Nordeste,91.14,5.53,9.0,49.37,64.6237,0.3726,15.2537,False,3.3531
3130903,Inhapim,MG,Sudeste,84.81,5.72,24.0,72.17,83.2268,0.1395,11.0568,False,3.3485
2509339,Matinhas,PB,Nordeste,72.66,14.5,10.0,79.49,66.3534,0.3346,-13.1366,False,3.3462
4320263,Segredo,RS,Sul,84.91,12.15,6.0,76.51,62.0706,0.5569,-14.4394,True,3.3413
4203501,Campo Erê,SC,Sul,48.29,8.9,75.0,67.09,56.2869,0.0445,-10.8031,True,3.3389
5108956,Nova Monte Verde,MT,Centro-Oeste,92.37,4.8,12.0,78.0,81.3486,0.2775,3.3486,False,3.33
4323770,Westfalia,RS,Sul,61.54,18.71,10.0,80.0,56.46,0.3318,-23.54,True,3.3176
3170503,Urucânia,MG,Sudeste,81.15,9.26,15.0,63.54,64.4535,0.221,0.9135,False,3.315
2311801,Russas,CE,Nordeste,94.6,1.59,45.0,80.0,90.3136,0.0736,10.3136,False,3.3137
4218103,Timbé do Sul,SC,Sul,80.2,9.74,18.0,74.0,71.3763,0.184,-2.6237,False,3.3128
1101559,Teixeirópolis,RO,Norte,65.29,12.91,20.0,74.44,70.6649,0.1656,-3.7751,False,3.3126
2313104,Tabuleiro do Norte,CE,Nordeste,84.32,4.47,41.0,80.0,82.4358,0.0807,2.4358,False,3.3102
4127858,Três Barras do Paraná,PR,Sul,75.42,7.45,36.0,79.55,77.7903,0.0919,-1.7597,False,3.3076
3528601,Manduri,SP,Sudeste,65.64,8.78,41.0,67.96,76.7592,0.0806,8.7992,False,3.3038
1706506,Darcinópolis,TO,Norte,45.61,10.84,51.0,45.8,52.1458,0.0647,6.3458,False,3.302
3504800,Bálsamo,SP,Sudeste,83.51,8.55,14.0,80.0,73.1007,0.2355,-6.8993,False,3.2965
4218608,Trombudo Central,SC,Sul,63.31,10.12,36.0,71.89,74.7968,0.0916,2.9068,False,3.2959
3144706,Nova Era,MG,Sudeste,72.22,6.61,55.0,66.71,78.6659,0.0598,11.9559,False,3.2912
4310306,Ilópolis,RS,Sul,48.31,18.19,16.0,80.0,57.1278,0.2057,-22.8722,True,3.291
4306551,Dom Pedro de Alcântara,RS,Sul,57.14,25.92,8.0,80.0,48.9661,0.4108,-31.0339,True,3.2861
4106704,Cruzeiro do Sul,PR,Sul,71.43,12.65,15.0,74.09,77.7483,0.219,3.6583,False,3.2857
3541703,Quatá,SP,Sudeste,68.43,8.69,38.0,70.64,79.1633,0.0864,8.5233,False,3.2847
2202554,Caridade do Piauí,PI,Nordeste,58.18,12.97,25.0,67.44,74.0087,0.1311,6.5687,False,3.2763
5103700,Feliz Natal,MT,Centro-Oeste,51.13,7.95,83.0,69.93,60.2343,0.0395,-9.6957,True,3.2762
5106281,Novo São Joaquim,MT,Centro-Oeste,94.16,4.55,6.0,65.72,64.5138,0.5459,-1.2062,False,3.2751
4320651,Silveira Martins,RS,Sul,35.71,25.1,13.0,70.92,52.2101,0.2517,-18.7099,False,3.2725
2510402,Olho d'Água,PB,Nordeste,89.37,8.83,5.0,69.26,70.8857,0.6544,1.6257,False,3.2721
1702307,Arapoema,TO,Norte,68.29,11.27,23.0,50.64,63.7956,0.1418,13.1556,False,3.2622
4304309,Cândido Godói,RS,Sul,48.44,16.6,19.0,76.87,63.7129,0.1715,-13.1571,False,3.2587
4106803,Cruz Machado,PR,Sul,84.49,5.3,31.0,80.0,79.2886,0.1051,-0.7114,False,3.2586
3134103,Itueta,MG,Sudeste,79.91,12.03,11.0,63.53,74.0317,0.2961,10.5017,False,3.2576
4216354,São João do Itaperiú,SC,Sul,64.0,11.78,24.0,63.23,69.4999,0.1357,6.2699,False,3.2572
1717008,Pindorama do Tocantins,TO,Norte,33.85,12.45,40.0,57.98,44.5322,0.0814,-13.4478,True,3.2553
4301503,Augusto Pestana,RS,Sul,63.16,21.69,8.0,80.0,55.195,0.4061,-24.805,True,3.2488
3530300,Mirassol,SP,Sudeste,61.57,4.31,200.0,71.53,75.2311,0.0162,3.7011,False,3.2455
2924702,Piripá,BA,Nordeste,56.47,10.54,37.0,69.32,46.3596,0.0877,-22.9604,True,3.2432
3202504,Ibiraçu,ES,Sudeste,81.17,7.1,24.0,71.61,80.0305,0.135,8.4205,False,3.2399
2508802,Malta,PB,Nordeste,48.75,12.77,33.0,72.08,59.1556,0.0981,-12.9244,True,3.2368
1720309,São Sebastião do Tocantins,TO,Norte,58.96,13.79,21.0,41.81,52.6255,0.154,10.8155,False,3.2338
3526209,Juquitiba,SP,Sudeste,55.99,7.32,82.0,66.59,65.2274,0.0394,-1.3626,False,3.2329
2210391,São Miguel do Fidalgo,PI,Nordeste,64.41,18.73,9.0,63.7,64.8232,0.3592,1.1232,False,3.2329
3152204,Porteirinha,MG,Sudeste,70.07,9.81,26.0,68.84,74.2537,0.1243,5.4137,False,3.2306
3505302,Barra Bonita,SP,Sudeste,80.01,5.53,46.0,64.91,83.288,0.0702,18.378,False,3.2289
3112307,Capelinha,MG,Sudeste,80.93,5.46,40.0,64.07,80.3242,0.0807,16.2542,False,3.2265
3539509,Pitangueiras,SP,Sudeste,67.24,5.01,117.0,68.42,77.473,0.0276,9.053,False,3.2265
4322533,Vale do Sol,RS,Sul,51.62,19.6,15.0,80.0,53.4265,0.2151,-26.5735,True,3.2265
2202539,Caraúbas do Piauí,PI,Nordeste,68.16,10.22,26.0,51.55,73.471,0.1241,21.921,False,3.2257
3109451,Cabeceira Grande,MG,Sudeste,54.59,9.92,49.0,53.02,65.4046,0.0658,12.3846,False,3.2227
3119500,Coronel Murta,MG,Sudeste,67.6,11.62,21.0,70.29,69.2581,0.1534,-1.0319,False,3.221
4127965,Turvo,PR,Sul,84.81,4.86,37.0,80.0,78.3884,0.087,-1.6116,False,3.2182
4211801,Ouro,SC,Sul,82.19,9.97,14.0,74.86,73.433,0.2298,-1.427,False,3.2174
3511607,Cesário Lange,SP,Sudeste,51.32,6.04,140.0,63.64,66.1958,0.023,2.5558,False,3.2159
1701903,Araguacema,TO,Norte,49.27,10.74,51.0,51.63,45.9405,0.063,-5.6895,False,3.2132
4314076,Passo do Sobrado,RS,Sul,50.18,20.02,12.0,80.0,56.7623,0.2677,-23.2377,True,3.2118
2305357,Icapuí,CE,Nordeste,76.33,4.88,70.0,80.0,78.4694,0.0458,-1.5306,False,3.209
4117800,Palmital,PR,Sul,69.49,7.9,46.0,76.01,70.9487,0.0697,-5.0613,False,3.2051
3538204,Pinhalzinho,SP,Sudeste,78.79,6.86,32.0,78.66,80.9119,0.1001,2.2519,False,3.2021
4116703,Nova Aurora,PR,Sul,74.99,7.5,35.0,80.0,79.2049,0.0915,-0.7951,False,3.201
3502200,Angatuba,SP,Sudeste,59.71,6.46,106.0,58.57,73.2959,0.0301,14.7259,False,3.1916
2603306,Calçado,PE,Nordeste,40.68,12.53,35.0,64.74,48.5089,0.091,-16.2311,True,3.1865
1712504,Marianópolis do Tocantins,TO,Norte,36.71,12.56,45.0,39.62,44.6098,0.0708,4.9898,False,3.1843
3161056,São Félix de Minas,MG,Sudeste,67.09,16.33,13.0,71.86,65.673,0.2449,-6.187,False,3.1836
4117222,Nova Santa Rosa,PR,Sul,72.16,7.52,44.0,78.45,73.656,0.0722,-4.794,False,3.1772
2901601,Antas,BA,Nordeste,23.17,9.13,63.0,55.66,30.3143,0.0504,-25.3457,True,3.175
3534757,Ouroeste,SP,Sudeste,89.94,5.4,13.0,80.0,81.4457,0.2438,1.4457,False,3.1689
2410900,Riachuelo,RN,Nordeste,27.82,10.67,59.0,53.43,45.1802,0.0536,-8.2498,False,3.1617
2206902,Novo Oriente do Piauí,PI,Nordeste,89.55,7.93,6.0,72.46,78.1332,0.5254,5.6732,False,3.1521
4202438,Bocaina do Sul,SC,Sul,28.08,12.91,39.0,52.0,38.601,0.0808,-13.399,True,3.1509
3142007,Mirabela,MG,Sudeste,48.05,10.5,46.0,65.82,67.4593,0.0682,1.6393,False,3.1376
4110805,Iretama,PR,Sul,80.1,6.37,34.0,80.0,79.9145,0.0922,-0.0855,False,3.1363
3201704,Conceição do Castelo,ES,Sudeste,84.19,5.8,24.0,78.21,82.4224,0.1306,4.2124,False,3.1353
4125209,São Jorge d'Oeste,PR,Sul,84.58,7.22,18.0,80.0,73.6423,0.1739,-6.3577,False,3.1295
4114005,Mamborê,PR,Sul,74.68,7.46,37.0,80.0,79.6022,0.0846,-0.3978,False,3.1291
2207603,Parnaguá,PI,Nordeste,47.34,9.06,65.0,71.58,66.0027,0.0481,-5.5773,False,3.1263
3171808,Virginópolis,MG,Sudeste,65.61,8.41,46.0,55.67,73.297,0.0679,17.627,False,3.1249
2314102,Viçosa do Ceará,CE,Nordeste,90.22,2.1,76.0,80.0,91.2963,0.0411,11.2963,False,3.1237
3128105,Guapé,MG,Sudeste,80.4,6.44,30.0,65.54,79.4145,0.1041,13.8745,False,3.1233
4105102,Centenário do Sul,PR,Sul,74.12,8.79,30.0,62.67,69.5953,0.1039,6.9253,False,3.1167
3118809,Coração de Jesus,MG,Sudeste,68.05,18.27,10.0,70.21,67.2413,0.3116,-2.9687,False,3.116
3204252,Ponto Belo,ES,Sudeste,79.99,8.52,20.0,80.0,75.9581,0.1556,-4.0419,False,3.1122
2104628,Governador Luiz Rocha,MA,Nordeste,91.67,5.53,8.0,80.0,71.772,0.3887,-8.228,True,3.1095
1704105,Centenário,TO,Norte,66.67,16.87,11.0,38.85,49.7751,0.2827,10.9251,False,3.1094
2806503,Santa Rosa de Lima,SE,Nordeste,26.71,13.52,32.0,40.4,43.3519,0.097,2.9519,False,3.1044
2202059,Cabeceiras do Piauí,PI,Nordeste,52.32,10.69,42.0,35.42,69.6749,0.0739,34.2549,False,3.1039
3529302,Matão,SP,Sudeste,62.33,6.23,98.0,69.41,75.0908,0.0316,5.6808,False,3.1006
2904209,Botuporã,BA,Nordeste,47.37,12.96,30.0,67.88,48.8609,0.1031,-19.0191,True,3.0933
3129707,Ibiraci,MG,Sudeste,73.89,8.06,33.0,47.1,75.7841,0.0937,28.6841,False,3.093
2405405,Japi,RN,Nordeste,31.34,15.36,26.0,30.47,38.9964,0.1189,8.5264,False,3.092
4304002,Campo Novo,RS,Sul,46.76,16.3,21.0,68.43,66.6471,0.1472,-1.7829,False,3.0906
2910107,Dom Basílio,BA,Nordeste,42.74,8.71,71.0,58.63,43.5241,0.0435,-15.1059,True,3.0886
5106000,Nortelândia,MT,Centro-Oeste,65.49,11.4,25.0,58.03,71.5751,0.1233,13.5451,False,3.0823
2509206,Massaranduba,PB,Nordeste,40.69,9.67,70.0,55.77,53.2348,0.044,-2.5352,False,3.078
2512200,Prata,PB,Nordeste,63.27,14.77,16.0,58.02,71.6114,0.1919,13.5914,False,3.0704
2913002,Ibitiara,BA,Nordeste,37.36,9.94,57.0,67.94,42.2448,0.0539,-25.6952,True,3.0696
2111631,São Raimundo do Doca Bezerra,MA,Nordeste,55.34,14.22,23.0,64.03,58.038,0.1334,-5.992,False,3.0686
5218508,Quirinópolis,GO,Centro-Oeste,80.3,3.34,111.0,71.11,83.0624,0.0276,11.9524,False,3.0663
2615201,Terra Nova,PE,Nordeste,71.08,8.32,34.0,67.85,72.799,0.0901,4.949,False,3.0633
3158201,Santa Maria do Suaçuí,MG,Sudeste,66.7,13.56,18.0,67.55,64.8027,0.1692,-2.7473,False,3.0457
4119202,Pinhalão,PR,Sul,76.9,8.87,23.0,75.8,73.3967,0.1324,-2.4033,False,3.0451
3162948,São José da Barra,MG,Sudeste,75.23,8.69,28.0,80.0,81.5492,0.1087,1.5492,False,3.044
4124806,São João,PR,Sul,87.17,5.7,19.0,80.0,81.0182,0.16,1.0182,False,3.0406
4200200,Agrolândia,SC,Sul,76.03,6.85,42.0,80.0,81.6308,0.0723,1.6308,False,3.0376
2313351,Tejuçuoca,CE,Nordeste,80.16,5.19,45.0,80.0,83.8556,0.0675,3.8556,False,3.0361
2210953,Tamboril do Piauí,PI,Nordeste,65.11,14.26,16.0,72.3,72.0767,0.1895,-0.2233,False,3.0323
2502607,Igaracy,PB,Nordeste,79.05,11.54,12.0,43.91,63.3189,0.2522,19.4089,False,3.0268
4318457,São José das Missões,RS,Sul,60.4,22.72,10.0,78.89,48.0147,0.3023,-30.8753,True,3.0232
3127008,Fronteira,MG,Sudeste,76.14,7.21,34.0,61.73,81.9121,0.0889,20.1821,False,3.0221
2705507,Murici,AL,Nordeste,84.41,4.68,37.0,61.92,78.2224,0.0815,16.3024,False,3.0156
4217303,Saudades,SC,Sul,80.92,7.02,26.0,80.0,81.3872,0.116,1.3872,False,3.0149
4305871,Coronel Barros,RS,Sul,67.79,16.44,11.0,80.0,59.9745,0.2741,-20.0255,True,3.0147
3541307,Presidente Epitácio,SP,Sudeste,69.12,7.13,53.0,58.66,81.2925,0.0569,22.6325,False,3.0143
4320503,Sertão,RS,Sul,47.21,18.52,15.0,66.38,52.4318,0.2008,-13.9482,False,3.0127
2803807,Malhada dos Bois,SE,Nordeste,37.64,11.63,43.0,52.66,49.9155,0.07,-2.7445,False,3.0114
3556800,Viradouro,SP,Sudeste,60.23,7.62,66.0,68.85,72.5183,0.0456,3.6683,False,3.0107
2203453,Dom Inocêncio,PI,Nordeste,87.27,8.81,7.0,80.0,74.2983,0.4301,-5.7017,False,3.0107
2509503,Montadas,PB,Nordeste,82.33,9.06,13.0,70.39,79.7547,0.231,9.3647,False,3.0024
2704609,Maravilha,AL,Nordeste,74.37,8.17,29.0,72.33,73.151,0.1035,0.821,False,3.0024
1722107,Xambioá,TO,Norte,42.82,8.92,77.0,37.57,48.377,0.039,10.807,False,3.0003
4115754,Mauá da Serra,PR,Sul,80.49,6.47,33.0,80.0,80.1906,0.0907,0.1906,False,2.9938
3107901,Bom Repouso,MG,Sudeste,68.28,7.58,50.0,64.21,74.5952,0.0598,10.3852,False,2.9905
3109501,Cabo Verde,MG,Sudeste,86.58,6.86,15.0,74.47,80.2852,0.1992,5.8152,False,2.9875
2920809,Marcionílio Souza,BA,Nordeste,18.57,9.11,57.0,36.73,28.8184,0.0523,-7.9116,False,2.9805
2903607,Biritinga,BA,Nordeste,29.82,11.88,40.0,37.78,32.5749,0.0744,-5.2051,False,2.975
2204907,Isaías Coelho,PI,Nordeste,34.44,9.82,59.0,42.95,48.1439,0.0503,5.1939,False,2.9698
5208905,Goiás,GO,Centro-Oeste,87.51,5.3,21.0,71.44,80.6892,0.1411,9.2492,False,2.9638
1703826,Cachoeirinha,TO,Norte,64.0,18.82,9.0,42.68,61.2596,0.329,18.5796,False,2.9608
2921609,Morpará,BA,Nordeste,28.89,9.36,64.0,46.27,33.2404,0.0463,-13.0296,True,2.9602
3204559,Santa Maria de Jetibá,ES,Sudeste,79.81,5.27,47.0,80.0,84.0856,0.0628,4.0856,False,2.9511
2802304,Frei Paulo,SE,Nordeste,37.21,9.95,63.0,34.77,41.1001,0.0468,6.3301,False,2.95
3542107,Rafard,SP,Sudeste,70.8,8.48,34.0,80.0,75.5052,0.0867,-4.4948,False,2.9493
3111002,Campestre,MG,Sudeste,81.73,5.64,37.0,73.12,81.9537,0.0797,8.8337,False,2.9478
3533403,Nova Odessa,SP,Sudeste,57.96,4.38,222.0,63.12,74.499,0.0133,11.379,False,2.9452
2616209,Vertentes,PE,Nordeste,56.85,7.51,76.0,63.2,61.3977,0.0387,-1.8023,False,2.941
1718550,Riachinho,TO,Norte,54.39,13.69,26.0,36.89,55.8225,0.1131,18.9325,False,2.9402
5210000,Inhumas,GO,Centro-Oeste,87.57,2.9,67.0,80.0,85.4622,0.0438,5.4622,False,2.9375
3521903,Itajobi,SP,Sudeste,82.74,6.15,26.0,80.0,84.1758,0.1128,4.1758,False,2.9327
3519600,Ibitinga,SP,Sudeste,49.2,4.35,290.0,59.58,61.9453,0.0101,2.3653,False,2.9314
3510153,Canitar,SP,Sudeste,79.49,8.47,19.0,79.58,77.0584,0.1543,-2.5216,False,2.9311
4108007,Florestópolis,PR,Sul,63.48,9.69,44.0,69.4,67.2883,0.0666,-2.1117,False,2.9284
3164308,São Roque de Minas,MG,Sudeste,77.03,13.14,12.0,73.91,73.6649,0.2434,-0.2451,False,2.921
2615805,Tupanatinga,PE,Nordeste,68.37,6.57,64.0,72.18,68.1053,0.0456,-4.0747,False,2.9209
1100072,Corumbiara,RO,Norte,72.67,7.65,40.0,65.31,80.4298,0.0729,15.1198,False,2.916
2206720,Nazária,PI,Nordeste,52.12,8.66,63.0,78.34,65.1302,0.0463,-13.2098,True,2.9156
2928505,Santa Teresinha,BA,Nordeste,27.63,10.05,55.0,41.88,30.8175,0.0528,-11.0625,True,2.9043
4110904,Itaguajé,PR,Sul,76.14,11.34,14.0,66.06,72.8861,0.2072,6.8261,False,2.9004
4209508,Laurentino,SC,Sul,60.31,10.53,45.0,69.33,66.8035,0.0644,-2.5265,False,2.898
2206696,Murici dos Portelas,PI,Nordeste,65.17,10.22,30.0,71.09,66.5663,0.0965,-4.5237,False,2.8951
4318499,São José do Inhacorá,RS,Sul,49.67,20.02,13.0,80.0,60.0974,0.2227,-19.9026,False,2.8951
4122651,Rosário do Ivaí,PR,Sul,76.99,9.88,17.0,72.73,77.2882,0.1703,4.5582,False,2.8946
3131158,Ipaba,MG,Sudeste,77.7,6.2,44.0,68.46,83.9318,0.0658,15.4718,False,2.8932
3109709,Cachoeira de Minas,MG,Sudeste,81.1,6.55,29.0,67.62,84.8712,0.0997,17.2512,False,2.8918
3300951,Comendador Levy Gasparian,RJ,Sudeste,66.12,9.37,37.0,60.9,60.0698,0.0782,-0.8302,False,2.8917
2515609,Serra da Raiz,PB,Nordeste,48.94,18.2,16.0,32.81,48.1131,0.1807,15.3031,False,2.8914
2401503,Barcelona,RN,Nordeste,74.34,19.25,7.0,63.35,52.1749,0.4129,-11.1751,False,2.89
4205001,Dionísio Cerqueira,SC,Sul,66.23,8.26,58.0,66.27,70.3735,0.0498,4.1035,False,2.8862
2201919,Bom Princípio do Piauí,PI,Nordeste,75.93,13.73,9.0,80.0,71.7644,0.3205,-8.2356,False,2.8847
5217104,Piracanjuba,GO,Centro-Oeste,71.69,6.17,62.0,71.77,79.546,0.0465,7.776,False,2.8803
4119806,Planalto,PR,Sul,78.92,7.33,29.0,80.0,77.8275,0.0992,-2.1725,False,2.8774
2203271,Curral Novo do Piauí,PI,Nordeste,48.35,11.47,38.0,31.38,51.8029,0.0756,20.4229,False,2.8741
1303957,São Sebastião do Uatumã,AM,Norte,29.45,9.92,62.0,60.98,42.0086,0.0462,-18.9714,True,2.8638
2514453,São José dos Ramos,PB,Nordeste,27.37,11.81,44.0,65.74,36.2657,0.065,-29.4743,True,2.8605
3142106,Miradouro,MG,Sudeste,75.29,10.85,19.0,57.88,75.1822,0.1505,17.3022,False,2.8587
3204203,Piúma,ES,Sudeste,70.89,4.99,99.0,68.14,80.7323,0.0289,12.5923,False,2.8571
2310001,Palhano,CE,Nordeste,74.59,7.73,31.0,73.49,80.4805,0.0921,6.9905,False,2.8542
3515400,Fartura,SP,Sudeste,82.78,5.93,29.0,68.3,78.71,0.0983,10.41,False,2.8507
2606705,Ibirajuba,PE,Nordeste,62.41,12.46,23.0,52.17,57.0728,0.1238,4.9028,False,2.8472
2931103,Tanquinho,BA,Nordeste,30.67,10.44,52.0,34.46,33.7495,0.0546,-0.7105,False,2.8396
3154507,Riacho dos Machados,MG,Sudeste,70.0,9.47,27.0,71.49,69.0739,0.1051,-2.4161,False,2.8389
2516755,Tenório,PB,Nordeste,48.73,16.56,21.0,67.93,48.2914,0.135,-19.6386,True,2.836
3538808,Piraju,SP,Sudeste,71.36,5.31,85.0,69.62,79.3932,0.0333,9.7732,False,2.8275
3503802,Artur Nogueira,SP,Sudeste,54.41,4.35,247.0,59.85,73.4402,0.0114,13.5902,False,2.8256
2505279,Curral de Cima,PB,Nordeste,55.56,18.74,12.0,64.6,52.1258,0.2352,-12.4742,False,2.8229
3531506,Monte Azul Paulista,SP,Sudeste,55.38,8.75,72.0,75.09,72.3772,0.0391,-2.7128,False,2.8155
2403806,Florânia,RN,Nordeste,43.75,17.19,20.0,49.83,42.291,0.1407,-7.539,False,2.8131
3103751,Araporã,MG,Sudeste,73.62,7.98,34.0,68.3,72.4194,0.0827,4.1194,False,2.8102
3151107,Pirapetinga,MG,Sudeste,66.14,9.56,35.0,68.27,68.4303,0.0802,0.1603,False,2.8085
3109907,Caetanópolis,MG,Sudeste,72.48,8.83,29.0,63.24,78.4386,0.0962,15.1986,False,2.7886
3503406,Arealva,SP,Sudeste,79.38,8.51,20.0,74.89,79.9856,0.1393,5.0956,False,2.7864
2200251,Alagoinha do Piauí,PI,Nordeste,74.63,11.1,15.0,55.89,65.5741,0.1855,9.6841,False,2.7826
2704104,Lagoa da Canoa,AL,Nordeste,44.2,8.54,78.0,56.69,46.9508,0.0357,-9.7392,True,2.7824
5106216,Nova Canaã do Norte,MT,Centro-Oeste,68.52,6.95,58.0,64.21,76.4097,0.0479,12.1997,False,2.7775
2502102,Boa Ventura,PB,Nordeste,47.72,13.85,27.0,43.58,47.7668,0.1029,4.1868,False,2.7774
4110409,Indianópolis,PR,Sul,69.81,12.38,17.0,80.0,74.2881,0.1632,-5.7119,False,2.7751
3506706,Boa Esperança do Sul,SP,Sudeste,55.34,8.22,67.0,54.2,72.3807,0.0414,18.1807,False,2.7723
3203403,Mimoso do Sul,ES,Sudeste,65.32,6.69,73.0,71.83,81.1498,0.0379,9.3198,False,2.7676
4303558,Camargo,RS,Sul,55.56,16.23,16.0,80.0,61.5251,0.1726,-18.4749,True,2.7611
3148608,Peçanha,MG,Sudeste,61.5,17.3,15.0,69.58,58.3203,0.184,-11.2597,False,2.7595
3160454,Santo Antônio do Retiro,MG,Sudeste,65.71,12.15,21.0,78.66,67.4755,0.1314,-11.1845,False,2.7588
5006259,Novo Horizonte do Sul,MS,Centro-Oeste,78.42,9.08,18.0,57.95,73.5863,0.1532,15.6363,False,2.7572
4100202,Adrianópolis,PR,Sul,60.96,11.46,29.0,66.55,67.2751,0.095,0.7251,False,2.7546
3537206,Pedro de Toledo,SP,Sudeste,45.97,9.5,64.0,48.94,63.0447,0.043,14.1047,False,2.7531
1718840,Sandolândia,TO,Norte,53.5,14.59,23.0,56.78,57.3644,0.1196,0.5844,False,2.7498
5002803,Caracol,MS,Centro-Oeste,55.65,10.11,42.0,59.4,65.2,0.0654,5.8,False,2.7479
1301159,Careiro da Várzea,AM,Norte,27.36,8.95,80.0,51.19,37.7938,0.0343,-13.3962,True,2.7479
3162955,São José da Lapa,MG,Sudeste,75.09,4.7,86.0,68.1,80.5977,0.0319,12.4977,False,2.7391
2513158,Santa Cecília,PB,Nordeste,48.1,13.33,31.0,28.13,51.0105,0.0883,22.8805,False,2.7384
2911253,Gavião,BA,Nordeste,47.37,15.88,20.0,66.81,48.7122,0.1369,-18.0978,True,2.7383
3540754,Potim,SP,Sudeste,46.58,6.98,125.0,53.29,59.9314,0.0219,6.6414,False,2.7361
2610509,Passira,PE,Nordeste,76.22,5.89,51.0,76.43,78.5132,0.0536,2.0832,False,2.7343
2609709,Orobó,PE,Nordeste,91.54,5.61,8.0,67.32,73.0068,0.3416,5.6868,False,2.733
4207403,Imbuia,SC,Sul,79.53,8.69,19.0,69.66,79.9359,0.1431,10.2759,False,2.7195
5217401,Pires do Rio,GO,Centro-Oeste,80.88,4.91,58.0,71.37,83.4959,0.0469,12.1259,False,2.7189
2920304,Malhada de Pedras,BA,Nordeste,70.27,10.41,22.0,73.37,73.4583,0.1235,0.0883,False,2.7163
5106315,Novo Santo Antônio,MT,Centro-Oeste,58.27,16.11,16.0,73.96,64.356,0.1696,-9.604,False,2.713
4313441,Novo Tiradentes,RS,Sul,47.37,22.45,10.0,74.09,51.1316,0.2709,-22.9584,True,2.7092
3555000,Tupã,SP,Sudeste,51.23,5.39,175.0,59.89,66.9085,0.0154,7.0185,False,2.7035
4115358,Maripá,PR,Sul,76.71,8.01,28.0,80.0,74.4681,0.0966,-5.5319,False,2.7034
4206603,Guarujá do Sul,SC,Sul,59.88,9.98,39.0,80.0,67.3498,0.0693,-12.6502,True,2.7024
1718451,Pugmil,TO,Norte,40.91,20.55,15.0,36.3,47.2662,0.18,10.9662,False,2.6996
3544251,Rosana,SP,Sudeste,78.64,7.28,28.0,66.19,80.2197,0.0963,14.0297,False,2.6954
2930006,Sebastião Laranjeiras,BA,Nordeste,42.37,12.61,34.0,65.86,39.611,0.0792,-26.249,True,2.6918
2411908,São Francisco do Oeste,RN,Nordeste,68.98,12.24,17.0,64.41,67.3353,0.1582,2.9253,False,2.69
3145307,Novo Cruzeiro,MG,Sudeste,81.86,6.89,23.0,76.92,82.2993,0.1168,5.3793,False,2.6854
4205407,Florianópolis,SC,Sul,52.79,2.47,1217.0,,54.0236,0.0022,,False,2.6807
5105309,Luciara,MT,Centro-Oeste,46.43,18.47,16.0,50.89,51.3206,0.1675,0.4306,False,2.6798
2513208,Santa Cruz,PB,Nordeste,86.28,8.81,9.0,61.68,78.4755,0.2977,16.7955,False,2.6792
3120870,Curral de Dentro,MG,Sudeste,80.35,7.72,21.0,79.47,81.9462,0.1275,2.4762,False,2.6768
1713700,Monte Santo do Tocantins,TO,Norte,44.79,19.17,18.0,44.22,52.8756,0.1481,8.6556,False,2.6663
3103405,Araçuaí,MG,Sudeste,50.79,11.81,36.0,55.77,60.9917,0.0741,5.2217,False,2.666
4105300,Céu Azul,PR,Sul,84.56,6.24,22.0,80.0,80.0999,0.1211,0.0999,False,2.6648
2104081,Fernando Falcão,MA,Nordeste,77.75,9.84,18.0,44.7,67.3892,0.1479,22.6892,False,2.6615
2502904,Brejo dos Santos,PB,Nordeste,64.05,16.25,14.0,56.63,65.2558,0.1899,8.6258,False,2.6584
1703206,Bernardo Sayão,TO,Norte,59.28,12.86,24.0,61.68,59.0497,0.1103,-2.6303,False,2.6465
4103354,Braganey,PR,Sul,85.11,10.18,9.0,80.0,73.4413,0.294,-6.5587,False,2.6456
2608701,Lagoa dos Gatos,PE,Nordeste,86.35,6.64,14.0,73.76,73.1285,0.1889,-0.6315,False,2.645
4307054,Ernestina,RS,Sul,64.71,22.72,7.0,67.77,57.7461,0.3778,-10.0239,False,2.6446
3143609,Morro da Garça,MG,Sudeste,67.59,17.39,9.0,80.0,72.3504,0.2937,-7.6496,False,2.6432
3537909,Pilar do Sul,SP,Sudeste,63.33,5.32,123.0,64.29,76.6837,0.0215,12.3937,False,2.6429
4312617,Muitos Capões,RS,Sul,29.41,21.66,13.0,72.3,53.1297,0.2031,-19.1703,False,2.6402
3304607,Santa Maria Madalena,RJ,Sudeste,64.99,11.43,28.0,69.5,60.2129,0.0942,-9.2871,False,2.6387
2206670,Morro do Chapéu do Piauí,PI,Nordeste,40.04,10.94,47.0,43.81,56.072,0.0561,12.262,False,2.6361
3302452,Macuco,RJ,Sudeste,77.99,7.98,25.0,68.9,67.7043,0.1054,-1.1957,False,2.6361
2705309,Minador do Negrão,AL,Nordeste,27.98,10.98,47.0,44.81,36.8563,0.0561,-7.9537,False,2.6359
3106309,Belo Oriente,MG,Sudeste,65.97,5.89,94.0,64.57,74.7683,0.028,10.1983,False,2.6319
2201309,Barreiras do Piauí,PI,Nordeste,50.79,18.87,14.0,51.45,52.8095,0.188,1.3595,False,2.6314
2508505,Livramento,PB,Nordeste,55.32,13.03,28.0,55.44,67.1608,0.0939,11.7208,False,2.6291
3149200,Pedrinópolis,MG,Sudeste,79.95,13.29,8.0,66.3,76.2802,0.3278,9.9802,False,2.6222
4113601,Lobato,PR,Sul,54.91,13.58,27.0,67.74,65.0325,0.097,-2.7075,False,2.6179
2105450,Jatobá,MA,Nordeste,68.32,9.53,31.0,75.02,74.203,0.0842,-0.817,False,2.6102
2806800,São Domingos,SE,Nordeste,29.79,13.07,33.0,44.44,42.8442,0.0791,-1.5958,False,2.6089
3545001,Salesópolis,SP,Sudeste,65.52,6.62,76.0,69.57,77.5239,0.0343,7.9539,False,2.6076
2504504,Condado,PB,Nordeste,46.13,13.55,30.0,64.0,50.5203,0.0868,-13.4797,False,2.6049
4219358,Vitor Meireles,SC,Sul,76.12,11.45,15.0,55.97,68.496,0.1735,12.526,False,2.6024
4126272,Saudade do Iguaçu,PR,Sul,85.49,7.04,16.0,80.0,78.839,0.1626,-1.161,False,2.6008
2505808,Duas Estradas,PB,Nordeste,60.0,16.23,15.0,25.09,60.902,0.1727,35.812,False,2.5909
4121604,Renascença,PR,Sul,82.56,8.31,17.0,73.69,75.3581,0.1523,1.6681,False,2.5891
3519006,Herculândia,SP,Sudeste,81.08,8.34,17.0,80.0,75.4811,0.1523,-4.5189,False,2.5889
1719004,Santa Tereza do Tocantins,TO,Norte,24.65,11.78,47.0,58.46,45.707,0.055,-12.753,True,2.5861
5215306,Orizona,GO,Centro-Oeste,77.75,6.51,40.0,80.0,83.4436,0.0646,3.4436,False,2.5824
5200050,Abadia de Goiás,GO,Centro-Oeste,64.46,5.28,125.0,66.39,77.6633,0.0206,11.2733,False,2.5809
3128600,Guarda-Mor,MG,Sudeste,51.64,12.21,38.0,79.32,66.6561,0.0677,-12.6639,True,2.5732
3112802,Capitólio,MG,Sudeste,78.92,9.83,16.0,80.0,79.5967,0.1605,-0.4033,False,2.5686
2929404,São Miguel das Matas,BA,Nordeste,36.76,11.46,43.0,43.74,40.7278,0.0597,-3.0122,False,2.5683
3511706,Charqueada,SP,Sudeste,62.5,7.02,74.0,56.0,74.3665,0.0347,18.3665,False,2.5663
4323200,Victor Graeff,RS,Sul,56.25,24.31,8.0,80.0,43.7673,0.3205,-36.2327,True,2.5637
1703891,Carrasco Bonito,TO,Norte,23.86,14.42,27.0,48.13,35.9567,0.0949,-12.1733,False,2.5629
4124509,Santo Inácio,PR,Sul,80.07,8.48,18.0,80.0,74.1235,0.1422,-5.8765,False,2.5587
3500501,Águas de Lindóia,SP,Sudeste,43.65,7.46,110.0,67.42,66.5763,0.0232,-0.8437,False,2.5571
3204401,Rio Novo do Sul,ES,Sudeste,77.38,7.04,32.0,78.61,82.0355,0.0799,3.4255,False,2.5563
4311601,Liberato Salzano,RS,Sul,73.89,19.73,5.0,75.34,61.0166,0.5109,-14.3234,False,2.5543
3505807,Bastos,SP,Sudeste,46.89,6.59,125.0,61.06,64.4671,0.0204,3.4071,False,2.5535
4301404,Arvorezinha,RS,Sul,63.21,20.21,8.0,66.42,62.2588,0.3187,-4.1612,False,2.5497
3528007,Macatuba,SP,Sudeste,62.4,7.06,74.0,69.83,75.3236,0.0344,5.4936,False,2.5474
1200708,Xapuri,AC,Norte,51.91,9.52,58.0,57.32,64.0703,0.0439,6.7503,False,2.5457
3142700,Montalvânia,MG,Sudeste,60.74,10.46,35.0,58.73,69.6452,0.0726,10.9152,False,2.5412
2910305,Elísio Medrado,BA,Nordeste,35.29,16.06,22.0,44.76,41.2422,0.1154,-3.5178,False,2.5395
3133600,Itapeva,MG,Sudeste,67.9,7.48,57.0,61.14,79.8484,0.0446,18.7084,False,2.5395
2708303,São José da Laje,AL,Nordeste,95.32,3.17,8.0,79.45,81.2209,0.3172,1.7709,False,2.5374
2804904,Pacatuba,SE,Nordeste,28.57,8.56,84.0,32.27,42.2233,0.0302,9.9533,False,2.5355
2922706,Nova Canaã,BA,Nordeste,50.0,24.5,8.0,44.35,36.5422,0.3167,-7.8078,False,2.5335
2505501,Vista Serrana,PB,Nordeste,58.32,19.73,11.0,55.64,58.1387,0.2302,2.4987,False,2.5323
4314027,Paraíso do Sul,RS,Sul,52.59,22.45,10.0,80.0,53.9998,0.2531,-26.0002,True,2.5306
3201100,Bom Jesus do Norte,ES,Sudeste,67.34,8.87,40.0,71.23,76.5295,0.0632,5.2995,False,2.5282
5103601,Dom Aquino,MT,Centro-Oeste,71.44,9.85,25.0,80.0,76.3405,0.1006,-3.6595,False,2.5158
3145901,Ouro Branco,MG,Sudeste,81.33,3.9,78.0,70.05,81.7602,0.0323,11.7102,False,2.5156
3145059,Nova Porteirinha,MG,Sudeste,51.97,13.43,32.0,53.81,59.6837,0.0785,5.8737,False,2.5111
2504405,Conceição,PB,Nordeste,96.17,3.29,5.0,78.47,70.5111,0.5016,-7.9589,True,2.5078
5107578,Rondolândia,MT,Centro-Oeste,71.43,29.26,4.0,43.98,64.4078,0.6263,20.4278,False,2.5051
3123106,Dores de Guanhães,MG,Sudeste,72.5,12.31,16.0,54.53,70.7568,0.1565,16.2268,False,2.5037
3172004,Visconde do Rio Branco,MG,Sudeste,65.77,9.47,36.0,64.06,72.3146,0.0695,8.2546,False,2.5006
4101655,Arapuã,PR,Sul,76.3,11.85,13.0,62.76,71.7186,0.1922,8.9586,False,2.4991
3134004,Itinga,MG,Sudeste,64.84,11.83,23.0,61.32,72.1601,0.1086,10.8401,False,2.4979
2200103,Agricolândia,PI,Nordeste,60.24,12.09,25.0,46.94,70.7668,0.0997,23.8268,False,2.4932
3541059,Pratânia,SP,Sudeste,56.48,10.78,40.0,63.88,66.5125,0.0623,2.6325,False,2.492
2701902,Chã Preta,AL,Nordeste,51.68,13.11,29.0,55.46,57.4775,0.0859,2.0175,False,2.4905
3556701,Vinhedo,SP,Sudeste,56.12,3.79,310.0,60.73,73.897,0.008,13.167,False,2.4901
2210938,Sussuapara,PI,Nordeste,55.81,12.4,28.0,42.28,75.0093,0.0888,32.7293,False,2.486
5106208,Nova Brasilândia,MT,Centro-Oeste,81.36,11.06,9.0,63.6,75.2438,0.2762,11.6438,False,2.4857
3523503,Itatinga,SP,Sudeste,54.18,6.75,103.0,67.63,68.3253,0.0241,0.6953,False,2.4823
2513000,Salgadinho,PB,Nordeste,83.93,11.78,6.0,74.97,80.9326,0.4135,5.9626,False,2.4812
4200606,Águas Mornas,SC,Sul,79.33,8.74,21.0,80.0,75.3908,0.1182,-4.6092,False,2.4812
3140902,Matipó,MG,Sudeste,65.05,10.65,28.0,80.0,70.519,0.0885,-9.481,False,2.4786
4202081,Bandeirante,SC,Sul,56.89,14.45,22.0,73.21,58.5605,0.1124,-14.6495,True,2.473
3103900,Araújos,MG,Sudeste,88.51,7.01,11.0,75.83,78.8346,0.2248,3.0046,False,2.4725
5107206,Rio Branco,MT,Centro-Oeste,81.6,10.33,11.0,58.5,72.5244,0.2247,14.0244,False,2.4713
1705557,Combinado,TO,Norte,56.12,13.13,25.0,67.88,60.3897,0.0988,-7.4903,False,2.4703
2307007,Jaguaruana,CE,Nordeste,88.24,3.43,43.0,80.0,89.2689,0.0574,9.2689,False,2.4699
4107801,Floraí,PR,Sul,85.2,9.52,9.0,78.12,80.0862,0.2741,1.9662,False,2.4666
2305704,Ipaumirim,CE,Nordeste,88.89,5.49,14.0,80.0,73.2436,0.1758,-6.7564,True,2.4618
3145109,Nova Resende,MG,Sudeste,86.57,5.12,27.0,72.66,82.4833,0.0911,9.8233,False,2.4607
4122008,Rio Azul,PR,Sul,89.22,4.46,21.0,80.0,80.1876,0.1171,0.1876,False,2.46
2925402,Potiraguá,BA,Nordeste,27.54,10.54,50.0,42.98,28.0224,0.0491,-14.9576,True,2.4542
2701001,Boca da Mata,AL,Nordeste,88.18,4.11,28.0,75.55,78.618,0.0875,3.068,False,2.4504
4123303,Santa Cruz de Monte Castelo,PR,Sul,59.1,9.31,49.0,80.0,62.9715,0.05,-17.0285,True,2.4481
2512309,Princesa Isabel,PB,Nordeste,86.28,5.0,25.0,80.0,83.573,0.0979,3.573,False,2.4463
2918704,Lafaiete Coutinho,BA,Nordeste,56.52,20.26,10.0,71.57,57.8784,0.2445,-13.6916,False,2.4452
3139706,Maravilhas,MG,Sudeste,76.79,10.26,18.0,73.17,73.6237,0.1358,0.4537,False,2.4446
4311908,Marcelino Ramos,RS,Sul,77.66,14.63,8.0,75.3,63.6749,0.3052,-11.6251,False,2.442
3512803,Cosmópolis,SP,Sudeste,59.61,4.19,225.0,61.79,76.1791,0.0108,14.3891,False,2.4387
2209203,Santa Filomena,PI,Nordeste,62.47,9.48,39.0,42.85,66.427,0.0625,23.577,False,2.4383
2204600,Hugo Napoleão,PI,Nordeste,81.48,10.9,10.0,80.0,73.1855,0.2438,-6.8145,False,2.4381
2413904,Taipu,RN,Nordeste,17.69,9.19,58.0,50.04,40.5214,0.0419,-9.5186,True,2.4325
2413409,Serra Negra do Norte,RN,Nordeste,31.57,13.19,38.0,41.16,49.3683,0.064,8.2083,False,2.4307
3133006,Itamonte,MG,Sudeste,81.87,7.39,24.0,64.9,79.5217,0.1011,14.6217,False,2.4275
3508603,Cachoeira Paulista,SP,Sudeste,41.8,6.41,144.0,59.84,61.2289,0.0168,1.3889,False,2.4226
4302501,Bossoroca,RS,Sul,38.41,18.69,18.0,59.77,47.6343,0.1344,-12.1357,False,2.4192
4305587,Colinas,RS,Sul,39.92,19.19,17.0,80.0,49.2227,0.1422,-30.7773,True,2.4179
3133709,Itatiaiuçu,MG,Sudeste,80.41,6.97,35.0,74.73,78.6437,0.0691,3.9137,False,2.4174
2313302,Tauá,CE,Nordeste,92.01,2.32,43.0,80.0,93.1333,0.0562,13.1333,False,2.4161
3126802,Frei Gaspar,MG,Sudeste,69.91,10.3,23.0,61.02,71.2034,0.105,10.1834,False,2.4153
3544905,Sales Oliveira,SP,Sudeste,50.04,10.07,55.0,65.48,62.6319,0.0439,-2.8481,False,2.4142
2607950,Jaqueira,PE,Nordeste,81.67,9.01,13.0,64.94,73.3082,0.1854,8.3682,False,2.4103
2210805,Simplício Mendes,PI,Nordeste,67.45,8.39,40.0,80.0,78.3873,0.0602,-1.6127,False,2.4098
1707306,Dueré,TO,Norte,68.58,12.81,19.0,48.81,59.8451,0.1268,11.0351,False,2.4096
4113908,Mallet,PR,Sul,87.8,4.9,21.0,80.0,80.8424,0.1147,0.8424,False,2.4091
3520202,Igaratá,SP,Sudeste,50.61,8.6,71.0,67.46,71.4002,0.0339,3.9402,False,2.4061
2801900,Cumbe,SE,Nordeste,54.53,16.99,17.0,55.66,54.8495,0.1415,-0.8105,False,2.4056
2600203,Afrânio,PE,Nordeste,59.87,7.33,70.0,62.89,59.4611,0.0344,-3.4289,False,2.4056
4302659,Brochier,RS,Sul,57.45,14.14,20.0,69.68,56.3454,0.12,-13.3346,False,2.3992
2300903,Apuiarés,CE,Nordeste,74.45,7.3,35.0,80.0,84.2981,0.0685,4.2981,False,2.3992
3200201,Alegre,ES,Sudeste,83.47,5.32,33.0,71.05,83.9677,0.0727,12.9177,False,2.3977
2705903,Olho d'Água Grande,AL,Nordeste,82.14,14.19,5.0,80.0,63.8214,0.4785,-16.1786,True,2.3926
3111150,Campo Azul,MG,Sudeste,73.27,14.22,11.0,80.0,65.6025,0.2174,-14.3975,True,2.3915
3535804,Paranapanema,SP,Sudeste,42.59,6.66,138.0,59.31,62.0931,0.0173,2.7831,False,2.3907
1506906,Santarém Novo,PA,Norte,78.23,10.45,15.0,61.25,74.0891,0.1593,12.8391,False,2.39
3125952,Fervedouro,MG,Sudeste,76.3,7.44,37.0,70.55,71.0373,0.0646,0.4873,False,2.3894
2310605,Penaforte,CE,Nordeste,63.67,8.73,44.0,78.38,79.0384,0.0542,0.6584,False,2.3827
1707553,Fátima,TO,Norte,57.82,15.93,19.0,61.51,55.5946,0.1251,-5.9154,False,2.3765
3101904,Alpinópolis,MG,Sudeste,78.55,6.49,35.0,54.32,79.6605,0.0678,25.3405,False,2.3744
2210904,Socorro do Piauí,PI,Nordeste,30.86,17.79,19.0,72.09,53.4224,0.1249,-18.6676,True,2.373
3159001,Santana do Riacho,MG,Sudeste,80.14,10.55,13.0,67.09,73.7153,0.1824,6.6253,False,2.3715
2201770,Boa Hora,PI,Nordeste,47.14,14.6,25.0,65.66,53.0728,0.0947,-12.5872,False,2.3673
2105948,Lago dos Rodrigues,MA,Nordeste,92.3,5.92,6.0,80.0,71.3662,0.3935,-8.6338,True,2.361
2306553,Itarema,CE,Nordeste,92.48,2.43,36.0,80.0,89.6705,0.0656,9.6705,False,2.3603
2203354,Dirceu Arcoverde,PI,Nordeste,11.96,9.91,44.0,47.45,32.0112,0.0536,-15.4388,True,2.3588
2210359,São Lourenço do Piauí,PI,Nordeste,73.08,17.05,8.0,80.0,64.6503,0.2947,-15.3497,False,2.3575
4204400,Coronel Freitas,SC,Sul,86.73,6.51,17.0,76.02,76.2833,0.1386,0.2633,False,2.3557
3553005,Taguaí,SP,Sudeste,71.38,7.77,42.0,65.57,80.6103,0.056,15.0403,False,2.3532
3116605,Cláudio,MG,Sudeste,83.0,4.3,53.0,67.2,85.2769,0.0443,18.0769,False,2.3505
3535408,Panorama,SP,Sudeste,92.54,3.9,13.0,80.0,81.5608,0.1808,1.5608,False,2.3498
2111672,São Roberto,MA,Nordeste,35.69,17.77,19.0,58.56,53.9019,0.1235,-4.6581,False,2.3468
4114708,Maria Helena,PR,Sul,49.92,13.13,32.0,69.61,62.824,0.0733,-6.786,False,2.3464
2210102,São José do Peixe,PI,Nordeste,75.0,13.42,10.0,77.2,70.839,0.2344,-6.361,False,2.3436
4312757,Nova Alvorada,RS,Sul,71.43,19.32,7.0,80.0,60.6063,0.3346,-19.3937,True,2.342
4323457,Vila Nova do Sul,RS,Sul,43.99,17.21,20.0,59.11,38.8658,0.117,-20.2442,True,2.3407
2910206,Dom Macedo Costa,BA,Nordeste,52.38,15.1,20.0,80.0,48.9874,0.117,-31.0126,True,2.3404
2505600,Diamante,PB,Nordeste,72.18,16.47,8.0,40.4,60.6125,0.2925,20.2125,False,2.3401
4307815,Estrela Velha,RS,Sul,60.0,19.2,10.0,80.0,64.4783,0.2337,-15.5217,False,2.3372
4314472,Pinhal Grande,RS,Sul,47.54,21.37,13.0,68.91,57.8023,0.1798,-11.1077,False,2.3371
5211206,Itapuranga,GO,Centro-Oeste,85.09,4.45,42.0,80.0,86.3575,0.0556,6.3575,False,2.3367
3536000,Parapuã,SP,Sudeste,73.38,8.77,28.0,76.91,80.0489,0.0834,3.1389,False,2.3363
3169505,Tumiritinga,MG,Sudeste,74.58,12.04,16.0,56.54,66.3618,0.1456,9.8218,False,2.3303
3547700,Santo Anastácio,SP,Sudeste,79.01,8.61,19.0,79.99,78.2264,0.1226,-1.7636,False,2.3296
2209757,São Gonçalo do Gurguéia,PI,Nordeste,60.71,18.09,11.0,77.52,56.5633,0.2116,-20.9567,True,2.328
1300839,Caapiranga,AM,Norte,21.71,9.48,62.0,30.23,38.3848,0.0375,8.1548,False,2.3263
2703007,Ibateguara,AL,Nordeste,54.43,10.98,36.0,80.0,57.9606,0.0646,-22.0394,True,2.3251
3116100,Chapada do Norte,MG,Sudeste,66.12,10.88,25.0,53.49,77.0314,0.0926,23.5414,False,2.3158
2403707,Felipe Guerra,RN,Nordeste,51.7,14.31,24.0,62.74,55.7704,0.0964,-6.9696,False,2.3131
3146909,Papagaios,MG,Sudeste,88.48,5.68,16.0,57.77,80.308,0.1446,22.538,False,2.3129
3143005,Monte Belo,MG,Sudeste,80.84,6.5,29.0,59.92,82.7314,0.0796,22.8114,False,2.3086
4201257,Apiúna,SC,Sul,70.83,9.27,32.0,68.93,72.2894,0.072,3.3594,False,2.3042
3508702,Caconde,SP,Sudeste,75.94,6.95,38.0,73.29,82.4166,0.0605,9.1266,False,2.3002
3131109,Inimutaba,MG,Sudeste,77.85,9.31,18.0,53.14,71.9744,0.1272,18.8344,False,2.2896
2412401,São José do Seridó,RN,Nordeste,56.43,16.17,17.0,49.86,52.3198,0.1345,2.4598,False,2.2861
3146701,Palma,MG,Sudeste,75.61,14.7,9.0,42.2,71.4106,0.2538,29.2106,False,2.2844
3512407,Cordeirópolis,SP,Sudeste,69.6,5.02,104.0,76.12,77.8822,0.0219,1.7622,False,2.2812
3113206,Carandaí,MG,Sudeste,80.44,5.92,37.0,74.34,80.0265,0.0615,5.6865,False,2.2757
3143708,Morro do Pilar,MG,Sudeste,61.85,16.33,13.0,65.33,68.4216,0.1749,3.0916,False,2.274
3117108,Conceição da Aparecida,MG,Sudeste,78.52,8.16,23.0,73.71,82.0401,0.0986,8.3301,False,2.2688
4303608,Cambará do Sul,RS,Sul,63.64,28.43,5.0,66.5,44.4498,0.4537,-22.0502,False,2.2685
2302404,Boa Viagem,CE,Nordeste,90.36,2.92,39.0,80.0,81.7252,0.0581,1.7252,False,2.2666
1718907,Santa Rosa do Tocantins,TO,Norte,36.93,10.94,53.0,36.44,41.294,0.0427,4.854,False,2.2625
2307403,Jucás,CE,Nordeste,90.28,3.49,27.0,80.0,86.2423,0.0837,6.2423,False,2.2604
5200605,Alto Paraíso de Goiás,GO,Centro-Oeste,60.2,8.48,52.0,80.0,70.1715,0.0433,-9.8285,True,2.2536
3106002,Bela Vista de Minas,MG,Sudeste,73.62,9.24,25.0,69.02,71.708,0.0901,2.688,False,2.2527
2516151,Sossêgo,PB,Nordeste,66.59,12.54,20.0,33.95,69.1268,0.1126,35.1768,False,2.2526
4318606,São José do Ouro,RS,Sul,37.22,16.02,25.0,68.18,56.6131,0.0899,-11.5669,False,2.2471
3138625,Limeira do Oeste,MG,Sudeste,59.7,8.82,51.0,69.94,74.7186,0.044,4.7786,False,2.2465
4112801,Joaquim Távora,PR,Sul,85.12,5.5,29.0,80.0,82.1529,0.0774,2.1529,False,2.2433
3122454,Divisópolis,MG,Sudeste,72.45,9.88,24.0,54.46,71.6312,0.0934,17.1712,False,2.2415
3153905,Raposos,MG,Sudeste,69.66,7.48,48.0,58.67,73.0708,0.0467,14.4008,False,2.2397
1507201,São Domingos do Capim,PA,Norte,32.96,6.85,150.0,45.48,39.3587,0.0149,-6.1213,False,2.2389
2303402,Carnaubal,CE,Nordeste,83.77,4.84,37.0,80.0,83.5326,0.0605,3.5326,False,2.2367
2602506,Brejinho,PE,Nordeste,79.05,7.78,22.0,74.1,87.1648,0.1015,13.0648,False,2.2327
2922730,Nova Fátima,BA,Nordeste,31.91,13.33,32.0,57.56,30.1214,0.0696,-27.4386,True,2.2264
3146008,Ouro Fino,MG,Sudeste,84.81,4.78,37.0,69.04,79.9317,0.0601,10.8917,False,2.224
4124608,São Carlos do Ivaí,PR,Sul,73.36,10.01,21.0,78.79,73.2811,0.1058,-5.5089,False,2.2227
3146206,Ouro Verde de Minas,MG,Sudeste,78.4,8.6,20.0,60.63,76.4448,0.111,15.8148,False,2.2193
4310405,Independência,RS,Sul,57.67,14.17,22.0,70.86,62.4537,0.1005,-8.4063,False,2.211
4306379,Dilermando de Aguiar,RS,Sul,53.57,18.78,13.0,71.33,56.6927,0.17,-14.6373,False,2.2098
1717800,Ponte Alta do Bom Jesus,TO,Norte,44.59,15.04,26.0,22.93,55.4224,0.0849,32.4924,False,2.2086
5007505,Rochedo,MS,Centro-Oeste,48.99,10.37,51.0,51.7,64.7488,0.0433,13.0488,False,2.2081
5220009,São João d'Aliança,GO,Centro-Oeste,89.53,4.57,19.0,80.0,82.6688,0.1162,2.6688,False,2.2071
2916906,Itiruçu,BA,Nordeste,30.0,11.6,42.0,47.15,31.5603,0.0524,-15.5897,True,2.201
4313102,Nova Palma,RS,Sul,35.88,25.16,11.0,80.0,37.6787,0.1999,-42.3213,True,2.1993
2413508,Serrinha,RN,Nordeste,48.07,13.28,36.0,63.97,49.508,0.0611,-14.462,True,2.1979
4211603,Nova Veneza,SC,Sul,79.48,7.84,23.0,72.84,79.4925,0.0954,6.6525,False,2.195
2109759,Santa Filomena do Maranhão,MA,Nordeste,40.91,14.53,26.0,49.98,43.6881,0.0844,-6.2919,False,2.1933
2703908,Jundiá,AL,Nordeste,44.34,13.51,31.0,48.53,55.4356,0.0707,6.9056,False,2.1925
2206050,Massapê do Piauí,PI,Nordeste,60.63,14.59,17.0,56.95,63.9761,0.1289,7.0261,False,2.1905
3541505,Presidente Venceslau,SP,Sudeste,76.57,5.2,62.0,66.54,84.8835,0.0353,18.3435,False,2.1905
4323309,Vila Flores,RS,Sul,68.79,17.48,9.0,80.0,59.5803,0.2433,-20.4197,True,2.1893
4125357,São Jorge do Patrocínio,PR,Sul,90.22,6.89,8.0,76.05,75.989,0.2736,-0.061,False,2.1891
2512788,Riacho de Santo Antônio,PB,Nordeste,55.56,22.96,9.0,78.99,56.6052,0.2431,-22.3848,False,2.1882
1703867,Cariri do Tocantins,TO,Norte,52.01,12.99,31.0,30.99,54.9992,0.0705,24.0092,False,2.1866
4214508,Rio do Campo,SC,Sul,74.29,13.75,13.0,71.81,76.1164,0.1682,4.3064,False,2.1862
4312609,Muçum,RS,Sul,53.59,18.47,15.0,60.38,49.4337,0.1455,-10.9463,False,2.182
2204352,Geminiano,PI,Nordeste,53.58,14.91,22.0,35.05,54.2013,0.0991,19.1513,False,2.1808
2908804,Contendas do Sincorá,BA,Nordeste,40.62,17.02,19.0,39.48,41.7455,0.1145,2.2655,False,2.175
3531407,Monte Aprazível,SP,Sudeste,65.44,8.75,64.0,75.51,79.4352,0.034,3.9252,False,2.1749
4311791,Maratá,RS,Sul,59.76,19.25,10.0,71.68,58.5081,0.2171,-13.1719,False,2.1707
3300902,Cambuci,RJ,Sudeste,64.38,8.98,42.0,72.46,68.925,0.0517,-3.535,False,2.17
4107504,Engenheiro Beltrão,PR,Sul,82.06,6.95,24.0,80.0,81.9215,0.0904,1.9215,False,2.1697
3157252,Santa Bárbara do Leste,MG,Sudeste,70.43,9.12,32.0,72.21,78.4933,0.0678,6.2833,False,2.1691
4116109,Moreira Sales,PR,Sul,78.0,7.93,26.0,79.52,73.8001,0.0833,-5.7199,False,2.1665
3165578,Senador Amaral,MG,Sudeste,76.99,12.02,12.0,73.26,73.9476,0.1805,0.6876,False,2.1655
2608206,Joaquim Nabuco,PE,Nordeste,47.34,10.23,50.0,59.49,55.6019,0.0433,-3.8881,False,2.1641
4301875,Barra do Quaraí,RS,Sul,25.53,12.47,35.0,67.17,42.0585,0.0618,-25.1115,True,2.1625
3540002,Pompéia,SP,Sudeste,60.32,7.4,75.0,67.88,71.7226,0.0287,3.8426,False,2.1535
3150802,Piranga,MG,Sudeste,75.27,8.42,28.0,66.59,78.682,0.0769,12.092,False,2.1533
3128907,Guimarânia,MG,Sudeste,85.09,7.59,15.0,66.89,81.5521,0.1433,14.6621,False,2.1497
5200100,Abadiânia,GO,Centro-Oeste,79.39,5.93,42.0,79.26,80.996,0.051,1.736,False,2.1431
3145455,Olhos-d'Água,MG,Sudeste,90.16,7.48,6.0,71.95,75.8996,0.3571,3.9496,False,2.1429
2409506,Pedra Grande,RN,Nordeste,44.51,15.56,28.0,56.63,41.8158,0.0763,-14.8142,False,2.1377
3504404,Avanhandava,SP,Sudeste,77.37,7.53,29.0,73.75,76.4174,0.0737,2.6674,False,2.1365
3204500,Santa Leopoldina,ES,Sudeste,74.53,8.51,26.0,80.0,75.6664,0.082,-4.3336,False,2.1321
1703883,Carmolândia,TO,Norte,27.46,14.53,31.0,40.51,36.1713,0.0687,-4.3387,False,2.13
3534906,Pacaembu,SP,Sudeste,53.27,10.96,40.0,69.55,64.4812,0.0532,-5.0688,False,2.1297
1701051,Angico,TO,Norte,59.12,16.51,15.0,52.78,58.3082,0.1419,5.5282,False,2.128
3520905,Ipaussu,SP,Sudeste,54.96,8.26,67.0,63.68,71.9537,0.0317,8.2737,False,2.1271
2304285,Eusébio,CE,Nordeste,93.91,1.52,59.0,80.0,95.0304,0.036,15.0304,False,2.1249
4209854,Lindóia do Sul,SC,Sul,84.63,10.47,9.0,80.0,80.2486,0.2355,0.2486,False,2.1196
2805000,Pedra Mole,SE,Nordeste,47.74,20.41,13.0,58.13,58.3868,0.1628,0.2568,False,2.1168
5212709,Mambaí,GO,Centro-Oeste,68.24,8.14,42.0,60.06,81.3181,0.0504,21.2581,False,2.1162
3138104,Lassance,MG,Sudeste,48.0,13.85,26.0,80.0,58.1333,0.0814,-21.8667,True,2.116
2507408,Jericó,PB,Nordeste,23.83,11.37,48.0,62.12,50.2257,0.0441,-11.8943,True,2.1148
3122355,Divisa Alegre,MG,Sudeste,62.68,9.6,38.0,60.41,69.9384,0.0556,9.5284,False,2.1125
3116506,Claro dos Poções,MG,Sudeste,68.63,11.4,21.0,73.16,76.2202,0.1003,3.0602,False,2.1066
3136405,Joaquim Felício,MG,Sudeste,71.36,13.77,13.0,61.4,70.7265,0.162,9.3265,False,2.1062
2301406,Aratuba,CE,Nordeste,80.42,5.9,35.0,80.0,81.9364,0.0601,1.9364,False,2.1052
2111953,Sucupira do Riachão,MA,Nordeste,80.65,13.91,6.0,76.78,69.0932,0.3506,-7.6868,False,2.1034
3113909,Carmo da Cachoeira,MG,Sudeste,78.88,6.98,30.0,76.06,78.4538,0.0701,2.3938,False,2.1032
3118205,Conquista,MG,Sudeste,65.47,10.76,30.0,72.28,70.4157,0.0697,-1.8643,False,2.0918
3132909,Itamogi,MG,Sudeste,80.1,7.64,22.0,67.25,79.0375,0.0951,11.7875,False,2.0912
2410504,Rafael Fernandes,RN,Nordeste,41.82,19.75,16.0,63.57,58.5738,0.1305,-4.9962,False,2.0883
4104402,Cândido de Abreu,PR,Sul,85.53,5.6,25.0,80.0,83.2531,0.0835,3.2531,False,2.0882
3157500,Santa Efigênia de Minas,MG,Sudeste,75.83,11.92,13.0,55.1,74.8046,0.1602,19.7046,False,2.0826
2200053,Acauã,PI,Nordeste,81.88,9.69,11.0,80.0,82.6865,0.189,2.6865,False,2.0787
3123809,Engenheiro Navarro,MG,Sudeste,76.26,8.66,23.0,56.04,77.5926,0.0904,21.5526,False,2.0784
4315107,Porto Xavier,RS,Sul,54.73,17.55,15.0,74.31,60.3789,0.1383,-13.9311,False,2.0743
3553955,Tarumã,SP,Sudeste,91.72,3.89,17.0,80.0,80.9638,0.122,0.9638,False,2.0738
1718501,Recursolândia,TO,Norte,50.36,14.15,26.0,14.48,53.7069,0.0798,39.2269,False,2.0737
4127908,Tuneiras do Oeste,PR,Sul,68.12,9.94,30.0,74.11,69.6448,0.0688,-4.4652,False,2.065
4215059,Rio Rufino,SC,Sul,76.36,18.32,8.0,70.3,61.8378,0.258,-8.4622,False,2.0639
4315172,Protásio Alves,RS,Sul,75.0,21.22,5.0,79.99,51.4466,0.4124,-28.5434,True,2.062
4126108,São Tomé,PR,Sul,69.9,10.54,24.0,80.0,67.5159,0.0859,-12.4841,True,2.0606
2112704,Vargem Grande,MA,Nordeste,96.58,1.55,18.0,80.0,86.4969,0.1144,6.4969,False,2.0601
4205191,Ermo,SC,Sul,69.97,12.78,18.0,71.82,72.8018,0.1143,0.9818,False,2.0569
1300086,Anamã,AM,Norte,53.49,17.44,18.0,47.47,59.084,0.1142,11.614,False,2.055
2405702,Jardim do Seridó,RN,Nordeste,56.49,13.44,30.0,41.98,62.7947,0.0681,20.8147,False,2.0423
5103908,General Carneiro,MT,Centro-Oeste,71.41,14.97,11.0,80.0,56.7583,0.1854,-23.2417,True,2.0399
4212007,Palma Sola,SC,Sul,79.94,8.51,22.0,80.0,76.9972,0.0927,-3.0028,False,2.0398
2928307,Santanópolis,BA,Nordeste,22.95,10.55,47.0,31.5,24.599,0.0433,-6.901,False,2.0372
3111309,Campo do Meio,MG,Sudeste,76.52,8.86,25.0,71.49,78.4843,0.0814,6.9943,False,2.0343
1717206,Piraquê,TO,Norte,54.55,20.81,11.0,41.39,43.5381,0.1848,2.1481,False,2.0325
3112208,Capela Nova,MG,Sudeste,77.36,14.75,8.0,80.0,74.5765,0.2527,-5.4235,False,2.0218
4307500,Espumoso,RS,Sul,39.06,18.83,20.0,80.0,56.2272,0.101,-23.7728,True,2.02
2607406,Itacuruba,PE,Nordeste,48.57,16.56,18.0,69.67,47.4061,0.1121,-22.2639,True,2.018
4126405,Sertaneja,PR,Sul,90.98,6.9,7.0,80.0,78.3298,0.2882,-1.6702,False,2.0177
5210901,Itapaci,GO,Centro-Oeste,85.28,4.57,35.0,79.18,78.8223,0.0576,-0.3577,False,2.0173
3107505,Bom Jardim de Minas,MG,Sudeste,60.14,10.54,37.0,58.19,75.8369,0.0545,17.6469,False,2.0172
3119609,Coronel Pacheco,MG,Sudeste,59.93,20.01,13.0,80.0,64.8348,0.1551,-15.1652,False,2.0167
3203353,Marilândia,ES,Sudeste,78.29,7.28,32.0,78.94,81.1151,0.0629,2.1751,False,2.0139
2909505,Cravolândia,BA,Nordeste,34.55,12.57,36.0,64.73,38.1727,0.0559,-26.5573,True,2.012
2612307,Saloá,PE,Nordeste,78.66,6.27,35.0,65.23,75.6482,0.0574,10.4182,False,2.0078
2110237,Santana do Maranhão,MA,Nordeste,54.17,12.66,29.0,80.0,67.8088,0.0692,-12.1912,False,2.0062
5103957,Glória D'Oeste,MT,Centro-Oeste,83.78,10.29,8.0,80.0,80.7025,0.25,0.7025,False,2.0002
4310413,Inhacorá,RS,Sul,35.29,22.72,14.0,68.26,60.276,0.1426,-7.984,False,1.9967
3160405,Santo Antônio do Monte,MG,Sudeste,81.34,4.57,55.0,80.0,80.7879,0.0363,0.7879,False,1.9967
3135506,Jequeri,MG,Sudeste,84.89,7.89,14.0,64.81,74.8259,0.1426,10.0159,False,1.9959
3513900,Divinolândia,SP,Sudeste,61.36,10.5,34.0,61.36,73.1203,0.0587,11.7603,False,1.9957
3115805,Centralina,MG,Sudeste,89.94,7.1,7.0,78.79,79.7125,0.2849,0.9225,False,1.994
1712702,Mateiros,TO,Norte,9.09,12.01,22.0,42.72,39.4352,0.0906,-3.2848,False,1.993
4103800,Cambira,PR,Sul,83.64,7.59,17.0,80.0,82.4074,0.1171,2.4074,False,1.9914
4100905,Amaporã,PR,Sul,76.73,9.43,19.0,74.4,77.2411,0.1047,2.8411,False,1.9893
2413300,Serra de São Bento,RN,Nordeste,42.07,14.77,30.0,42.13,54.0535,0.066,11.9235,False,1.9815
2300408,Aiuaba,CE,Nordeste,75.83,6.78,38.0,76.61,78.9774,0.0521,2.3674,False,1.9787
3522703,Itápolis,SP,Sudeste,77.38,5.32,56.0,70.92,81.884,0.0353,10.964,False,1.9745
5205513,Cocalzinho de Goiás,GO,Centro-Oeste,88.6,3.72,33.0,79.67,88.8051,0.0598,9.1351,False,1.9741
3164472,São Sebastião do Anta,MG,Sudeste,81.31,9.14,15.0,65.3,77.6046,0.1315,12.3046,False,1.973
4316303,Roque Gonzales,RS,Sul,75.97,17.06,7.0,77.0,55.1269,0.2818,-21.8731,True,1.9728
2907400,Catolândia,BA,Nordeste,25.71,14.48,26.0,24.3,33.2501,0.0758,8.9501,False,1.971
2209500,Santo Inácio do Piauí,PI,Nordeste,85.37,10.82,6.0,75.43,70.8908,0.3282,-4.5392,False,1.9692
3501004,Altinópolis,SP,Sudeste,67.78,7.15,57.0,72.14,76.4174,0.0345,4.2774,False,1.9674
4101051,Anahy,PR,Sul,69.99,15.61,13.0,68.09,68.3117,0.1511,0.2217,False,1.9641
4109658,Honório Serpa,PR,Sul,73.2,10.37,20.0,63.82,74.1975,0.0981,10.3775,False,1.9617
4205357,Flor do Sertão,SC,Sul,58.33,19.72,11.0,80.0,66.1818,0.1779,-13.8182,False,1.9568
4206405,Guaraciaba,SC,Sul,83.69,7.87,16.0,80.0,73.5366,0.1223,-6.4634,False,1.9562
1507755,Sapucaia,PA,Norte,71.78,9.5,28.0,79.91,71.6275,0.0697,-8.2825,False,1.9525
3168903,Tiros,MG,Sudeste,81.77,9.72,12.0,66.01,82.5744,0.1626,16.5644,False,1.9516
4308003,Faxinal do Soturno,RS,Sul,66.67,26.67,5.0,79.38,56.5769,0.3903,-22.8031,False,1.9516
4202206,Benedito Novo,SC,Sul,71.71,14.2,13.0,67.43,72.7312,0.1501,5.3012,False,1.9515
4121109,Quinta do Sol,PR,Sul,74.14,12.79,13.0,77.71,72.6579,0.1501,-5.0521,False,1.9514
2918902,Lajedão,BA,Nordeste,48.28,18.19,15.0,65.43,36.4882,0.1301,-28.9418,True,1.951
2408508,Ouro Branco,RN,Nordeste,73.6,11.12,17.0,53.15,68.9749,0.1146,15.8249,False,1.948
3116209,Chiador,MG,Sudeste,76.01,12.36,13.0,78.26,66.6681,0.1496,-11.5919,False,1.9447
3525508,Joanópolis,SP,Sudeste,57.3,8.43,65.0,74.39,75.1749,0.0299,0.7849,False,1.944
4300208,Ajuricaba,RS,Sul,81.92,13.1,6.0,80.0,68.8003,0.3235,-11.1997,False,1.9408
4127205,Terra Boa,PR,Sul,89.1,4.21,28.0,80.0,79.1777,0.0692,-0.8223,False,1.9373
2505709,Dona Inês,PB,Nordeste,96.29,4.12,3.0,59.0,68.7958,0.6452,9.7958,False,1.9357
4309951,Ibirapuitã,RS,Sul,70.59,21.66,6.0,72.34,48.0695,0.3216,-24.2705,True,1.9297
3146750,Palmópolis,MG,Sudeste,69.37,12.97,16.0,51.7,77.6727,0.1206,25.9727,False,1.9291
4320230,Sede Nova,RS,Sul,38.41,22.58,12.0,80.0,45.194,0.1608,-34.806,True,1.9291
4308458,Fortaleza dos Valos,RS,Sul,72.73,26.32,3.0,80.0,59.8209,0.6415,-20.1791,False,1.9246
3517000,Getulina,SP,Sudeste,68.1,13.07,19.0,59.46,69.4589,0.1013,9.9989,False,1.9239
2505303,Curral Velho,PB,Nordeste,62.5,23.72,6.0,51.24,55.6145,0.3206,4.3745,False,1.9234
5100409,Alto Garças,MT,Centro-Oeste,52.9,7.47,87.0,53.21,62.7447,0.0221,9.5347,False,1.9233
4313359,Nova Roma do Sul,RS,Sul,83.33,13.35,5.0,80.0,65.4653,0.3843,-14.5347,True,1.9216
1101468,Pimenteiras do Oeste,RO,Norte,57.65,16.2,18.0,63.01,56.2798,0.1068,-6.7302,False,1.9215
1712405,Lizarda,TO,Norte,19.44,17.23,23.0,54.57,39.425,0.0835,-15.145,False,1.9196
4207700,Ipumirim,SC,Sul,62.86,10.0,39.0,62.47,71.637,0.0492,9.167,False,1.919
2202604,Castelo do Piauí,PI,Nordeste,82.62,5.75,29.0,76.57,83.668,0.0661,7.098,False,1.9173
5107156,Reserva do Cabaçal,MT,Centro-Oeste,83.86,14.47,5.0,77.38,69.0799,0.3828,-8.3001,False,1.9142
3112109,Caparaó,MG,Sudeste,67.9,11.35,24.0,66.6,71.151,0.0797,4.551,False,1.9137
3511003,Castilho,SP,Sudeste,45.42,6.76,122.0,58.29,60.427,0.0157,2.137,False,1.912
1504976,Nova Ipixuna,PA,Norte,52.53,7.32,106.0,55.82,58.5557,0.018,2.7357,False,1.9111
4125753,São Pedro do Iguaçu,PR,Sul,80.68,9.43,16.0,76.32,78.177,0.1194,1.857,False,1.9105
4313607,Paim Filho,RS,Sul,53.12,17.89,15.0,79.26,62.347,0.1273,-16.913,False,1.9101
3514403,Dracena,SP,Sudeste,62.74,5.25,129.0,68.57,80.2172,0.0148,11.6472,False,1.9084
5204409,Caiapônia,GO,Centro-Oeste,84.83,5.75,25.0,77.6,80.2253,0.0763,2.6253,False,1.908
4207684,Ipuaçu,SC,Sul,77.74,10.66,35.0,66.16,76.8524,0.0543,10.6924,False,1.9004
4319703,São Valentim,RS,Sul,48.48,20.45,13.0,80.0,59.4509,0.1461,-20.5491,True,1.8988
2313807,Uruburetama,CE,Nordeste,82.16,5.01,40.0,80.0,86.9246,0.0474,6.9246,False,1.8954
2202083,Cajueiro da Praia,PI,Nordeste,62.75,7.95,53.0,58.0,76.9656,0.0358,18.9656,False,1.8951
4128534,Ventania,PR,Sul,77.19,7.21,33.0,75.89,75.9694,0.0574,0.0794,False,1.8935
4113452,Lindoeste,PR,Sul,72.88,10.12,21.0,80.0,74.6536,0.0902,-5.3464,False,1.8935
3143203,Monte Santo de Minas,MG,Sudeste,61.61,7.25,71.0,54.24,75.9812,0.0267,21.7412,False,1.8935
3129202,Heliodora,MG,Sudeste,67.63,11.51,25.0,58.64,79.434,0.0757,20.794,False,1.8926
2601805,Betânia,PE,Nordeste,76.98,8.63,21.0,73.43,76.5522,0.0898,3.1222,False,1.8848
1715101,Novo Acordo,TO,Norte,36.09,13.75,32.0,52.09,45.0458,0.0588,-7.0442,False,1.8825
3514304,Dourado,SP,Sudeste,71.85,9.97,24.0,74.14,74.522,0.0784,0.382,False,1.8821
3126752,Franciscópolis,MG,Sudeste,63.78,15.63,15.0,80.0,70.0253,0.1253,-9.9747,False,1.8796
3201407,Castelo,ES,Sudeste,82.69,4.28,57.0,74.61,82.4989,0.0329,7.8889,False,1.8775
2906402,Candeal,BA,Nordeste,30.77,12.54,36.0,45.56,31.8225,0.0519,-13.7375,True,1.8688
3142403,Moema,MG,Sudeste,81.94,8.03,18.0,80.0,80.3553,0.1038,0.3553,False,1.8679
5007307,Rio Negro,MS,Centro-Oeste,53.05,10.87,39.0,61.88,67.9711,0.0479,6.0911,False,1.8665
3104304,Areado,MG,Sudeste,88.08,5.18,20.0,73.63,80.9203,0.0931,7.2903,False,1.8621
3506904,Bofete,SP,Sudeste,69.75,8.34,38.0,56.84,76.7236,0.049,19.8836,False,1.8613
1501600,Bonito,PA,Norte,32.18,9.9,73.0,50.41,45.0272,0.0255,-5.3828,False,1.8592
4305850,Coqueiros do Sul,RS,Sul,41.67,27.89,9.0,80.0,48.8555,0.2065,-31.1445,True,1.8585
2707800,Roteiro,AL,Nordeste,45.94,9.72,58.0,69.39,57.4028,0.032,-11.9872,True,1.8571
2603405,Calumbi,PE,Nordeste,86.0,7.65,12.0,76.11,79.7745,0.1547,3.6645,False,1.8568
3542404,Regente Feijó,SP,Sudeste,61.09,7.33,72.0,78.4,75.5944,0.0258,-2.8056,False,1.8563
5213707,Montes Claros de Goiás,GO,Centro-Oeste,75.02,8.66,24.0,70.85,83.1339,0.077,12.2839,False,1.8486
2607703,Itapetim,PE,Nordeste,89.12,5.58,13.0,70.0,85.3042,0.142,15.3042,False,1.8465
3123528,Durandé,MG,Sudeste,71.42,12.61,16.0,78.73,74.8733,0.1154,-3.8567,False,1.846
5106190,Nova Santa Helena,MT,Centro-Oeste,75.08,9.27,24.0,79.45,75.1409,0.0769,-4.3091,False,1.8455
3145877,Orizânia,MG,Sudeste,75.98,7.59,34.0,68.32,78.5543,0.0542,10.2343,False,1.8444
3138674,Luisburgo,MG,Sudeste,87.71,7.15,10.0,80.0,76.334,0.1842,-3.666,False,1.8421
4116059,Missal,PR,Sul,83.26,6.26,24.0,80.0,77.5672,0.0767,-2.4328,False,1.8404
2304459,Fortim,CE,Nordeste,93.28,3.19,17.0,80.0,86.3565,0.108,6.3565,False,1.8367
3551108,Sarapuí,SP,Sudeste,53.32,9.48,54.0,53.71,69.5682,0.034,15.8582,False,1.8359
2706208,Palestina,AL,Nordeste,51.15,10.98,42.0,47.84,60.6261,0.0437,12.7861,False,1.8358
4322541,Vale Real,RS,Sul,35.01,14.8,31.0,77.4,44.5578,0.0591,-32.8422,True,1.8329
4127809,Tomazina,PR,Sul,83.69,8.85,12.0,80.0,75.7705,0.1525,-4.2295,False,1.8303
2703403,Jacaré dos Homens,AL,Nordeste,54.65,11.27,35.0,51.3,63.5388,0.0523,12.2388,False,1.8302
3161700,São Gonçalo do Abaeté,MG,Sudeste,82.96,9.64,10.0,80.0,81.8215,0.1827,1.8215,False,1.8271
5220405,São Simão,GO,Centro-Oeste,82.3,5.11,42.0,75.0,86.4522,0.0432,11.4522,False,1.8163
5107768,Santa Rita do Trivelato,MT,Centro-Oeste,62.67,10.36,37.0,69.66,78.0414,0.049,8.3814,False,1.8139
3202652,Irupi,ES,Sudeste,81.51,6.42,29.0,71.41,81.9374,0.0625,10.5274,False,1.8131
1715705,Palmeirante,TO,Norte,31.29,10.2,67.0,22.17,38.1005,0.027,15.9305,False,1.8122
4311254,Lagoão,RS,Sul,42.86,25.92,8.0,80.0,52.3586,0.2263,-27.6414,True,1.8104
3138658,Lontra,MG,Sudeste,78.1,8.51,21.0,69.16,79.099,0.0861,9.939,False,1.8084
4310751,Ivorá,RS,Sul,60.0,24.79,6.0,63.85,56.0131,0.301,-7.8369,False,1.8062
2509701,Monteiro,PB,Nordeste,61.1,5.53,122.0,63.19,77.1466,0.0147,13.9566,False,1.7966
2303907,Chaval,CE,Nordeste,91.5,4.42,13.0,76.71,90.2789,0.1381,13.5689,False,1.795
4219853,Zortéa,SC,Sul,57.58,11.18,39.0,69.85,62.1001,0.046,-7.7499,False,1.7942
4311643,Linha Nova,RS,Sul,41.18,23.4,10.0,80.0,58.0994,0.1794,-21.9006,False,1.7939
5106653,Pontal do Araguaia,MT,Centro-Oeste,51.19,11.39,42.0,72.91,65.6647,0.0427,-7.2453,False,1.792
4300901,Aratiba,RS,Sul,39.24,14.97,27.0,80.0,65.9787,0.0663,-14.0213,False,1.79
3542909,Ribeirão Bonito,SP,Sudeste,53.4,9.79,52.0,79.46,73.5133,0.0343,-5.9467,False,1.7858
3155108,Rio do Prado,MG,Sudeste,76.2,11.29,14.0,61.78,77.6839,0.1275,15.9039,False,1.7853
3143807,Munhoz,MG,Sudeste,82.36,7.85,17.0,78.54,75.0097,0.105,-3.5303,False,1.7851
3523701,Itirapuã,SP,Sudeste,82.38,10.66,11.0,75.77,77.9034,0.1619,2.1334,False,1.7812
2411403,Santana do Matos,RN,Nordeste,51.9,21.4,12.0,37.27,57.036,0.1476,19.766,False,1.7713
4300059,Água Santa,RS,Sul,55.09,18.15,14.0,69.55,54.1942,0.1265,-15.3558,False,1.7705
5108501,Vera,MT,Centro-Oeste,52.77,7.38,91.0,48.66,63.7767,0.0194,15.1167,False,1.7623
3154002,Raul Soares,MG,Sudeste,84.97,6.58,19.0,71.17,81.4747,0.0926,10.3047,False,1.7603
2203404,Dom Expedito Lopes,PI,Nordeste,76.47,9.77,18.0,77.98,82.9389,0.0977,4.9589,False,1.7589
2611903,Rio Formoso,PE,Nordeste,90.91,3.9,19.0,80.0,84.8803,0.0924,4.8803,False,1.7554
3153707,Quartel Geral,MG,Sudeste,63.57,21.6,9.0,54.49,71.317,0.1949,16.827,False,1.7542
2403756,Fernando Pedroza,RN,Nordeste,58.82,23.4,7.0,47.13,51.1184,0.2505,3.9884,False,1.7536
1717503,Pium,TO,Norte,43.1,12.21,42.0,37.45,45.3778,0.0417,7.9278,False,1.7531
2514404,São José de Espinharas,PB,Nordeste,44.8,14.24,27.0,64.04,51.5351,0.0649,-12.5049,False,1.7512
3515152,Engenheiro Coelho,SP,Sudeste,47.86,7.31,112.0,62.04,66.7582,0.0156,4.7182,False,1.7469
2406007,José da Penha,RN,Nordeste,49.96,15.12,24.0,55.7,59.2307,0.0728,3.5307,False,1.7462
4213104,Piratuba,SC,Sul,84.0,8.71,14.0,80.0,79.3367,0.1246,-0.6633,False,1.7446
3505203,Bariri,SP,Sudeste,72.3,5.51,77.0,69.69,77.921,0.0226,8.231,False,1.7414
3131406,Ipiaçu,MG,Sudeste,76.42,13.51,10.0,76.62,72.0776,0.174,-4.5424,False,1.7399
4125803,São Pedro do Ivaí,PR,Sul,85.67,8.22,12.0,80.0,76.2519,0.145,-3.7481,False,1.7396
3125309,Faria Lemos,MG,Sudeste,69.23,25.09,5.0,29.78,61.5093,0.3477,31.7293,False,1.7386
4208203,Itajaí,SC,Sul,54.24,2.23,1579.0,,58.8192,0.0011,,False,1.7368
2102077,Bom Lugar,MA,Nordeste,95.28,4.04,5.0,80.0,73.2835,0.347,-6.7165,True,1.7348
3120102,Couto de Magalhães de Minas,MG,Sudeste,77.49,11.68,11.0,58.72,72.9586,0.1572,14.2386,False,1.7288
3155405,Rio Novo,MG,Sudeste,65.45,9.89,36.0,51.94,65.2761,0.0479,13.3361,False,1.7256
3136900,Juruaia,MG,Sudeste,82.69,6.79,23.0,78.94,80.7209,0.0745,1.7809,False,1.7142
3120805,Cruzília,MG,Sudeste,75.31,9.19,22.0,80.0,76.7626,0.0779,-3.2374,False,1.7131
2301505,Arneiroz,CE,Nordeste,76.0,11.84,12.0,75.58,71.9091,0.1427,-3.6709,False,1.7129
2806909,São Francisco,SE,Nordeste,81.25,19.13,3.0,48.68,66.3862,0.5698,17.7062,False,1.7094
2207793,Pau D'Arco do Piauí,PI,Nordeste,51.85,18.85,14.0,80.0,64.6859,0.1221,-15.3141,False,1.7094
2310852,Pindoretama,CE,Nordeste,88.63,3.77,32.0,80.0,87.5629,0.0534,7.5629,False,1.7093
3112653,Capitão Andrade,MG,Sudeste,77.03,12.52,11.0,52.99,67.8662,0.1552,14.8762,False,1.707
2414159,Tenente Laurentino Cruz,RN,Nordeste,37.19,13.12,37.0,56.03,47.4106,0.0461,-8.6194,False,1.7069
5003900,Figueirão,MS,Centro-Oeste,86.43,10.13,7.0,65.55,77.4227,0.2437,11.8727,False,1.7056
1720002,Santa Terezinha do Tocantins,TO,Norte,57.14,14.97,19.0,63.88,61.0727,0.0897,-2.8073,False,1.7041
4103040,Boa Ventura de São Roque,PR,Sul,60.49,11.94,29.0,76.36,71.3648,0.0587,-4.9952,False,1.7027
1710904,Itapiratins,TO,Norte,53.56,14.57,22.0,48.92,55.5552,0.0773,6.6352,False,1.7006
2510501,Olivedos,PB,Nordeste,41.58,14.26,29.0,62.67,58.5702,0.0585,-4.0998,False,1.6977
3520004,Igaraçu do Tietê,SP,Sudeste,77.29,5.7,50.0,72.17,81.385,0.034,9.215,False,1.6975
3527603,Luís Antônio,SP,Sudeste,43.03,8.78,75.0,53.79,61.9507,0.0226,8.1607,False,1.6955
3169000,Tocantins,MG,Sudeste,71.46,7.16,48.0,65.42,78.2364,0.0353,12.8164,False,1.6943
2500734,Amparo,PB,Nordeste,41.81,17.98,18.0,80.0,51.5424,0.094,-28.4576,True,1.6929
4304655,Capão do Cipó,RS,Sul,71.78,19.18,7.0,80.0,48.8037,0.2417,-31.1963,True,1.692
2606903,Iguaraci,PE,Nordeste,83.67,8.46,13.0,74.87,82.113,0.13,7.243,False,1.6896
3131505,Ipuiúna,MG,Sudeste,63.84,10.95,29.0,61.72,73.3799,0.0582,11.6599,False,1.6889
2900108,Abaíra,BA,Nordeste,42.42,16.86,19.0,48.51,40.5694,0.0889,-7.9406,False,1.6886
1200302,Feijó,AC,Norte,53.34,7.46,97.0,58.48,63.6329,0.0174,5.1529,False,1.6885
3128253,Guaraciama,MG,Sudeste,80.71,10.74,12.0,54.13,68.8839,0.14,14.7539,False,1.6799
2409209,Passagem,RN,Nordeste,50.69,20.05,16.0,57.99,37.0515,0.1047,-20.9385,True,1.6753
1720853,Sucupira,TO,Norte,58.99,17.89,12.0,78.3,62.4031,0.1394,-15.8969,False,1.6731
4219408,Witmarsum,SC,Sul,77.27,12.38,12.0,79.97,76.4747,0.1392,-3.4953,False,1.6702
3147303,Paraisópolis,MG,Sudeste,81.68,5.51,37.0,67.01,81.7555,0.0451,14.7455,False,1.668
4313490,Novo Barreiro,RS,Sul,37.04,19.28,17.0,67.87,56.5549,0.098,-11.3151,False,1.6665
2111250,São José dos Basílios,MA,Nordeste,56.16,11.38,32.0,27.58,59.4284,0.052,31.8484,False,1.6647
3117900,Congonhal,MG,Sudeste,83.45,6.8,21.0,75.46,77.2179,0.0793,1.7579,False,1.6645
4315354,Quinze de Novembro,RS,Sul,85.05,13.5,4.0,72.39,71.4096,0.4159,-0.9804,False,1.6636
2700201,Anadia,AL,Nordeste,45.26,7.97,88.0,62.12,48.2296,0.0189,-13.8904,True,1.6633
2927101,Rodelas,BA,Nordeste,26.35,7.1,109.0,38.79,35.5043,0.0152,-3.2857,False,1.6605
2210300,São Julião,PI,Nordeste,87.93,8.38,7.0,80.0,73.84,0.2369,-6.16,False,1.6581
5217203,Piranhas,GO,Centro-Oeste,68.66,8.44,39.0,78.66,79.8967,0.0424,1.2367,False,1.6552
4310702,Itatiba do Sul,RS,Sul,36.84,21.69,13.0,80.0,58.9828,0.1273,-21.0172,False,1.6551
3203809,Muqui,ES,Sudeste,75.57,7.14,35.0,68.8,83.7999,0.0473,14.9999,False,1.6538
4202875,Brunópolis,SC,Sul,68.75,22.71,5.0,70.92,67.6324,0.3304,-3.2876,False,1.6518
3165305,São Vicente de Minas,MG,Sudeste,81.64,9.04,14.0,66.57,82.7642,0.1179,16.1942,False,1.6501
4113759,Lunardelli,PR,Sul,70.41,12.17,17.0,64.81,70.4333,0.097,5.6233,False,1.6498
4316972,Santa Margarida do Sul,RS,Sul,25.74,14.49,27.0,54.43,57.9471,0.0611,3.5171,False,1.6493
2515971,Sobrado,PB,Nordeste,40.74,18.53,16.0,66.5,62.834,0.1031,-3.666,False,1.6492
2206704,Nazaré do Piauí,PI,Nordeste,38.99,13.79,31.0,57.65,54.1903,0.0531,-3.4597,False,1.6456
2402907,Coronel João Pessoa,RN,Nordeste,47.82,15.51,24.0,39.35,55.142,0.0685,15.792,False,1.645
5203500,Bom Jesus de Goiás,GO,Centro-Oeste,81.51,4.63,52.0,77.02,84.8321,0.0316,7.8121,False,1.6433
3202702,Itaguaçu,ES,Sudeste,88.0,5.71,17.0,75.79,85.2874,0.0967,9.4974,False,1.6431
2210706,Simões,PI,Nordeste,86.04,4.98,29.0,72.14,84.8384,0.0566,12.6984,False,1.6424
2307601,Limoeiro do Norte,CE,Nordeste,89.64,2.62,59.0,80.0,89.2673,0.0278,9.2673,False,1.638
3549409,São Joaquim da Barra,SP,Sudeste,50.24,9.28,63.0,56.67,60.4004,0.026,3.7304,False,1.6357
5216403,Paraúna,GO,Centro-Oeste,67.87,7.56,52.0,67.71,81.8705,0.0314,14.1605,False,1.6342
4314308,Pejuçara,RS,Sul,62.5,16.77,12.0,67.47,61.8309,0.1361,-5.6391,False,1.6338
2301109,Aracati,CE,Nordeste,91.16,1.91,76.0,80.0,91.97,0.0214,11.97,False,1.629
2205458,Joca Marques,PI,Nordeste,43.8,14.49,27.0,51.39,56.9194,0.0602,5.5294,False,1.6265
1506104,Primavera,PA,Norte,49.95,8.51,73.0,59.06,59.0674,0.0222,0.0074,False,1.6223
2929370,São José do Jacuípe,BA,Nordeste,28.41,9.42,63.0,38.7,35.1355,0.0257,-3.5645,False,1.621
4307864,Fagundes Varela,RS,Sul,69.23,17.74,10.0,80.0,58.7321,0.1619,-21.2679,True,1.6195
3200169,Água Doce do Norte,ES,Sudeste,81.69,6.15,30.0,78.13,81.9492,0.054,3.8192,False,1.619
1100031,Cabixi,RO,Norte,75.9,9.7,20.0,72.53,75.1351,0.0809,2.6051,False,1.6189
3525706,José Bonifácio,SP,Sudeste,54.93,8.09,69.0,63.69,72.2169,0.0234,8.5269,False,1.6157
4310579,Itapuca,RS,Sul,76.47,20.16,4.0,80.0,56.9472,0.4036,-23.0528,True,1.6145
1502608,Colares,PA,Norte,37.21,9.63,65.0,62.76,47.8774,0.0248,-14.8826,True,1.611
2209955,São João da Varjota,PI,Nordeste,86.96,13.76,3.0,62.25,81.9474,0.5367,19.6974,False,1.6101
3501152,Alumínio,SP,Sudeste,53.68,7.14,95.0,58.78,65.0152,0.0169,6.2352,False,1.609
4123709,Santa Isabel do Ivaí,PR,Sul,75.12,8.19,32.0,80.0,73.7851,0.0503,-6.2149,False,1.6089
4210852,Mirim Doce,SC,Sul,74.07,16.53,9.0,52.06,71.5562,0.1782,19.4962,False,1.6041
2207553,Paquetá,PI,Nordeste,49.8,16.82,18.0,80.0,53.5814,0.0891,-26.4186,True,1.6033
4107751,Figueira,PR,Sul,77.79,8.42,22.0,80.0,82.2454,0.0729,2.2454,False,1.6031
3171600,Virgem da Lapa,MG,Sudeste,85.12,8.13,12.0,59.86,80.3248,0.1334,20.4648,False,1.6005
3104502,Arinos,MG,Sudeste,46.87,9.56,64.0,56.48,58.9605,0.025,2.4805,False,1.5994
5210406,Itaberaí,GO,Centro-Oeste,81.22,3.37,103.0,79.26,83.442,0.0155,4.182,False,1.5968
2105658,Junco do Maranhão,MA,Nordeste,67.85,9.82,30.0,80.0,64.9547,0.0532,-15.0453,True,1.5962
2700706,Batalha,AL,Nordeste,45.95,8.09,82.0,47.38,56.7065,0.0194,9.3265,False,1.5944
3104106,Arceburgo,MG,Sudeste,82.66,10.24,10.0,80.0,85.2627,0.1592,5.2627,False,1.5918
4120200,Porto Rico,PR,Sul,71.94,11.68,19.0,66.77,74.21,0.0837,7.44,False,1.59
3121407,Desterro de Entre Rios,MG,Sudeste,79.94,10.57,13.0,80.0,82.6589,0.1223,2.6589,False,1.5898
3554904,Três Fronteiras,SP,Sudeste,69.58,10.36,24.0,80.0,75.5709,0.0662,-4.4291,False,1.5891
2406403,Lagoa de Velhos,RN,Nordeste,29.67,17.25,24.0,53.89,37.7303,0.0662,-16.1597,False,1.5882
5214606,Niquelândia,GO,Centro-Oeste,80.22,4.32,67.0,75.04,86.0072,0.0237,10.9672,False,1.5872
3519808,Icém,SP,Sudeste,81.32,10.98,11.0,75.39,72.897,0.1439,-2.493,False,1.5833
4214300,Rancho Queimado,SC,Sul,80.38,15.33,6.0,74.97,74.253,0.2633,-0.717,False,1.58
2307205,Jati,CE,Nordeste,77.45,8.5,22.0,76.08,77.2148,0.0717,1.1348,False,1.5778
3524808,Jales,SP,Sudeste,70.53,4.56,120.0,63.39,77.6092,0.0131,14.2192,False,1.5775
5004403,Inocência,MS,Centro-Oeste,51.71,8.87,59.0,47.77,64.9447,0.0267,17.1747,False,1.5768
4116307,Munhoz de Melo,PR,Sul,80.0,10.13,13.0,61.98,76.0301,0.121,14.0501,False,1.5733
1720150,São Félix do Tocantins,TO,Norte,61.9,20.77,8.0,80.0,51.3176,0.1965,-28.6824,True,1.5716
3158508,Santana de Pirapama,MG,Sudeste,64.48,15.49,14.0,55.99,82.8006,0.1121,26.8106,False,1.5697
3526001,Junqueirópolis,SP,Sudeste,80.44,5.65,39.0,77.85,82.8919,0.0402,5.0419,False,1.5662
2200954,Aroeiras do Itaim,PI,Nordeste,80.95,16.8,4.0,62.04,68.3524,0.3907,6.3124,False,1.5629
2411601,São Bento do Norte,RN,Nordeste,32.17,12.25,41.0,65.01,43.3546,0.0381,-21.6554,True,1.5626
3162609,São João do Oriente,MG,Sudeste,67.67,10.59,26.0,80.0,73.4314,0.0597,-6.5686,False,1.5511
3130200,Igaratinga,MG,Sudeste,79.47,7.06,30.0,72.39,81.1575,0.0517,8.7675,False,1.55
3129103,Gurinhatã,MG,Sudeste,86.09,10.33,6.0,77.84,84.278,0.2578,6.438,False,1.5468
2702009,Coité do Nóia,AL,Nordeste,77.22,8.37,23.0,76.49,79.0548,0.0672,2.5648,False,1.5447
2505238,Cuité de Mamanguape,PB,Nordeste,22.19,10.11,65.0,24.09,46.4198,0.0238,22.3298,False,1.5442
2105963,Lagoa Grande do Maranhão,MA,Nordeste,97.12,3.21,3.0,80.0,74.7625,0.5147,-5.2375,True,1.544
2504074,Caraúbas,PB,Nordeste,87.83,9.98,5.0,58.68,82.3594,0.3086,23.6794,False,1.5431
2202251,Canavieira,PI,Nordeste,86.82,10.75,5.0,60.25,76.9938,0.3085,16.7438,False,1.5427
2929800,Saúde,BA,Nordeste,20.73,8.77,65.0,30.12,29.7186,0.0237,-0.4014,False,1.54
4315206,Putinga,RS,Sul,82.77,13.74,5.0,80.0,70.7294,0.3079,-9.2706,False,1.5393
2407906,Monte das Gameleiras,RN,Nordeste,32.91,16.63,23.0,47.55,43.3975,0.0669,-4.1525,False,1.5392
3524501,Jaci,SP,Sudeste,68.06,9.23,34.0,63.73,80.7297,0.0453,16.9997,False,1.5391
2208551,Porto Alegre do Piauí,PI,Nordeste,64.29,14.49,15.0,75.73,71.1629,0.1025,-4.5671,False,1.5371
3504206,Auriflama,SP,Sudeste,77.87,8.17,25.0,72.2,78.6597,0.0614,6.4597,False,1.5351
3512902,Cosmorama,SP,Sudeste,56.46,11.79,34.0,80.0,69.108,0.0451,-10.892,False,1.5326
3511300,Cedral,SP,Sudeste,55.73,8.15,72.0,75.09,77.8677,0.0212,2.7777,False,1.5268
5210109,Ipameri,GO,Centro-Oeste,74.12,5.27,71.0,69.21,74.4179,0.0215,5.2079,False,1.5252
3150000,Pescador,MG,Sudeste,77.62,10.72,14.0,80.0,74.3323,0.1089,-5.6677,False,1.5251
3525854,Jumirim,SP,Sudeste,50.81,15.34,23.0,77.47,65.5381,0.0663,-11.9319,False,1.5246
3506201,Bento de Abreu,SP,Sudeste,84.11,12.76,6.0,80.0,79.5786,0.254,-0.4214,False,1.5241
4308706,Gaurama,RS,Sul,74.72,12.39,12.0,79.16,70.9637,0.1269,-8.1963,False,1.523
4302253,Boa Vista do Sul,RS,Sul,75.0,17.32,7.0,75.37,69.7819,0.2174,-5.5881,False,1.5219
3201001,Boa Esperança,ES,Sudeste,84.91,5.34,27.0,77.67,84.217,0.0563,6.547,False,1.5212
4111555,Ivaté,PR,Sul,77.24,9.02,21.0,80.0,73.4378,0.0723,-6.5622,False,1.5178
3545506,Sandovalina,SP,Sudeste,89.83,8.45,5.0,79.36,81.317,0.3032,1.957,False,1.5159
4123204,Santa Cecília do Pavão,PR,Sul,80.11,13.2,8.0,80.0,68.3398,0.1894,-11.6602,False,1.5152
4109906,Icaraíma,PR,Sul,51.78,9.6,55.0,75.32,62.8004,0.0275,-12.5196,True,1.5141
3557204,Chavantes,SP,Sudeste,51.58,9.27,63.0,51.19,68.4297,0.024,17.2397,False,1.5135
5103361,Conquista D'Oeste,MT,Centro-Oeste,69.47,11.8,20.0,53.29,67.7428,0.0755,14.4528,False,1.5099
3171105,Veríssimo,MG,Sudeste,77.1,14.07,9.0,77.6,74.0782,0.1674,-3.5218,False,1.5066
3155702,Rio Piracicaba,MG,Sudeste,76.96,7.93,26.0,77.9,80.3752,0.0579,2.4752,False,1.5065
4125456,São José das Palmeiras,PR,Sul,74.36,11.59,16.0,80.0,76.8312,0.0941,-3.1688,False,1.5061
3146255,Padre Carvalho,MG,Sudeste,64.76,13.81,17.0,57.76,73.1901,0.0886,15.4301,False,1.506
3169703,Turmalina,MG,Sudeste,73.78,9.68,22.0,62.45,84.068,0.0683,21.618,False,1.5026
4321832,Três Forquilhas,RS,Sul,40.0,30.36,6.0,47.33,56.8067,0.2501,9.4767,False,1.5004
4107108,Diamante do Norte,PR,Sul,78.27,10.86,14.0,75.14,77.9226,0.107,2.7826,False,1.498
4202503,Bom Jardim da Serra,SC,Sul,28.74,16.8,26.0,53.12,47.3516,0.0575,-5.7684,False,1.4956
2405108,Jandaíra,RN,Nordeste,29.9,13.71,37.0,45.15,35.9592,0.0404,-9.1908,False,1.4952
4214904,Rio Fortuna,SC,Sul,68.77,11.41,23.0,78.84,71.6956,0.0648,-7.1444,False,1.4907
5221601,Uruaçu,GO,Centro-Oeste,77.12,4.71,71.0,72.67,84.0809,0.021,11.4109,False,1.4883
4303673,Campestre da Serra,RS,Sul,80.79,16.91,5.0,80.0,66.7764,0.2968,-13.2236,False,1.4841
2202075,Cajazeiras do Piauí,PI,Nordeste,75.0,17.32,6.0,80.0,66.8227,0.2473,-13.1773,False,1.4839
2203230,Currais,PI,Nordeste,92.51,8.16,3.0,80.0,78.1574,0.4943,-1.8426,False,1.4829
4310652,Itati,RS,Sul,71.43,19.53,6.0,57.95,53.3757,0.2466,-4.5743,False,1.4794
5000856,Angélica,MS,Centro-Oeste,86.52,5.13,23.0,80.0,83.8316,0.0642,3.8316,False,1.4755
3115474,Catuti,MG,Sudeste,75.75,11.12,14.0,67.33,76.116,0.1054,8.786,False,1.4751
3122405,Divisa Nova,MG,Sudeste,67.64,10.49,27.0,69.33,74.4476,0.0546,5.1176,False,1.4747
3137205,Lagoa da Prata,MG,Sudeste,79.89,4.34,68.0,74.86,82.7233,0.0217,7.8633,False,1.474
5218300,Posse,GO,Centro-Oeste,80.94,3.88,77.0,77.31,85.277,0.0191,7.967,False,1.4737
3550803,São Sebastião da Grama,SP,Sudeste,68.66,9.2,34.0,69.66,78.4266,0.0432,8.7666,False,1.4688
2205516,Juazeiro do Piauí,PI,Nordeste,71.44,13.62,13.0,72.26,80.937,0.1128,8.677,False,1.4665
4107256,Douradina,PR,Sul,68.96,8.66,35.0,59.98,67.8411,0.0419,7.8611,False,1.4648
5203906,Buriti Alegre,GO,Centro-Oeste,64.93,8.98,42.0,72.48,69.035,0.0349,-3.445,False,1.4638
2305803,Ipu,CE,Nordeste,86.66,3.17,59.0,80.0,86.1042,0.0247,6.1042,False,1.4583
3555604,Uchoa,SP,Sudeste,87.56,6.6,14.0,56.14,80.1818,0.104,24.0418,False,1.4561
3503109,Arandu,SP,Sudeste,56.61,10.84,39.0,62.64,69.7679,0.0373,7.1279,False,1.4546
3108305,Borda da Mata,MG,Sudeste,81.2,6.53,27.0,70.17,80.1472,0.0539,9.9772,False,1.4543
4302378,Bom Progresso,RS,Sul,71.43,23.66,5.0,64.01,44.1598,0.2907,-19.8502,False,1.4535
4211306,Navegantes,SC,Sul,53.39,3.93,761.0,,54.628,0.0019,,False,1.4527
3165206,São Thomé das Letras,MG,Sudeste,88.26,8.16,8.0,80.0,80.0183,0.1813,0.0183,False,1.4503
3162203,São João Batista do Glória,MG,Sudeste,84.26,7.59,15.0,80.0,82.652,0.0965,2.652,False,1.4475
1718402,Presidente Kennedy,TO,Norte,57.83,14.44,22.0,72.77,58.2889,0.0657,-14.4811,True,1.4457
3507902,Brotas,SP,Sudeste,56.01,6.62,97.0,67.77,70.4697,0.0149,2.6997,False,1.445
2410702,Riacho da Cruz,RN,Nordeste,37.5,23.72,12.0,40.4,39.2654,0.1204,-1.1346,False,1.4444
3527405,Lucélia,SP,Sudeste,68.26,7.42,50.0,69.5,74.7857,0.0289,5.2857,False,1.4429
4315156,Progresso,RS,Sul,64.77,21.1,8.0,78.88,57.2627,0.18,-21.6173,True,1.4397
4219176,Vargem Bonita,SC,Sul,67.68,11.77,22.0,69.31,72.851,0.0654,3.541,False,1.4395
2709301,União dos Palmares,AL,Nordeste,94.75,1.74,34.0,80.0,83.8906,0.0423,3.8906,False,1.4371
4200507,Águas de Chapecó,SC,Sul,75.75,16.92,7.0,74.65,69.5252,0.2051,-5.1248,False,1.4359
3121258,Delta,MG,Sudeste,47.78,9.36,65.0,60.45,60.9397,0.022,0.4897,False,1.4313
2512606,Quixabá,PB,Nordeste,45.45,20.81,13.0,72.62,62.363,0.11,-10.257,False,1.4302
3171501,Mathias Lobato,MG,Sudeste,67.61,13.98,16.0,60.84,67.9982,0.0893,7.1582,False,1.4288
2210631,Sebastião Leal,PI,Nordeste,76.83,11.49,13.0,80.0,80.3216,0.1099,0.3216,False,1.4283
1100262,Rio Crespo,RO,Norte,62.81,12.04,25.0,80.0,64.971,0.0568,-15.029,True,1.421
3145356,Novo Oriente de Minas,MG,Sudeste,62.37,11.94,24.0,56.26,69.8826,0.0592,13.6226,False,1.4203
3521309,Ipuã,SP,Sudeste,63.8,7.91,54.0,77.95,78.828,0.0263,0.878,False,1.4188
5103809,Figueirópolis D'Oeste,MT,Centro-Oeste,58.79,16.08,17.0,80.0,71.9575,0.0834,-8.0425,False,1.4175
2508000,Juru,PB,Nordeste,47.76,10.83,44.0,70.5,60.9161,0.0322,-9.5839,False,1.4174
4112959,Juranda,PR,Sul,63.51,11.41,28.0,66.35,68.0915,0.0506,1.7415,False,1.4165
4219150,Vargem,SC,Sul,69.58,18.68,10.0,80.0,68.5136,0.1416,-11.4864,False,1.4163
2205151,Jacobina do Piauí,PI,Nordeste,84.31,9.98,8.0,80.0,80.2948,0.1769,0.2948,False,1.4153
2615706,Triunfo,PE,Nordeste,80.62,6.69,27.0,80.0,78.6709,0.0524,-1.3291,False,1.4145
3505005,Barão de Antonina,SP,Sudeste,64.23,14.97,16.0,70.18,80.4115,0.0883,10.2315,False,1.4134
3519501,Ibirarema,SP,Sudeste,71.85,10.92,21.0,80.0,81.451,0.0671,1.451,False,1.4091
3556107,Valentim Gentil,SP,Sudeste,85.95,5.87,21.0,71.2,81.207,0.067,10.007,False,1.4077
5211305,Itarumã,GO,Centro-Oeste,83.26,8.64,12.0,77.69,78.2585,0.1161,0.5685,False,1.3936
3515186,Espírito Santo do Pinhal,SP,Sudeste,61.16,7.7,66.0,70.09,73.7618,0.0211,3.6718,False,1.3931
2930808,Souto Soares,BA,Nordeste,31.82,7.95,90.0,40.85,34.0745,0.0154,-6.7755,False,1.3897
3535309,Palmital,SP,Sudeste,60.65,7.36,72.0,57.31,74.4652,0.0193,17.1552,False,1.3883
5208400,Goianápolis,GO,Centro-Oeste,68.01,6.9,64.0,76.1,77.9533,0.0217,1.8533,False,1.3863
2413201,Senador Georgino Avelino,RN,Nordeste,27.45,12.25,45.0,39.38,48.3307,0.0308,8.9507,False,1.3846
2208601,Prata do Piauí,PI,Nordeste,47.92,13.85,27.0,29.23,59.7245,0.0513,30.4945,False,1.3841
1301951,Itamarati,AM,Norte,82.24,7.27,20.0,73.55,85.0853,0.0692,11.5353,False,1.3836
5209101,Goiatuba,GO,Centro-Oeste,77.63,4.1,91.0,71.92,81.0153,0.0152,9.0953,False,1.3806
2506251,Gado Bravo,PB,Nordeste,70.71,17.12,8.0,78.77,75.7251,0.1725,-3.0449,False,1.3803
3163508,São José do Jacuri,MG,Sudeste,81.45,10.44,11.0,63.35,72.1248,0.1255,8.7748,False,1.38
2919108,Lamarão,BA,Nordeste,19.57,11.46,37.0,37.8,25.6971,0.0373,-12.1029,True,1.3798
4110508,Ipiranga,PR,Sul,82.27,5.41,36.0,80.0,81.8861,0.0383,1.8861,False,1.3796
2405504,Jardim de Angicos,RN,Nordeste,31.59,14.78,31.0,31.95,38.3884,0.0445,6.4384,False,1.378
2415008,Vila Flor,RN,Nordeste,39.04,13.55,38.0,34.93,36.6117,0.0363,1.6817,False,1.3776
3155801,Rio Pomba,MG,Sudeste,78.54,6.82,34.0,70.01,82.4955,0.0405,12.4855,False,1.3773
5204904,Campos Belos,GO,Centro-Oeste,75.74,5.72,58.0,69.95,74.8976,0.0237,4.9476,False,1.3766
3509304,Cajobi,SP,Sudeste,60.42,9.8,40.0,67.31,78.0964,0.0344,10.7864,False,1.3755
2703700,Jaramataia,AL,Nordeste,40.28,12.21,38.0,49.67,47.6909,0.0362,-1.9791,False,1.3743
2512804,Riacho dos Cavalos,PB,Nordeste,44.21,13.04,35.0,72.59,59.4708,0.0393,-13.1192,True,1.3743
3103603,Arantina,MG,Sudeste,57.1,18.34,15.0,76.51,68.9645,0.0914,-7.5455,False,1.3707
3148509,Pavão,MG,Sudeste,81.41,11.63,8.0,80.0,73.4978,0.1708,-6.5022,False,1.3666
4212239,Paraíso,SC,Sul,83.86,12.96,6.0,80.0,71.683,0.2274,-8.317,False,1.3646
4312138,Mato Castelhano,RS,Sul,38.71,18.08,19.0,77.53,53.5011,0.0717,-24.0289,True,1.3631
3114105,Carmo de Minas,MG,Sudeste,71.03,8.19,35.0,64.19,67.5347,0.0389,3.3447,False,1.3623
1702158,Araguanã,TO,Norte,37.8,11.96,43.0,50.95,59.6292,0.0316,8.6792,False,1.3573
4122909,Salto do Itararé,PR,Sul,73.63,11.15,17.0,69.49,75.6631,0.0796,6.1731,False,1.3539
3148400,Paulistas,MG,Sudeste,90.15,9.21,5.0,73.38,71.2071,0.2707,-2.1729,False,1.3536
2208908,Ribeiro Gonçalves,PI,Nordeste,85.24,7.15,14.0,80.0,83.491,0.0964,3.491,False,1.35
3124302,Espinosa,MG,Sudeste,62.4,9.11,43.0,69.31,69.4051,0.0314,0.0951,False,1.3482
3137403,Lagoa Dourada,MG,Sudeste,87.25,5.83,18.0,69.09,82.5308,0.0749,13.4408,False,1.348
2807303,Telha,SE,Nordeste,42.45,15.74,22.0,32.81,55.3641,0.0613,22.5541,False,1.3476
2106375,Maranhãozinho,MA,Nordeste,97.62,2.66,3.0,77.48,73.4523,0.4475,-4.0277,True,1.3425
1721307,Tupiratins,TO,Norte,53.85,19.16,12.0,40.4,57.4329,0.1116,17.0329,False,1.3397
4202537,Bom Jesus,SC,Sul,55.5,15.44,20.0,69.59,62.7934,0.0669,-6.7966,False,1.3378
3153608,Prudente de Morais,MG,Sudeste,60.97,10.43,34.0,61.77,76.3692,0.0393,14.5992,False,1.3374
1505601,Peixe-Boi,PA,Norte,84.32,8.52,12.0,62.33,80.4924,0.1114,18.1624,False,1.3369
3127305,Galiléia,MG,Sudeste,62.07,11.64,28.0,57.88,70.9177,0.0477,13.0377,False,1.3362
3544301,Roseira,SP,Sudeste,67.2,8.18,47.0,68.86,72.4755,0.0284,3.6155,False,1.3356
2922854,Nova Redenção,BA,Nordeste,27.03,14.31,27.0,46.37,36.4862,0.0494,-9.8838,False,1.334
3535101,Palmares Paulista,SP,Sudeste,77.46,8.29,23.0,80.0,83.0078,0.0579,3.0078,False,1.3317
1704600,Chapada de Areia,TO,Norte,6.25,11.86,20.0,59.77,31.7325,0.0666,-28.0375,True,1.3312
4120309,Porto Vitória,PR,Sul,75.0,13.42,10.0,80.0,71.1685,0.1331,-8.8315,False,1.331
4303301,Caibaté,RS,Sul,63.08,19.26,9.0,80.0,60.2082,0.1477,-19.7918,True,1.3293
3555356,Ubarana,SP,Sudeste,74.44,10.23,18.0,66.93,80.693,0.0738,13.763,False,1.3291
4124004,Santana do Itararé,PR,Sul,54.45,13.17,30.0,78.78,64.1834,0.0443,-14.5966,True,1.3282
3523602,Itirapina,SP,Sudeste,69.9,7.12,51.0,65.91,79.8829,0.026,13.9729,False,1.3247
1701101,Aparecida do Rio Negro,TO,Norte,35.79,11.36,53.0,44.85,38.9152,0.025,-5.9348,False,1.3241
3146552,Pai Pedro,MG,Sudeste,76.4,11.19,13.0,68.17,79.8671,0.1016,11.6971,False,1.3204
2405900,João Dias,RN,Nordeste,38.89,22.52,13.0,57.1,36.9281,0.1014,-20.1719,False,1.3177
1703305,Bom Jesus do Tocantins,TO,Norte,28.55,11.5,44.0,41.43,46.8409,0.0299,5.4109,False,1.3139
2202851,Coronel José Dias,PI,Nordeste,61.36,14.39,17.0,67.26,74.4133,0.0773,7.1533,False,1.3134
2301950,Barreira,CE,Nordeste,91.15,3.19,27.0,80.0,91.4841,0.0486,11.4841,False,1.3125
3156007,Rio Vermelho,MG,Sudeste,59.91,11.63,31.0,55.47,74.0146,0.0423,18.5446,False,1.3122
4312443,Morrinhos do Sul,RS,Sul,75.0,21.22,5.0,80.0,52.6937,0.2623,-27.3063,True,1.3117
3503604,Areiópolis,SP,Sudeste,75.02,7.4,34.0,74.69,79.0765,0.0386,4.3865,False,1.3109
4322855,Vespasiano Correa,RS,Sul,46.67,25.25,9.0,80.0,59.0366,0.1455,-20.9634,False,1.3097
4215307,Salete,SC,Sul,68.24,10.04,31.0,78.59,74.9334,0.0422,-3.6566,False,1.3079
3140530,Martins Soares,MG,Sudeste,83.68,7.56,17.0,77.58,77.0652,0.0769,-0.5148,False,1.3067
2302800,Canindé,CE,Nordeste,95.0,1.51,41.0,80.0,94.8571,0.0319,14.8571,False,1.3062
4208708,Jacinto Machado,SC,Sul,70.15,8.82,39.0,61.83,71.7654,0.0334,9.9354,False,1.3018
5101001,Araguaiana,MT,Centro-Oeste,91.54,9.15,3.0,80.0,70.3273,0.4331,-9.6727,True,1.2993
2605004,Cupira,PE,Nordeste,88.96,3.61,33.0,78.56,81.4831,0.0393,2.9231,False,1.2977
4117008,Nova Fátima,PR,Sul,79.66,9.51,15.0,80.0,75.4268,0.0865,-4.5732,False,1.2969
3102902,Antônio Carlos,MG,Sudeste,71.36,11.58,18.0,78.61,80.6653,0.072,2.0553,False,1.2965
3511409,Cerqueira César,SP,Sudeste,39.99,6.26,151.0,55.58,62.0857,0.0086,6.5057,False,1.2964
4127957,Tupãssi,PR,Sul,79.05,8.16,22.0,73.61,77.2307,0.0589,3.6207,False,1.2963
3165404,Sapucaí-Mirim,MG,Sudeste,75.08,10.33,20.0,61.77,79.837,0.0646,18.067,False,1.2927
3117405,Conceição de Ipanema,MG,Sudeste,74.9,17.4,7.0,80.0,67.9381,0.1845,-12.0619,False,1.2912
2707008,Pindoba,AL,Nordeste,48.15,18.85,14.0,43.99,51.0481,0.0917,7.0581,False,1.2842
4112207,Janiópolis,PR,Sul,77.29,10.91,14.0,80.0,77.3223,0.0917,-2.6777,False,1.2837
4107157,Diamante D'Oeste,PR,Sul,74.32,9.97,22.0,71.27,70.0517,0.0583,-1.2183,False,1.2823
2200202,Água Branca,PI,Nordeste,91.98,3.89,15.0,80.0,87.5281,0.0854,7.5281,False,1.2812
3540804,Potirendaba,SP,Sudeste,62.55,6.82,84.0,66.98,70.3906,0.0152,3.4106,False,1.2807
4117255,Nova Prata do Iguaçu,PR,Sul,72.82,7.58,38.0,80.0,77.9094,0.0336,-2.0906,False,1.277
4322343,Ubiretama,RS,Sul,55.56,32.46,4.0,80.0,49.3233,0.3191,-30.6767,False,1.2763
3557303,Estiva Gerbi,SP,Sudeste,51.48,10.76,53.0,56.38,60.8466,0.024,4.4666,False,1.2746
3161007,São Domingos do Prata,MG,Sudeste,84.27,6.5,21.0,72.5,82.5155,0.0607,10.0155,False,1.274
3205069,Venda Nova do Imigrante,ES,Sudeste,82.22,6.33,27.0,80.0,85.453,0.0471,5.453,False,1.273
2400109,Acari,RN,Nordeste,38.19,10.02,69.0,55.62,48.5547,0.0184,-7.0653,False,1.2724
2510709,Passagem,PB,Nordeste,66.67,20.16,7.0,79.66,62.0284,0.1818,-17.6316,False,1.2724
2202737,Coivaras,PI,Nordeste,94.48,5.26,4.0,78.68,86.3125,0.3171,7.6325,False,1.2682
4310330,Imbé,RS,Sul,37.48,6.1,240.0,,36.7165,0.0053,,False,1.2653
3117801,Conceição dos Ouros,MG,Sudeste,77.04,8.23,29.0,67.79,80.0034,0.0435,12.2134,False,1.261
2502151,Boa Vista,PB,Nordeste,49.48,11.51,40.0,72.18,65.285,0.0315,-6.895,False,1.2583
2306900,Jaguaribe,CE,Nordeste,89.25,3.32,36.0,80.0,87.3131,0.0349,7.3131,False,1.2571
4115002,Marilena,PR,Sul,75.36,9.16,24.0,80.0,78.8641,0.0523,-1.1359,False,1.2546
5000252,Alcinópolis,MS,Centro-Oeste,63.77,11.34,25.0,77.68,75.6391,0.0501,-2.0409,False,1.253
4306924,Engenho Velho,RS,Sul,41.18,23.4,10.0,77.83,49.5671,0.125,-28.2629,True,1.25
3157377,Santa Cruz de Salinas,MG,Sudeste,72.73,18.61,6.0,80.0,71.2615,0.2082,-8.7385,False,1.2491
3539004,Pirangi,SP,Sudeste,75.61,8.33,27.0,80.0,80.1858,0.0462,0.1858,False,1.2481
3135357,Japonvar,MG,Sudeste,60.76,15.85,15.0,76.48,68.8974,0.0831,-7.5826,False,1.2472
3533007,Nova Granada,SP,Sudeste,59.94,7.14,76.0,67.3,76.0328,0.0164,8.7328,False,1.2471
3160801,São Bento Abade,MG,Sudeste,76.67,10.7,14.0,65.33,80.1185,0.0889,14.7885,False,1.245
2300101,Abaiara,CE,Nordeste,91.49,5.64,8.0,80.0,80.2714,0.1556,0.2714,False,1.2448
2310803,Pereiro,CE,Nordeste,93.44,3.11,16.0,80.0,91.9063,0.0777,11.9063,False,1.2435
3547007,Santa Maria da Serra,SP,Sudeste,86.98,7.95,10.0,60.01,76.7546,0.1243,16.7446,False,1.2426
3203130,João Neiva,ES,Sudeste,77.27,7.4,31.0,74.37,79.4777,0.04,5.1077,False,1.2401
2513604,Santana dos Garrotes,PB,Nordeste,52.76,15.88,18.0,47.01,55.9803,0.0686,8.9703,False,1.2353
2407005,Luís Gomes,RN,Nordeste,26.59,13.36,37.0,41.52,49.5012,0.0333,7.9812,False,1.2305
2208858,Riacho Frio,PI,Nordeste,92.42,6.38,5.0,80.0,88.6762,0.2457,8.6762,False,1.2284
2803104,Itabi,SE,Nordeste,33.57,20.5,16.0,34.9,39.0583,0.0765,4.1583,False,1.224
3521101,Ipeúna,SP,Sudeste,62.62,9.53,38.0,55.59,76.7617,0.0322,21.1717,False,1.2236
5204102,Cachoeira Alta,GO,Centro-Oeste,78.35,7.1,29.0,75.28,85.1696,0.0421,9.8896,False,1.2223
1503101,Gurupá,PA,Norte,38.23,4.83,429.0,,43.4529,0.0028,,False,1.2208
2300804,Antonina do Norte,CE,Nordeste,94.51,4.68,5.0,80.0,79.1469,0.244,-0.8531,False,1.22
3537008,Pedregulho,SP,Sudeste,51.67,7.51,86.0,67.06,78.3628,0.0142,11.3028,False,1.2189
2919959,Maetinga,BA,Nordeste,47.37,15.88,20.0,67.15,45.9825,0.0608,-21.1675,True,1.215
3168507,Teixeiras,MG,Sudeste,75.96,9.94,18.0,76.85,80.8529,0.0675,4.0029,False,1.2148
4301073,Arroio do Padre,RS,Sul,18.21,16.13,21.0,80.0,43.5274,0.0577,-36.4726,True,1.2124
4114906,Marilândia do Sul,PR,Sul,85.0,6.78,18.0,74.54,77.3385,0.0673,2.7985,False,1.2116
3129905,Ibitiúra de Minas,MG,Sudeste,78.03,14.38,8.0,51.24,72.3358,0.1514,21.0958,False,1.2114
3170438,União de Minas,MG,Sudeste,72.68,15.22,11.0,74.64,72.7709,0.1101,-1.8691,False,1.2107
1716307,Pau D'Arco,TO,Norte,37.97,12.51,38.0,18.14,55.6084,0.0318,37.4684,False,1.2097
2207934,Pedro Laurentino,PI,Nordeste,47.35,20.41,13.0,50.99,54.2431,0.093,3.2531,False,1.2095
3159506,Santa Rita do Itueto,MG,Sudeste,87.19,9.4,8.0,80.0,81.8853,0.1512,1.8853,False,1.2094
3507407,Borborema,SP,Sudeste,70.83,13.27,14.0,80.0,77.2965,0.0864,-2.7035,False,1.2091
2509602,Monte Horebe,PB,Nordeste,93.4,7.22,3.0,80.0,75.9656,0.4027,-4.0344,False,1.208
5213087,Minaçu,GO,Centro-Oeste,81.42,4.64,54.0,76.96,79.6415,0.0223,2.6815,False,1.2067
3536604,Paulo de Faria,SP,Sudeste,80.89,9.79,13.0,60.02,78.5176,0.0926,18.4976,False,1.2033
4305439,Chuí,RS,Sul,21.05,18.33,17.0,59.77,51.5429,0.0706,-8.2271,False,1.1996
3552007,Silveiras,SP,Sudeste,47.27,11.72,40.0,56.9,71.1458,0.03,14.2458,False,1.1996
2702702,Feliz Deserto,AL,Nordeste,45.9,12.51,33.0,50.82,53.9303,0.0363,3.1103,False,1.1995
2704906,Mar Vermelho,AL,Nordeste,57.65,16.87,16.0,65.82,62.8269,0.0747,-2.9931,False,1.196
2414902,Viçosa,RN,Nordeste,61.9,20.77,8.0,65.79,64.7032,0.1492,-1.0868,False,1.1933
4203402,Campo Belo do Sul,SC,Sul,53.32,17.99,17.0,53.96,57.6248,0.0701,3.6648,False,1.1922
3133204,Itanhomi,MG,Sudeste,85.65,6.52,17.0,53.45,82.1259,0.0701,28.6759,False,1.192
3163003,São José da Safira,MG,Sudeste,52.71,19.46,16.0,74.82,71.1223,0.0744,-3.6977,False,1.1898
3170578,Vargem Alegre,MG,Sudeste,83.44,9.42,11.0,80.0,75.918,0.1077,-4.082,False,1.1847
4305132,Cerro Branco,RS,Sul,66.67,26.67,4.0,74.39,47.5923,0.2953,-26.7977,True,1.1811
3149101,Pedralva,MG,Sudeste,85.51,7.55,15.0,59.84,80.1911,0.0786,20.3511,False,1.1791
3156809,Sabinópolis,MG,Sudeste,60.64,14.14,19.0,53.09,72.1909,0.062,19.1009,False,1.1782
4312351,Montauri,RS,Sul,75.0,24.5,3.0,80.0,66.9629,0.3926,-13.0371,False,1.1777
4215075,Riqueza,SC,Sul,72.07,14.16,16.0,80.0,77.5385,0.0734,-2.4615,False,1.1747
4123824,Santa Lúcia,PR,Sul,85.71,10.6,7.0,79.64,77.9223,0.1677,-1.7177,False,1.1742
3505104,Barbosa,SP,Sudeste,65.05,10.9,30.0,69.69,82.1559,0.0391,12.4659,False,1.1733
4315750,Riozinho,RS,Sul,42.11,22.2,11.0,77.2,52.4622,0.1067,-24.7378,True,1.1732
2517407,Zabelê,PB,Nordeste,64.74,19.84,11.0,80.0,68.7426,0.1065,-11.2574,False,1.1712
2609105,Machados,PE,Nordeste,96.75,3.13,4.0,80.0,70.7341,0.2926,-9.2659,True,1.1704
3519055,Holambra,SP,Sudeste,62.59,7.92,58.0,65.4,78.1622,0.0202,12.7622,False,1.1697
4318614,São José do Sul,RS,Sul,37.5,23.72,11.0,80.0,50.927,0.1062,-29.073,True,1.168
4116802,Nova Cantu,PR,Sul,88.03,6.38,14.0,79.64,74.8915,0.0834,-4.7485,False,1.1674
2601300,Barra de Guabiraba,PE,Nordeste,86.54,6.56,14.0,80.0,79.002,0.0832,-0.998,False,1.1653
3549508,São José da Bela Vista,SP,Sudeste,50.38,10.9,44.0,58.14,66.6862,0.0264,8.5462,False,1.1638
3541653,Quadra,SP,Sudeste,65.39,12.27,24.0,60.22,72.653,0.0485,12.433,False,1.1629
5211800,Jaraguá,GO,Centro-Oeste,83.97,3.39,76.0,80.0,84.5681,0.0153,4.5681,False,1.1626
3553104,Taiaçu,SP,Sudeste,38.71,14.07,32.0,71.26,65.8965,0.0363,-5.3635,False,1.1624
2404903,Itaú,RN,Nordeste,51.65,17.59,16.0,61.78,57.3808,0.0725,-4.3992,False,1.1601
3550506,São Pedro do Turvo,SP,Sudeste,71.42,9.66,25.0,72.6,79.05,0.0464,6.45,False,1.1598
2306009,Iracema,CE,Nordeste,84.18,5.38,28.0,80.0,86.9638,0.0413,6.9638,False,1.1568
4306767,Eldorado do Sul,RS,Sul,28.09,5.09,329.0,,34.9549,0.0035,,False,1.155
3149903,Perdões,MG,Sudeste,79.12,6.16,37.0,73.96,81.8889,0.0312,7.9289,False,1.1544
3200706,Atilio Vivacqua,ES,Sudeste,77.5,7.77,28.0,76.22,81.3132,0.0411,5.0932,False,1.1511
3138807,Luz,MG,Sudeste,87.21,7.42,10.0,62.79,74.2368,0.115,11.4468,False,1.1504
1711100,Itaporã do Tocantins,TO,Norte,24.0,16.74,23.0,69.25,39.8848,0.05,-29.3652,True,1.1504
1710508,Itacajá,TO,Norte,41.08,14.55,28.0,66.81,49.175,0.0411,-17.635,True,1.1503
1710706,Itaguatins,TO,Norte,18.1,10.8,49.0,46.88,40.9249,0.0233,-5.9551,False,1.1414
4313334,Nova Ramada,RS,Sul,28.0,17.6,19.0,80.0,59.2997,0.06,-20.7003,True,1.1402
2106003,Lima Campos,MA,Nordeste,90.91,4.91,12.0,80.0,82.9791,0.0949,2.9791,False,1.1391
1504406,Marapanim,PA,Norte,45.42,7.16,119.0,43.72,51.4804,0.0096,7.7604,False,1.1391
2403905,Francisco Dantas,RN,Nordeste,78.95,18.33,4.0,56.29,59.5797,0.2824,3.2897,False,1.1295
4309126,Gramado dos Loureiros,RS,Sul,37.5,33.55,6.0,45.15,58.0886,0.1873,12.9386,False,1.1241
3534609,Osvaldo Cruz,SP,Sudeste,59.23,6.46,95.0,65.39,79.1968,0.0118,13.8068,False,1.1232
4306452,Dois Lajeados,RS,Sul,52.97,16.33,19.0,80.0,65.8597,0.059,-14.1403,False,1.1201
3164001,São Pedro dos Ferros,MG,Sudeste,68.34,10.33,25.0,80.0,69.972,0.0448,-10.028,False,1.1195
4120002,Porecatu,PR,Sul,87.27,7.03,12.0,76.06,77.7345,0.0931,1.6745,False,1.1178
5217708,Pontalina,GO,Centro-Oeste,86.02,5.41,24.0,75.41,85.047,0.0466,9.637,False,1.1174
3130051,Icaraí de Minas,MG,Sudeste,77.39,10.04,16.0,62.49,79.1337,0.0698,16.6437,False,1.1171
2616183,Vertente do Lério,PE,Nordeste,82.94,8.15,14.0,80.0,75.1863,0.0798,-4.8137,False,1.1168
3518859,Guatapará,SP,Sudeste,33.82,12.11,45.0,69.51,59.8161,0.0248,-9.6939,False,1.1149
4106001,Congonhinhas,PR,Sul,41.2,9.54,70.0,72.33,61.709,0.0159,-10.621,True,1.1121
2203750,Fartura do Piauí,PI,Nordeste,52.0,19.58,12.0,50.13,47.9764,0.0925,-2.1536,False,1.1103
3516606,Gália,SP,Sudeste,66.68,11.3,24.0,79.23,76.8287,0.0462,-2.4013,False,1.1094
5204953,Campos Verdes,GO,Centro-Oeste,82.81,10.85,9.0,68.96,76.0707,0.123,7.1107,False,1.1074
3542503,Reginópolis,SP,Sudeste,84.53,8.41,11.0,80.0,80.3883,0.1005,0.3883,False,1.1059
2603900,Carnaíba,PE,Nordeste,92.5,3.25,19.0,80.0,82.7379,0.0582,2.7379,False,1.1059
3140506,Martinho Campos,MG,Sudeste,70.72,9.46,26.0,63.85,80.6023,0.0425,16.7523,False,1.1058
3167400,Silvianópolis,MG,Sudeste,87.91,7.9,9.0,62.53,83.4995,0.1226,20.9695,False,1.1034
3158102,Santa Maria do Salto,MG,Sudeste,60.63,15.0,19.0,57.91,67.9451,0.0581,10.0351,False,1.103
3545159,Saltinho,SP,Sudeste,64.45,9.39,39.0,70.21,74.062,0.0282,3.852,False,1.1009
2205599,Lagoa do Sítio,PI,Nordeste,62.96,18.22,10.0,27.27,60.1506,0.1101,32.8806,False,1.1008
3149952,Periquito,MG,Sudeste,44.48,11.31,48.0,56.51,61.1265,0.0229,4.6165,False,1.0998
3139102,Madre de Deus de Minas,MG,Sudeste,71.06,11.61,19.0,72.76,78.6157,0.0578,5.8557,False,1.0981
2204550,Guaribas,PI,Nordeste,75.02,15.94,7.0,65.23,75.5547,0.156,10.3247,False,1.0921
2612000,Sairé,PE,Nordeste,81.01,8.65,15.0,71.61,83.8832,0.0728,12.2732,False,1.0919
3159357,Santa Rita de Minas,MG,Sudeste,58.91,14.92,19.0,67.37,69.0829,0.0574,1.7129,False,1.0913
3503000,Aramina,SP,Sudeste,72.03,12.01,16.0,55.06,79.6933,0.0682,24.6333,False,1.0905
4120358,Pranchita,PR,Sul,79.55,10.77,12.0,80.0,79.627,0.0908,-0.373,False,1.0895
4204905,Descanso,SC,Sul,70.3,11.5,20.0,80.0,73.8322,0.0543,-6.1678,False,1.0865
4302220,Boa Vista do Cadeado,RS,Sul,66.67,21.78,7.0,74.08,58.053,0.155,-16.027,False,1.0848
3102852,Angelândia,MG,Sudeste,84.95,7.54,14.0,66.32,78.4866,0.0774,12.1666,False,1.0841
3121803,Dionísio,MG,Sudeste,72.13,11.25,17.0,80.0,72.9817,0.0635,-7.0183,False,1.0796
5107263,Santo Afonso,MT,Centro-Oeste,76.84,16.78,9.0,61.2,78.3699,0.1196,17.1699,False,1.076
4109005,Guapirama,PR,Sul,75.08,10.25,18.0,80.0,77.7938,0.0598,-2.2062,False,1.076
4205159,Doutor Pedrinho,SC,Sul,79.11,12.89,9.0,79.25,81.3299,0.1195,2.0799,False,1.0756
3134806,Jacuí,MG,Sudeste,85.13,7.53,14.0,73.7,82.1297,0.0767,8.4297,False,1.0734
4126207,Sapopema,PR,Sul,83.01,7.83,16.0,75.36,83.5442,0.067,8.1842,False,1.0726
5108105,Tesouro,MT,Centro-Oeste,52.38,21.36,12.0,57.7,59.0118,0.0893,1.3118,False,1.072
3152907,Pratápolis,MG,Sudeste,88.36,8.06,8.0,68.22,73.3731,0.1337,5.1531,False,1.0699
4201653,Arvoredo,SC,Sul,77.96,15.87,8.0,77.0,76.5883,0.1337,-0.4117,False,1.0694
3537503,Pereiras,SP,Sudeste,66.7,9.39,36.0,60.73,73.7085,0.0296,12.9785,False,1.0652
3532058,Motuca,SP,Sudeste,78.09,12.68,10.0,79.95,83.7652,0.1064,3.8152,False,1.0639
2100105,Afonso Cunha,MA,Nordeste,93.1,6.52,4.0,74.56,80.0537,0.2649,5.4937,False,1.0597
3109105,Bueno Brandão,MG,Sudeste,82.56,7.76,18.0,68.49,84.8651,0.0588,16.3751,False,1.0589
4108452,Foz do Jordão,PR,Sul,78.1,8.95,18.0,80.0,80.8373,0.0588,0.8373,False,1.0587
4306320,Derrubadas,RS,Sul,80.0,17.53,4.0,59.58,64.2221,0.2645,4.6421,False,1.0579
3305133,São José de Ubá,RJ,Sudeste,80.41,13.01,8.0,76.59,74.6476,0.1322,-1.9424,False,1.0576
1711803,Juarina,TO,Norte,49.13,16.34,19.0,49.13,55.2112,0.0556,6.0812,False,1.0571
2203859,Floresta do Piauí,PI,Nordeste,54.55,20.81,10.0,80.0,74.3185,0.1057,-5.6815,False,1.0571
2311207,Potengi,CE,Nordeste,91.04,6.84,6.0,80.0,82.4779,0.1762,2.4779,False,1.057
3514601,Dumont,SP,Sudeste,64.5,10.08,34.0,77.73,79.5837,0.0311,1.8537,False,1.0565
2413003,São Vicente,RN,Nordeste,47.83,20.42,14.0,68.46,52.5842,0.0754,-15.8758,False,1.0558
3139250,Mamonas,MG,Sudeste,65.91,11.31,25.0,52.75,79.713,0.0422,26.963,False,1.0553
1713957,Muricilândia,TO,Norte,49.31,17.33,20.0,33.35,42.8685,0.0528,9.5185,False,1.0551
2514552,São José de Princesa,PB,Nordeste,81.82,22.79,2.0,80.0,62.8295,0.5275,-17.1705,False,1.0551
2702207,Coqueiro Seco,AL,Nordeste,54.67,11.27,34.0,48.48,65.4096,0.031,16.9296,False,1.055
2607109,Ingazeira,PE,Nordeste,89.89,8.42,5.0,78.99,79.2093,0.2105,0.2193,False,1.0523
4114351,Manfrinópolis,PR,Sul,70.91,16.01,10.0,80.0,75.6609,0.1051,-4.3391,False,1.0514
3120706,Cruzeiro da Fortaleza,MG,Sudeste,80.92,9.01,15.0,68.1,80.5656,0.0697,12.4656,False,1.0457
4309803,Ibiaçá,RS,Sul,61.82,18.66,10.0,73.35,60.7201,0.1045,-12.6299,False,1.0454
5004908,Jaraguari,MS,Centro-Oeste,45.21,10.47,50.0,51.51,56.4965,0.0209,4.9865,False,1.0449
3163409,São José do Goiabal,MG,Sudeste,86.0,9.62,7.0,80.0,73.9084,0.149,-6.0916,False,1.043
3529500,Mendonça,SP,Sudeste,77.56,10.31,15.0,73.1,81.9686,0.0695,8.8686,False,1.0418
4219200,Vidal Ramos,SC,Sul,83.76,8.87,13.0,75.34,76.598,0.0801,1.258,False,1.0417
3158904,Santana do Manhuaçu,MG,Sudeste,77.24,9.82,17.0,80.0,76.5911,0.0612,-3.4089,False,1.0411
5106174,Nova Nazaré,MT,Centro-Oeste,85.27,13.34,5.0,56.85,67.8175,0.2082,10.9675,False,1.041
3167509,Simão Pereira,MG,Sudeste,48.33,19.99,14.0,21.89,70.134,0.074,48.244,False,1.0365
5207253,Doverlândia,GO,Centro-Oeste,83.32,8.61,13.0,78.73,77.2256,0.0796,-1.5044,False,1.0351
4205605,Galvão,SC,Sul,70.48,13.01,16.0,80.0,72.217,0.0645,-7.783,False,1.0321
2504702,Congo,PB,Nordeste,40.71,17.03,22.0,59.31,52.4499,0.0468,-6.8601,False,1.0299
2311603,Redenção,CE,Nordeste,92.45,2.9,24.0,80.0,91.6339,0.0429,11.6339,False,1.0289
4126900,Tapira,PR,Sul,77.43,12.34,11.0,80.0,74.6773,0.0934,-5.3227,False,1.0271
4218004,Tijucas,SC,Sul,15.28,8.66,571.0,,37.7018,0.0018,,False,1.0195
3502705,Apiaí,SP,Sudeste,88.38,5.94,13.0,72.08,80.0535,0.0782,7.9735,False,1.0162
1721109,Tocantínia,TO,Norte,51.18,13.72,27.0,54.82,56.268,0.0375,1.448,False,1.0123
2512754,Riachão do Bacamarte,PB,Nordeste,46.23,16.08,22.0,55.97,53.8097,0.0459,-2.1603,False,1.0092
5209952,Indiara,GO,Centro-Oeste,82.73,5.44,33.0,71.23,80.5166,0.0306,9.2866,False,1.0082
4213302,Ponte Alta,SC,Sul,60.53,16.7,17.0,53.38,61.2119,0.0589,7.8319,False,1.0019
4302584,Bozano,RS,Sul,27.27,18.61,16.0,80.0,60.3175,0.0626,-19.6825,True,1.0013
4128625,Alto Paraíso,PR,Sul,68.05,14.33,17.0,70.28,65.8289,0.0587,-4.4511,False,0.9983
5107743,Santa Cruz do Xingu,MT,Centro-Oeste,73.81,13.3,11.0,62.17,68.7718,0.0906,6.6018,False,0.9967
4216008,São Carlos,SC,Sul,80.37,13.02,8.0,80.0,77.1913,0.1244,-2.8087,False,0.9956
3159308,Santa Rita de Jacutinga,MG,Sudeste,77.69,11.12,13.0,53.85,75.6229,0.0766,21.7729,False,0.9955
2207751,Passagem Franca do Piauí,PI,Nordeste,64.51,14.46,16.0,80.0,65.6718,0.0621,-14.3282,False,0.993
3532827,Nova Campina,SP,Sudeste,61.55,9.14,43.0,56.36,77.6016,0.0231,21.2416,False,0.9921
4208609,Jaborá,SC,Sul,77.65,12.9,11.0,75.75,74.9539,0.0901,-0.7961,False,0.9916
4211009,Mondaí,SC,Sul,56.85,10.21,49.0,72.2,66.8115,0.0202,-5.3885,False,0.9907
4201406,Araranguá,SC,Sul,61.62,6.31,142.0,,61.5041,0.007,,False,0.9886
3548054,Santo Antônio do Aracanguá,SP,Sudeste,62.22,10.28,36.0,59.88,73.4174,0.0275,13.5374,False,0.9883
3203106,Jerônimo Monteiro,ES,Sudeste,77.21,6.64,36.0,73.22,85.5113,0.0274,12.2913,False,0.9848
3133758,Itaú de Minas,MG,Sudeste,89.46,5.42,13.0,76.05,83.9879,0.0757,7.9379,False,0.9837
3536802,Pedra Bela,SP,Sudeste,47.19,15.28,26.0,53.43,68.9889,0.0378,15.5589,False,0.9834
3118908,Cordisburgo,MG,Sudeste,79.87,11.78,9.0,72.65,84.4936,0.1092,11.8436,False,0.9826
3203346,Marechal Floriano,ES,Sudeste,86.56,4.8,28.0,78.73,82.0217,0.035,3.2917,False,0.9791
3172103,Volta Grande,MG,Sudeste,76.29,13.53,11.0,60.3,71.6086,0.0889,11.3086,False,0.9781
5220108,São Luís de Montes Belos,GO,Centro-Oeste,76.27,4.67,82.0,70.81,81.3703,0.0119,10.5603,False,0.9761
3120300,Cristália,MG,Sudeste,54.14,13.72,25.0,41.64,71.6932,0.039,30.0532,False,0.9742
4121257,Ramilândia,PR,Sul,77.23,10.48,15.0,80.0,77.8681,0.0649,-2.1319,False,0.9731
4103370,Brasilândia do Sul,PR,Sul,77.7,13.62,8.0,76.04,74.5786,0.1216,-1.4614,False,0.9728
2703759,Jequiá da Praia,AL,Nordeste,95.65,3.73,5.0,59.93,85.2105,0.1943,25.2805,False,0.9715
3542701,Restinga,SP,Sudeste,55.18,9.52,48.0,73.32,75.4001,0.0202,2.0801,False,0.9697
3556008,Urupês,SP,Sudeste,65.68,8.74,43.0,80.0,81.2281,0.0226,1.2281,False,0.9697
3506805,Bocaina,SP,Sudeste,49.59,11.81,40.0,47.06,63.5056,0.0242,16.4456,False,0.9693
4216206,São Francisco do Sul,SC,Sul,49.51,5.72,283.0,,47.3323,0.0034,,False,0.9689
2305233,Horizonte,CE,Nordeste,96.2,1.24,37.0,80.0,94.3801,0.0261,14.3801,False,0.9674
2313708,Umari,CE,Nordeste,88.5,8.65,6.0,80.0,77.2042,0.1605,-2.7958,False,0.9628
2412104,São João do Sabugi,RN,Nordeste,71.68,12.09,16.0,59.4,70.2764,0.0602,10.8764,False,0.9626
3114600,Carrancas,MG,Sudeste,89.76,8.51,5.0,73.37,72.7474,0.1921,-0.6226,False,0.9606
4201307,Araquari,SC,Sul,49.55,4.37,498.0,,53.6649,0.0019,,False,0.9586
3205176,Vila Valério,ES,Sudeste,76.42,6.24,45.0,80.0,82.8551,0.0213,2.8551,False,0.9584
3111804,Canápolis,MG,Sudeste,76.48,9.79,17.0,56.63,79.1497,0.0563,22.5197,False,0.957
4216107,São Domingos,SC,Sul,76.94,10.25,18.0,78.9,79.2583,0.0531,0.3583,False,0.9551
2201804,Bocaina,PI,Nordeste,55.0,21.8,10.0,80.0,57.741,0.0955,-22.259,True,0.9551
3113800,Carmésia,MG,Sudeste,62.53,17.4,12.0,44.58,63.4472,0.0796,18.8672,False,0.955
3534807,Ouro Verde,SP,Sudeste,76.07,8.93,22.0,80.0,82.5282,0.0434,2.5282,False,0.9549
5103437,Curvelândia,MT,Centro-Oeste,92.97,5.94,5.0,47.45,81.8463,0.1907,34.3963,False,0.9533
3554607,Timburi,SP,Sudeste,58.99,17.92,13.0,52.03,72.1484,0.0731,20.1184,False,0.9509
3130705,Indianópolis,MG,Sudeste,53.94,11.82,38.0,54.94,71.8161,0.025,16.8761,False,0.95
4218509,Treze Tílias,SC,Sul,71.93,7.57,48.0,76.05,77.5024,0.0197,1.4524,False,0.9467
3536109,Pardinho,SP,Sudeste,56.51,9.98,47.0,65.0,73.8829,0.0201,8.8829,False,0.9458
4126652,Sulina,PR,Sul,74.94,14.12,10.0,69.39,74.2103,0.0944,4.8203,False,0.9436
3305901,Trajano de Moraes,RJ,Sudeste,79.24,10.14,15.0,78.06,73.9849,0.0628,-4.0751,False,0.9419
2604155,Casinhas,PE,Nordeste,84.86,8.25,12.0,79.62,86.483,0.0783,6.863,False,0.9402
4309753,Ibarama,RS,Sul,41.4,17.93,19.0,73.81,56.4486,0.0493,-17.3614,False,0.9371
3149606,Pequi,MG,Sudeste,81.39,9.98,11.0,69.27,78.1178,0.085,8.8478,False,0.9347
5222203,Vila Boa,GO,Centro-Oeste,78.69,10.28,13.0,80.0,76.3916,0.0718,-3.6084,False,0.9333
3102407,Alvorada de Minas,MG,Sudeste,83.33,18.06,4.0,54.0,69.3696,0.2325,15.3696,False,0.9301
2207850,Pavussu,PI,Nordeste,90.0,9.3,4.0,70.68,74.9362,0.2322,4.2562,False,0.9289
3550902,São Simão,SP,Sudeste,65.55,11.44,23.0,68.38,78.9104,0.0404,10.5304,False,0.9284
3537107,Pedreira,SP,Sudeste,94.25,2.23,24.0,80.0,84.0144,0.0386,4.0144,False,0.9275
1721257,Tupirama,TO,Norte,66.67,18.88,9.0,49.91,58.5337,0.1028,8.6237,False,0.9255
3144375,Natalândia,MG,Sudeste,64.18,13.6,18.0,59.24,78.0846,0.0513,18.8446,False,0.9231
4120705,Quatiguá,PR,Sul,90.22,6.06,10.0,80.0,78.9106,0.0923,-1.0894,False,0.9231
4107702,Fênix,PR,Sul,61.86,14.7,18.0,69.92,70.2807,0.0512,0.3607,False,0.9209
1300300,Autazes,AM,Norte,35.05,8.22,362.0,,33.6756,0.0025,,False,0.9196
3107802,Bom Jesus do Galho,MG,Sudeste,75.91,11.87,12.0,80.0,82.4614,0.0766,2.4614,False,0.9189
4305116,Centenário,RS,Sul,75.0,24.5,3.0,75.89,65.6793,0.3063,-10.2107,False,0.9188
3117009,Comercinho,MG,Sudeste,68.39,13.27,16.0,65.35,76.2943,0.0574,10.9443,False,0.9187
2203305,Demerval Lobão,PI,Nordeste,73.32,8.63,28.0,73.23,78.8736,0.0328,5.6436,False,0.9177
2508406,Lastro,PB,Nordeste,82.76,13.75,5.0,36.35,72.0137,0.1833,35.6637,False,0.9164
3133501,Itapecerica,MG,Sudeste,84.45,8.89,13.0,74.72,79.6653,0.0704,4.9453,False,0.9157
3125002,Ewbank da Câmara,MG,Sudeste,64.41,12.22,21.0,49.36,80.2316,0.0435,30.8716,False,0.9136
4316477,Salvador das Missões,RS,Sul,44.44,22.96,11.0,80.0,52.7018,0.083,-27.2982,True,0.9135
3145703,Oliveira Fortes,MG,Sudeste,83.33,17.22,3.0,74.09,80.5091,0.304,6.4191,False,0.9121
4314068,Passa Sete,RS,Sul,75.0,21.22,4.0,80.0,60.7301,0.228,-19.2699,False,0.912
2612471,Santa Cruz da Baixa Verde,PE,Nordeste,87.09,5.9,16.0,76.77,84.2214,0.057,7.4514,False,0.9117
2402402,Carnaúba dos Dantas,RN,Nordeste,29.88,12.03,49.0,70.15,49.7393,0.0186,-20.4107,True,0.9116
4113007,Jussara,PR,Sul,66.02,10.6,29.0,74.65,68.37,0.0314,-6.28,False,0.9109
3514908,Elias Fausto,SP,Sudeste,56.28,6.77,97.0,63.26,67.4606,0.0093,4.2006,False,0.9046
4104055,Campo Bonito,PR,Sul,78.34,11.87,11.0,75.06,79.2875,0.0821,4.2275,False,0.9027
3201159,Brejetuba,ES,Sudeste,88.49,5.01,20.0,71.37,85.1447,0.045,13.7747,False,0.9005
3129400,Ibertioga,MG,Sudeste,87.87,9.09,7.0,80.0,79.2483,0.1285,-0.7517,False,0.8996
3139201,Malacacheta,MG,Sudeste,77.47,10.39,14.0,78.03,75.8143,0.0642,-2.2157,False,0.8993
4211876,Paial,SC,Sul,54.55,20.81,13.0,73.69,79.2666,0.069,5.5766,False,0.8965
4312476,Morro Reuter,RS,Sul,76.92,22.9,3.0,60.83,60.0384,0.2988,-0.7916,False,0.8963
3517802,Guaraçaí,SP,Sudeste,60.72,16.0,16.0,62.73,77.9599,0.0558,15.2299,False,0.8936
4119707,Planaltina do Paraná,PR,Sul,80.38,11.52,10.0,79.85,77.753,0.0893,-2.097,False,0.8934
3162252,São João da Lagoa,MG,Sudeste,77.83,11.57,12.0,59.75,80.4999,0.0743,20.7499,False,0.8916
2502201,Bom Jesus,PB,Nordeste,68.42,20.9,6.0,40.92,67.3716,0.1484,26.4516,False,0.8906
3160009,Santo Antônio do Aventureiro,MG,Sudeste,45.64,17.65,19.0,80.0,65.8136,0.0468,-14.1864,False,0.889
1720937,Taipas do Tocantins,TO,Norte,55.56,18.74,12.0,63.74,66.013,0.0741,2.273,False,0.8888
4322376,Unistalda,RS,Sul,38.1,30.05,9.0,65.72,57.8526,0.0986,-7.8674,False,0.8877
3120508,Cristina,MG,Sudeste,81.73,6.75,24.0,63.72,83.5934,0.037,19.8734,False,0.8871
5208608,Goianésia,GO,Centro-Oeste,82.29,2.54,165.0,79.85,84.201,0.0054,4.351,False,0.8856
3120201,Cristais,MG,Sudeste,86.08,6.15,17.0,71.31,77.8712,0.052,6.5612,False,0.8836
2411007,Rodolfo Fernandes,RN,Nordeste,41.06,16.54,23.0,45.78,54.1196,0.0384,8.3396,False,0.8825
4213005,Pinheiro Preto,SC,Sul,79.26,10.98,13.0,66.02,79.0695,0.0676,13.0495,False,0.879
2926905,Rio do Pires,BA,Nordeste,15.62,12.58,27.0,50.01,31.0042,0.0325,-19.0058,True,0.8782
3202108,Ecoporanga,ES,Sudeste,94.7,3.21,10.0,72.6,87.4981,0.0873,14.8981,False,0.8735
3140100,Marilac,MG,Sudeste,56.13,13.4,26.0,68.55,68.5209,0.0336,-0.0291,False,0.8734
3546900,Santa Lúcia,SP,Sudeste,70.68,9.29,29.0,71.02,77.999,0.0301,6.979,False,0.8732
2401651,Bodó,RN,Nordeste,60.0,30.36,5.0,69.81,56.8192,0.1746,-12.9908,False,0.873
3156403,Romaria,MG,Sudeste,70.73,14.6,11.0,64.99,74.5592,0.0793,9.5692,False,0.8719
3300159,Aperibé,RJ,Sudeste,68.42,9.53,31.0,66.06,73.5043,0.0281,7.4443,False,0.8716
2610202,Panelas,PE,Nordeste,94.53,2.89,13.0,77.76,80.9468,0.067,3.1868,False,0.8711
5101308,Arenápolis,MT,Centro-Oeste,58.63,8.61,56.0,68.04,68.8993,0.0155,0.8593,False,0.8686
4322558,Vanini,RS,Sul,69.23,25.09,5.0,80.0,59.3037,0.1734,-20.6963,False,0.8672
4320552,Sertão Santana,RS,Sul,46.15,27.1,7.0,76.35,46.8715,0.1234,-29.4785,True,0.8636
1703057,Bandeirantes do Tocantins,TO,Norte,36.96,14.06,29.0,49.34,51.4755,0.0298,2.1355,False,0.8634
3100906,Águas Formosas,MG,Sudeste,69.23,25.09,4.0,71.23,70.8639,0.2145,-0.3661,False,0.858
3546009,Santa Branca,SP,Sudeste,49.71,9.59,64.0,53.24,64.1018,0.0134,10.8618,False,0.8569
3532504,Neves Paulista,SP,Sudeste,74.47,9.68,21.0,80.0,78.8768,0.0407,-1.1232,False,0.855
3535705,Paraíso,SP,Sudeste,87.14,9.64,7.0,77.78,84.4329,0.1218,6.6529,False,0.8525
4118303,Paranapoema,PR,Sul,61.7,15.25,15.0,65.96,72.706,0.0568,6.746,False,0.8524
1700251,Abreulândia,TO,Norte,75.0,16.04,8.0,67.87,77.15,0.1062,9.28,False,0.8495
4208302,Itapema,SC,Sul,68.62,3.82,398.0,,69.8815,0.0021,,False,0.8489
4307450,Esperança do Sul,RS,Sul,80.05,13.24,7.0,80.0,70.2488,0.1211,-9.7512,False,0.8475
3114006,Carmo da Mata,MG,Sudeste,68.1,10.76,23.0,79.32,76.6859,0.0368,-2.6341,False,0.8471
4218954,Urupema,SC,Sul,36.32,18.42,20.0,80.0,49.8053,0.0424,-30.1947,True,0.847
2211357,Várzea Branca,PI,Nordeste,31.25,13.11,33.0,41.29,40.7412,0.0257,-0.5488,False,0.8469
3203700,Muniz Freire,ES,Sudeste,82.23,6.73,23.0,80.0,83.577,0.0368,3.577,False,0.8469
5101605,Barão de Melgaço,MT,Centro-Oeste,41.67,24.61,10.0,66.53,61.3555,0.0847,-5.1745,False,0.8466
4212270,Passos Maia,SC,Sul,60.0,30.36,5.0,59.27,68.1322,0.1691,8.8622,False,0.8456
3538105,Pindorama,SP,Sudeste,63.37,8.88,46.0,57.37,75.5188,0.0184,18.1488,False,0.8452
4127007,Teixeira Soares,PR,Sul,88.2,5.44,17.0,78.1,81.425,0.0496,3.325,False,0.8434
3534005,Onda Verde,SP,Sudeste,74.45,13.07,12.0,57.76,78.4189,0.0702,20.6589,False,0.8422
5212204,Jussara,GO,Centro-Oeste,79.77,5.82,38.0,65.82,83.9598,0.0221,18.1398,False,0.8397
1718881,Santa Maria do Tocantins,TO,Norte,39.77,14.98,30.0,40.0,48.3918,0.028,8.3918,False,0.8387
3532306,Natividade da Serra,SP,Sudeste,57.89,12.12,31.0,52.9,72.7869,0.027,19.8869,False,0.8381
3512704,Corumbataí,SP,Sudeste,84.16,10.78,8.0,55.31,80.0124,0.1047,24.7024,False,0.8378
4306973,Erebango,RS,Sul,38.46,26.45,8.0,75.37,50.3344,0.1047,-25.0356,False,0.8378
4314464,Pinhal da Serra,RS,Sul,35.29,22.72,13.0,75.92,58.6289,0.0644,-17.2911,False,0.8374
4122172,Rio Branco do Ivaí,PR,Sul,73.79,12.85,13.0,72.96,73.171,0.0644,0.211,False,0.8373
1712157,Lavandeira,TO,Norte,58.81,17.91,12.0,72.62,65.1129,0.0698,-7.5071,False,0.8372
4215604,Santa Rosa de Lima,SC,Sul,86.49,11.02,5.0,80.0,80.1604,0.1673,0.1604,False,0.8367
3136801,Juramento,MG,Sudeste,55.56,18.74,12.0,68.64,70.0271,0.0695,1.3871,False,0.8343
3154101,Recreio,MG,Sudeste,64.47,11.7,26.0,74.59,73.9755,0.0321,-0.6145,False,0.8335
3128501,Guarará,MG,Sudeste,72.73,15.2,9.0,80.0,70.6145,0.0926,-9.3855,False,0.8333
2918605,Jussiape,BA,Nordeste,33.33,14.8,26.0,46.53,36.8064,0.032,-9.7236,False,0.8319
2209708,São Francisco do Piauí,PI,Nordeste,64.29,11.68,24.0,65.26,74.4191,0.0346,9.1591,False,0.8311
2506608,Ibiara,PB,Nordeste,58.62,17.93,12.0,27.74,66.6102,0.0692,38.8702,False,0.8307
4302600,Braga,RS,Sul,20.0,24.79,10.0,52.66,55.6809,0.083,3.0209,False,0.8303
2201988,Brejo do Piauí,PI,Nordeste,95.35,6.29,2.0,60.0,73.6358,0.415,13.6358,False,0.8299
2801108,Canhoba,SE,Nordeste,64.29,17.75,10.0,56.6,70.542,0.083,13.942,False,0.8296
1705102,Chapada da Natividade,TO,Norte,52.38,15.1,20.0,59.09,54.6834,0.0414,-4.4066,False,0.8289
3120151,Crisólita,MG,Sudeste,48.65,12.36,36.0,61.81,52.9144,0.023,-8.8956,False,0.8276
5007976,Taquarussu,MS,Centro-Oeste,85.45,9.32,8.0,79.18,79.7812,0.1033,0.6012,False,0.8261
4202305,Biguaçu,SC,Sul,35.04,7.37,255.0,,39.9207,0.0032,,False,0.8254
3143450,Montezuma,MG,Sudeste,88.98,7.7,8.0,62.64,82.9736,0.1027,20.3336,False,0.8215
3550001,São Luís do Paraitinga,SP,Sudeste,59.66,10.25,38.0,75.43,75.6061,0.0216,0.1761,False,0.8212
3119005,Cordislândia,MG,Sudeste,73.53,14.83,10.0,57.79,73.0666,0.0821,15.2766,False,0.8207
3508306,Cabrália Paulista,SP,Sudeste,78.11,11.49,11.0,79.58,81.1829,0.0746,1.6029,False,0.8205
3141603,Mercês,MG,Sudeste,84.84,8.34,12.0,80.0,84.1839,0.0683,4.1839,False,0.8202
2515807,Serra Redonda,PB,Nordeste,85.71,18.33,2.0,29.56,63.6936,0.4099,34.1336,False,0.8198
2503100,Cabaceiras,PB,Nordeste,89.73,9.63,5.0,67.06,85.8588,0.1637,18.7988,False,0.8187
2515203,São Sebastião do Umbuzeiro,PB,Nordeste,69.27,15.83,11.0,80.0,74.9236,0.0744,-5.0764,False,0.8183
4203105,Caibi,SC,Sul,27.33,15.43,31.0,76.83,44.0695,0.0264,-32.7605,True,0.8182
3136108,Joanésia,MG,Sudeste,85.58,13.14,4.0,80.0,78.8141,0.2045,-1.1859,False,0.8182
2900603,Aiquara,BA,Nordeste,26.32,11.43,42.0,44.16,36.5709,0.0195,-7.5891,False,0.8173
2405207,Janduís,RN,Nordeste,37.93,17.66,19.0,38.99,44.1773,0.0427,5.1873,False,0.8121
3157336,Santa Cruz de Minas,MG,Sudeste,43.81,10.95,48.0,69.06,69.0967,0.0169,0.0367,False,0.8102
2200277,Alegrete do Piauí,PI,Nordeste,55.26,15.81,18.0,62.42,72.8209,0.045,10.4009,False,0.8095
2411700,São Bento do Trairí,RN,Nordeste,33.63,14.35,32.0,47.54,46.6386,0.0253,-0.9014,False,0.8095
4207601,Ipira,SC,Sul,84.43,9.94,10.0,80.0,79.8186,0.0809,-0.1814,False,0.8086
3116001,Chalé,MG,Sudeste,70.12,18.46,8.0,80.0,71.3659,0.1004,-8.6341,False,0.803
3552908,Taciba,SP,Sudeste,67.0,10.59,26.0,79.95,82.2765,0.0308,2.3265,False,0.8012
4317756,Santo Antônio do Planalto,RS,Sul,77.17,17.58,5.0,77.99,61.2294,0.16,-16.7606,False,0.8
3108800,Braúnas,MG,Sudeste,63.32,16.81,14.0,74.63,72.4828,0.057,-2.1472,False,0.7986
3554409,Terra Roxa,SP,Sudeste,74.29,10.01,20.0,71.27,80.8372,0.0399,9.5672,False,0.7977
3532207,Narandiba,SP,Sudeste,60.6,10.43,36.0,61.93,75.3425,0.0221,13.4125,False,0.7973
3527009,Lindóia,SP,Sudeste,61.13,10.89,33.0,77.96,70.7536,0.0242,-7.2064,False,0.7973
4209458,Lajeado Grande,SC,Sul,66.08,17.02,12.0,78.99,74.1822,0.0664,-4.8078,False,0.7969
2402808,Coronel Ezequiel,RN,Nordeste,32.64,14.55,30.0,53.15,45.2059,0.0265,-7.9441,False,0.7965
2804300,Muribeca,SE,Nordeste,22.02,13.55,29.0,23.62,45.2572,0.0274,21.6372,False,0.7955
3200359,Alto Rio Novo,ES,Sudeste,83.48,7.64,16.0,69.58,83.3173,0.0497,13.7373,False,0.7952
5107198,Ribeirãozinho,MT,Centro-Oeste,52.73,16.31,19.0,59.06,72.8359,0.0417,13.7759,False,0.7932
2403004,Cruzeta,RN,Nordeste,60.77,12.94,25.0,61.01,61.7845,0.0317,0.7745,False,0.7918
4123907,Santa Mariana,PR,Sul,83.73,7.34,18.0,75.59,78.6581,0.0438,3.0681,False,0.7887
3515202,Estrela d'Oeste,SP,Sudeste,58.91,10.93,37.0,62.47,75.8892,0.0212,13.4192,False,0.7842
2211407,Várzea Grande,PI,Nordeste,76.19,12.88,10.0,80.0,81.7703,0.0784,1.7703,False,0.784
3517901,Guaraci,SP,Sudeste,73.02,8.69,28.0,75.7,81.2798,0.0279,5.5798,False,0.7808
2313609,Ubajara,CE,Nordeste,95.13,1.98,22.0,80.0,95.1912,0.0354,15.1912,False,0.7796
2510303,Nova Palmeira,PB,Nordeste,76.74,12.05,12.0,66.12,84.4996,0.0648,18.3796,False,0.7781
3519402,Ibirá,SP,Sudeste,61.64,8.86,48.0,73.91,75.7397,0.0162,1.8297,False,0.7775
2604908,Cumaru,PE,Nordeste,95.06,4.72,4.0,77.49,86.7572,0.1943,9.2672,False,0.7773
4308250,Floriano Peixoto,RS,Sul,71.43,33.47,3.0,80.0,54.3191,0.259,-25.6809,False,0.7769
1504109,Magalhães Barata,PA,Norte,60.1,12.39,26.0,62.5,64.2147,0.0298,1.7147,False,0.7741
3520426,Ilha Comprida,SP,Sudeste,67.6,7.11,59.0,61.15,77.7494,0.0131,16.5994,False,0.7738
4117214,Nova Santa Bárbara,PR,Sul,79.19,10.94,13.0,80.0,78.7653,0.0594,-1.2347,False,0.7723
5213004,Maurilândia,GO,Centro-Oeste,83.79,6.67,20.0,78.91,85.0552,0.0385,6.1452,False,0.771
3148202,Patrocínio do Muriaé,MG,Sudeste,80.52,10.79,12.0,74.9,81.4683,0.0642,6.5683,False,0.7704
4301958,Barra Funda,RS,Sul,53.85,27.1,6.0,72.3,68.0828,0.1278,-4.2172,False,0.7666
3154200,Resende Costa,MG,Sudeste,82.11,8.21,16.0,65.07,83.3463,0.0479,18.2763,False,0.7657
4117404,Ourizona,PR,Sul,57.5,15.32,20.0,80.0,67.6174,0.0382,-12.3826,False,0.7636
2924108,Pedrão,BA,Nordeste,13.33,12.16,26.0,36.3,34.2787,0.0294,-2.0213,False,0.7631
4204152,Celso Ramos,SC,Sul,75.67,12.52,12.0,78.13,77.2586,0.0635,-0.8714,False,0.7623
3108206,Bonfinópolis de Minas,MG,Sudeste,71.89,14.11,12.0,80.0,77.3162,0.0635,-2.6838,False,0.7623
3130556,Imbé de Minas,MG,Sudeste,88.46,9.48,6.0,70.2,78.2992,0.127,8.0992,False,0.7619
3535903,Paranapuã,SP,Sudeste,82.89,9.68,10.0,46.79,81.7873,0.0761,34.9973,False,0.7613
5200803,Alvorada do Norte,GO,Centro-Oeste,64.98,9.77,33.0,69.53,78.7204,0.0231,9.1904,False,0.7607
4311429,Lajeado do Bugre,RS,Sul,60.0,30.36,4.0,63.85,53.5011,0.1899,-10.3489,False,0.7598
4120655,Quarto Centenário,PR,Sul,61.72,15.59,16.0,79.91,70.7067,0.0475,-9.2033,False,0.7596
4315552,Rio dos Índios,RS,Sul,85.71,18.33,2.0,80.0,75.171,0.3795,-4.829,False,0.759
4101150,Ângulo,PR,Sul,86.16,10.3,7.0,80.0,77.2796,0.1084,-2.7204,False,0.7587
2202133,Campo Grande do Piauí,PI,Nordeste,95.8,4.66,3.0,80.0,87.3299,0.252,7.3299,False,0.756
3147709,Passa Tempo,MG,Sudeste,78.42,8.6,20.0,80.0,78.8314,0.0377,-1.1686,False,0.755
2203602,Eliseu Martins,PI,Nordeste,65.85,14.52,14.0,80.0,72.0581,0.0539,-7.9419,False,0.7543
3545407,Salto Grande,SP,Sudeste,44.94,10.24,56.0,66.65,64.2314,0.0135,-2.4186,False,0.7541
4123956,Santa Mônica,PR,Sul,80.22,11.63,10.0,79.06,75.6282,0.0754,-3.4318,False,0.754
3165602,Senador Cortes,MG,Sudeste,81.82,16.12,4.0,54.21,62.1295,0.1885,7.9195,False,0.7538
3107000,Biquinhas,MG,Sudeste,58.23,18.0,14.0,80.0,72.1253,0.0538,-7.8747,False,0.7536
2302602,Camocim,CE,Nordeste,94.08,1.7,44.0,80.0,93.8587,0.0171,13.8587,False,0.7531
2307635,Madalena,CE,Nordeste,95.31,2.99,9.0,80.0,90.699,0.0834,10.699,False,0.7508
4315057,Porto Mauá,RS,Sul,95.2,9.17,1.0,53.45,55.313,0.7495,1.863,False,0.7495
1718659,Rio da Conceição,TO,Norte,19.62,13.07,31.0,32.99,47.2257,0.0242,14.2357,False,0.7494
3202009,Dores do Rio Preto,ES,Sudeste,81.35,7.56,20.0,80.0,82.8271,0.0374,2.8271,False,0.7488
3102308,Alvinópolis,MG,Sudeste,72.35,11.89,18.0,59.11,78.984,0.0416,19.874,False,0.7486
3126604,Francisco Dumont,MG,Sudeste,37.5,23.72,10.0,46.02,56.8557,0.0748,10.8357,False,0.7483
3154705,Ribeirão Vermelho,MG,Sudeste,80.21,12.31,8.0,54.72,82.6412,0.0935,27.9212,False,0.7479
3555505,Ubirajara,SP,Sudeste,56.25,11.98,31.0,58.94,76.269,0.0241,17.329,False,0.7471
5108303,União do Sul,MT,Centro-Oeste,68.94,11.05,24.0,66.75,76.0269,0.0311,9.2769,False,0.7457
4305504,Ciríaco,RS,Sul,85.71,18.33,2.0,80.0,64.8028,0.3716,-15.1972,False,0.7432
4322152,Tunas,RS,Sul,41.07,20.72,14.0,71.94,46.1587,0.053,-25.7813,True,0.7414
3154408,Ressaquinha,MG,Sudeste,82.0,11.34,8.0,63.56,73.6563,0.0924,10.0963,False,0.7395
5220207,São Miguel do Araguaia,GO,Centro-Oeste,91.39,3.3,25.0,80.0,88.2714,0.0296,8.2714,False,0.7388
2209450,Santo Antônio dos Milagres,PI,Nordeste,78.26,16.86,5.0,80.0,80.7648,0.1475,0.7648,False,0.7373
3171402,Vieiras,MG,Sudeste,74.62,14.4,11.0,60.08,79.2572,0.0666,19.1772,False,0.7328
2802007,Divina Pastora,SE,Nordeste,19.53,10.87,43.0,52.17,45.893,0.017,-6.277,False,0.7302
3130507,Ilicínea,MG,Sudeste,65.15,7.86,54.0,56.97,74.7981,0.0135,17.8281,False,0.729
3204955,São Roque do Canaã,ES,Sudeste,89.66,5.86,12.0,76.21,84.6787,0.0607,8.4687,False,0.729
3158607,Santana do Deserto,MG,Sudeste,80.09,14.36,10.0,65.39,75.6762,0.0728,10.2862,False,0.728
5108808,Nova Guarita,MT,Centro-Oeste,67.3,10.72,26.0,71.81,79.3827,0.0279,7.5727,False,0.7245
3507704,Braúna,SP,Sudeste,73.18,11.96,18.0,80.0,78.976,0.0402,-1.024,False,0.723
5104559,Itaúba,MT,Centro-Oeste,67.42,9.89,32.0,65.17,80.9714,0.0225,15.8014,False,0.72
3502309,Anhembi,SP,Sudeste,45.69,12.02,42.0,51.59,63.6245,0.0171,12.0345,False,0.7199
3510708,Cardoso,SP,Sudeste,59.86,9.76,41.0,72.42,76.5853,0.0175,4.1653,False,0.7195
2313500,Trairi,CE,Nordeste,91.78,1.89,68.0,80.0,93.5998,0.0106,13.5998,False,0.7194
4201703,Ascurra,SC,Sul,94.84,9.8,2.0,80.0,81.0689,0.3591,1.0689,False,0.7183
2205540,Lagoinha do Piauí,PI,Nordeste,87.8,11.19,4.0,80.0,85.4383,0.1794,5.4383,False,0.7176
3113602,Careaçu,MG,Sudeste,74.17,10.27,18.0,80.0,76.3199,0.0397,-3.6801,False,0.7152
3157278,Santa Bárbara do Monte Verde,MG,Sudeste,67.83,18.34,10.0,61.13,74.9664,0.0714,13.8364,False,0.7141
3132206,Itaguara,MG,Sudeste,90.92,4.71,13.0,64.5,84.7008,0.0548,20.2008,False,0.7122
5108857,Nova Marilândia,MT,Centro-Oeste,80.6,9.87,13.0,55.67,82.6662,0.0546,26.9962,False,0.7093
5104500,Indiavaí,MT,Centro-Oeste,67.62,16.71,11.0,56.08,64.6737,0.0641,8.5937,False,0.7053
2210656,Sigefredo Pacheco,PI,Nordeste,75.66,11.51,14.0,56.4,76.2758,0.0504,19.8758,False,0.7053
1703008,Babaçulândia,TO,Norte,19.2,9.42,67.0,36.07,43.2189,0.0105,7.1489,False,0.7048
3162575,São João do Manteninha,MG,Sudeste,71.65,11.67,17.0,79.92,79.5511,0.0414,-0.3689,False,0.704
3153004,Pratinha,MG,Sudeste,52.8,13.99,26.0,80.0,73.5027,0.0269,-6.4973,False,0.7
5201801,Aragoiânia,GO,Centro-Oeste,62.85,7.28,69.0,63.15,72.8943,0.0101,9.7443,False,0.6992
5107297,São José do Povo,MT,Centro-Oeste,74.76,15.2,8.0,80.0,78.3897,0.0873,-1.6103,False,0.698
2506202,Frei Martinho,PB,Nordeste,71.43,23.66,4.0,51.69,70.5117,0.1741,18.8217,False,0.6964
4100459,Altamira do Paraná,PR,Sul,74.47,12.47,12.0,79.35,78.3393,0.0579,-1.0107,False,0.6948
5200555,Alto Horizonte,GO,Centro-Oeste,72.49,8.14,34.0,70.9,79.5795,0.0204,8.6795,False,0.6943
3548609,São Bento do Sapucaí,SP,Sudeste,57.89,11.21,33.0,67.79,74.7539,0.0209,6.9639,False,0.6899
3127503,Gonzaga,MG,Sudeste,82.34,11.89,8.0,70.75,78.9663,0.0862,8.2163,False,0.6898
3161809,São Gonçalo do Pará,MG,Sudeste,78.81,8.24,21.0,67.24,79.0649,0.0327,11.8249,False,0.6859
4202156,Belmonte,SC,Sul,80.41,13.07,7.0,75.08,77.9699,0.098,2.8899,False,0.6858
2105807,Lago do Junco,MA,Nordeste,97.1,3.96,2.0,80.0,72.7867,0.3429,-7.2133,True,0.6858
3155900,Rio Preto,MG,Sudeste,62.03,16.31,14.0,73.91,82.1337,0.049,8.2237,False,0.6856
4318440,São Jorge,RS,Sul,66.67,21.78,6.0,77.66,70.7716,0.1141,-6.8884,False,0.6846
2502300,Bom Sucesso,PB,Nordeste,45.25,15.89,24.0,70.07,55.32,0.0285,-14.75,False,0.6836
3167905,Tabuleiro,MG,Sudeste,74.43,13.0,12.0,80.0,74.0978,0.0569,-5.9022,False,0.6827
3548203,Santo Antônio do Pinhal,SP,Sudeste,73.68,10.17,19.0,54.76,85.0446,0.0359,30.2846,False,0.6812
4112751,Jesuítas,PR,Sul,89.99,7.59,7.0,80.0,81.5973,0.0973,1.5973,False,0.6808
4107736,Fernandes Pinheiro,PR,Sul,79.82,8.92,18.0,80.0,78.462,0.0378,-1.538,False,0.6802
4103305,Borrazópolis,PR,Sul,75.02,9.73,22.0,80.0,75.2596,0.0308,-4.7404,False,0.6766
2314003,Várzea Alegre,CE,Nordeste,90.9,2.76,39.0,80.0,91.8345,0.0173,11.8345,False,0.6765
3519907,Iepê,SP,Sudeste,53.84,10.8,39.0,60.98,72.0125,0.0173,11.0325,False,0.6749
3305307,São Sebastião do Alto,RJ,Sudeste,49.68,12.79,34.0,68.95,58.1299,0.0198,-10.8201,False,0.6746
3538501,Piquete,SP,Sudeste,69.56,9.77,29.0,70.13,81.3881,0.0233,11.2581,False,0.6744
4107306,Doutor Camargo,PR,Sul,60.85,12.41,26.0,79.37,75.2079,0.0259,-4.1621,False,0.6729
3500600,Águas de São Pedro,SP,Sudeste,80.89,11.91,9.0,80.0,85.1543,0.0747,5.1543,False,0.6726
3129301,Iapu,MG,Sudeste,67.68,9.68,31.0,50.47,82.0402,0.0217,31.5702,False,0.6723
3141306,Medeiros,MG,Sudeste,78.57,12.41,9.0,80.0,77.1857,0.0745,-2.8143,False,0.6701
4107124,Diamante do Sul,PR,Sul,83.28,12.22,6.0,72.73,71.3898,0.1112,-1.3402,False,0.667
4314498,Pinheirinho do Vale,RS,Sul,76.92,22.9,3.0,80.0,63.242,0.2221,-16.758,False,0.6664
5206404,Crixás,GO,Centro-Oeste,78.62,7.42,30.0,70.96,82.6574,0.0222,11.6974,False,0.6661
4117453,Ouro Verde do Oeste,PR,Sul,90.06,7.02,8.0,80.0,79.006,0.083,-0.994,False,0.6641
3542008,Quintana,SP,Sudeste,64.71,11.36,25.0,60.94,78.3628,0.0265,17.4228,False,0.6614
4102703,Barra do Jacaré,PR,Sul,72.41,15.36,10.0,68.46,80.4443,0.0661,11.9843,False,0.6611
2514305,São José de Caiana,PB,Nordeste,52.4,13.0,29.0,58.52,64.1908,0.0228,5.6708,False,0.6607
3552304,Sud Mennucci,SP,Sudeste,57.15,12.03,32.0,60.99,73.5792,0.0206,12.5892,False,0.6598
5207907,Flores de Goiás,GO,Centro-Oeste,65.42,8.05,53.0,70.97,75.803,0.0124,4.833,False,0.6595
2410603,Rafael Godeiro,RN,Nordeste,67.24,21.33,7.0,44.73,69.4515,0.0941,24.7215,False,0.659
3543501,Riversul,SP,Sudeste,64.17,10.31,31.0,80.0,74.8636,0.0212,-5.1364,False,0.658
3104809,Augusto de Lima,MG,Sudeste,48.8,14.0,26.0,58.52,67.9079,0.0252,9.3879,False,0.6562
5208301,Divinópolis de Goiás,GO,Centro-Oeste,80.43,9.18,15.0,79.94,67.7965,0.0437,-12.1435,True,0.6562
4316204,Rondinha,RS,Sul,75.29,14.94,8.0,80.0,66.2155,0.0819,-13.7845,False,0.655
2305308,Ibiapina,CE,Nordeste,97.38,1.79,8.0,80.0,93.6912,0.0818,13.6912,False,0.6545
3122504,Dom Cavati,MG,Sudeste,73.34,12.89,14.0,76.33,79.2831,0.0467,2.9531,False,0.654
4205100,Dona Emma,SC,Sul,88.5,8.64,8.0,80.0,78.2823,0.0816,-1.7177,False,0.6531
4320321,Senador Salgado Filho,RS,Sul,50.0,20.0,13.0,80.0,57.1613,0.0502,-22.8387,True,0.6526
2500205,Aguiar,PB,Nordeste,61.93,14.21,18.0,72.28,67.7171,0.0362,-4.5629,False,0.651
3105905,Barroso,MG,Sudeste,83.22,5.9,28.0,75.62,81.6981,0.0232,6.0781,False,0.6499
2200806,Antônio Almeida,PI,Nordeste,73.81,13.3,11.0,80.0,81.5836,0.0589,1.5836,False,0.6475
4212403,Pedras Grandes,SC,Sul,69.2,16.73,12.0,80.0,70.7346,0.0539,-9.2654,False,0.6472
3205150,Vila Pavão,ES,Sudeste,61.39,12.14,26.0,76.22,75.1452,0.0249,-1.0748,False,0.6469
2401909,Caiçara do Rio do Vento,RN,Nordeste,32.56,15.23,26.0,51.19,39.5662,0.0248,-11.6238,False,0.6459
2517100,Várzea,PB,Nordeste,62.96,18.22,11.0,61.14,80.2909,0.0586,19.1509,False,0.6445
3166303,Sericita,MG,Sudeste,84.84,8.67,10.0,72.16,79.9853,0.0644,7.8253,False,0.6441
4310363,Imigrante,RS,Sul,50.0,28.29,6.0,78.75,67.5918,0.1071,-11.1582,False,0.6427
4320453,Sério,RS,Sul,11.11,14.52,16.0,80.0,49.9628,0.0402,-30.0372,True,0.6426
3136579,Josenópolis,MG,Sudeste,90.91,9.81,3.0,80.0,77.3744,0.2138,-2.6256,False,0.6414
4313086,Nova Pádua,RS,Sul,61.11,22.52,7.0,80.0,57.1466,0.0915,-22.8534,True,0.6408
5214408,Nazário,GO,Centro-Oeste,83.94,7.44,15.0,79.29,82.6588,0.0426,3.3688,False,0.6395
4200804,Anchieta,SC,Sul,91.81,7.71,5.0,78.25,88.3435,0.1278,10.0935,False,0.6388
3161205,São Francisco de Paula,MG,Sudeste,90.72,7.08,7.0,79.06,79.978,0.0912,0.918,False,0.6387
3532009,Morungaba,SP,Sudeste,47.32,8.69,75.0,57.66,64.0982,0.0085,6.4382,False,0.6368
3539608,Planalto,SP,Sudeste,83.68,10.33,9.0,76.17,82.3846,0.0707,6.2146,False,0.6363
3165909,Senador Modestino Gonçalves,MG,Sudeste,90.35,10.36,3.0,76.79,76.3405,0.212,-0.4495,False,0.6359
3141009,Mato Verde,MG,Sudeste,61.37,12.66,23.0,72.48,73.3472,0.0276,0.8672,False,0.6355
4321493,Toropi,RS,Sul,38.66,24.05,10.0,80.0,64.9814,0.0635,-15.0186,False,0.6353
4310850,Jaboticaba,RS,Sul,25.0,17.32,18.0,80.0,64.5335,0.0351,-15.4665,False,0.6317
3537701,Piacatu,SP,Sudeste,76.68,10.41,15.0,80.0,84.0361,0.0421,4.0361,False,0.6313
2512747,Riachão,PB,Nordeste,70.41,17.52,8.0,61.42,78.4851,0.0789,17.0651,False,0.6308
3503505,Areias,SP,Sudeste,56.95,17.72,16.0,66.17,65.1405,0.0394,-1.0295,False,0.6297
2210383,São Miguel da Baixa Grande,PI,Nordeste,80.0,20.24,3.0,39.61,78.5206,0.2098,38.9106,False,0.6294
4321329,Taquaruçu do Sul,RS,Sul,81.48,14.65,5.0,80.0,65.2094,0.1257,-14.7906,True,0.6287
4300307,Alecrim,RS,Sul,33.33,26.67,9.0,41.39,51.8637,0.0698,10.4737,False,0.6283
3122207,Divinolândia de Minas,MG,Sudeste,87.1,6.81,12.0,71.49,77.3817,0.0523,5.8917,False,0.6273
4210209,Major Gercino,SC,Sul,76.41,18.12,7.0,60.73,71.3241,0.0895,10.5941,False,0.6266
4201802,Atalanta,SC,Sul,64.8,19.6,11.0,73.88,74.7505,0.0569,0.8705,False,0.6256
3101631,Alfredo Vasconcelos,MG,Sudeste,78.08,8.49,21.0,74.48,83.2834,0.0298,8.8034,False,0.6252
3138906,Machacalis,MG,Sudeste,65.94,11.82,22.0,67.83,73.2022,0.0284,5.3722,False,0.6248
4107405,Enéas Marques,PR,Sul,85.25,8.91,11.0,80.0,80.6222,0.0568,0.6222,False,0.6246
3520707,Indiaporã,SP,Sudeste,78.96,12.96,9.0,71.51,85.0635,0.0694,13.5535,False,0.6243
3539400,Piratininga,SP,Sudeste,44.37,9.67,61.0,59.02,64.3356,0.0102,5.3156,False,0.6235
2211506,Vera Mendes,PI,Nordeste,48.57,16.56,18.0,80.0,54.1006,0.0346,-25.8994,True,0.6226
3522901,Itapuí,SP,Sudeste,53.04,8.08,77.0,48.86,65.3719,0.0081,16.5119,False,0.6226
3127206,Funilândia,MG,Sudeste,69.2,13.95,15.0,60.73,77.4556,0.0414,16.7256,False,0.6214
4126009,São Sebastião da Amoreira,PR,Sul,87.77,7.94,10.0,80.0,74.2952,0.0621,-5.7048,False,0.6212
3540408,Populina,SP,Sudeste,79.69,12.55,10.0,78.52,83.14,0.062,4.62,False,0.6196
3170750,Varjão de Minas,MG,Sudeste,93.28,4.81,7.0,64.65,86.4385,0.0884,21.7885,False,0.6185
4121356,Rancho Alegre D'Oeste,PR,Sul,56.92,20.39,12.0,78.61,46.0144,0.0515,-32.5956,True,0.6176
3512506,Coroados,SP,Sudeste,72.95,11.67,18.0,72.75,83.1161,0.0343,10.3661,False,0.6166
3142601,Monsenhor Paulo,MG,Sudeste,78.89,8.46,20.0,68.28,78.6513,0.0308,10.3713,False,0.6164
1703602,Brasilândia do Tocantins,TO,Norte,68.9,16.86,10.0,44.56,63.126,0.0616,18.566,False,0.6155
3163102,São José da Varginha,MG,Sudeste,82.69,10.92,8.0,63.26,73.6341,0.0768,10.3741,False,0.6144
3516903,General Salgado,SP,Sudeste,67.35,9.53,33.0,67.03,81.6738,0.0186,14.6438,False,0.6131
4312054,Marques de Souza,RS,Sul,47.76,19.59,15.0,77.11,50.9342,0.0408,-26.1758,True,0.6118
3147600,Passa Quatro,MG,Sudeste,75.74,11.06,15.0,80.0,80.1424,0.0408,0.1424,False,0.6116
2211704,Wall Ferraz,PI,Nordeste,54.29,16.5,16.0,50.86,64.8752,0.0382,14.0152,False,0.6114
4111100,Itambé,PR,Sul,86.92,8.48,10.0,80.0,78.0452,0.0609,-1.9548,False,0.6095
3513207,Cristais Paulista,SP,Sudeste,49.46,10.36,50.0,59.75,69.5583,0.0122,9.8083,False,0.6089
3105202,Bandeira,MG,Sudeste,77.5,12.94,9.0,68.31,76.0238,0.0675,7.7138,False,0.6077
3154150,Reduto,MG,Sudeste,83.87,8.04,14.0,52.24,83.0004,0.0434,30.7604,False,0.6071
2111748,Senador Alexandre Costa,MA,Nordeste,96.11,3.73,4.0,80.0,74.0572,0.1516,-5.9428,True,0.6063
5215009,Nova Veneza,GO,Centro-Oeste,76.22,7.69,29.0,80.0,81.5302,0.0209,1.5302,False,0.6056
4113809,Lupionópolis,PR,Sul,77.71,14.52,7.0,80.0,84.0967,0.0864,4.0967,False,0.6051
3145851,Oratórios,MG,Sudeste,82.24,11.93,9.0,75.73,72.4693,0.0672,-3.2607,False,0.6047
3139904,Maria da Fé,MG,Sudeste,78.16,7.17,31.0,67.16,83.4741,0.0195,16.3141,False,0.6042
4113403,Leópolis,PR,Sul,89.72,9.54,4.0,80.0,75.3131,0.1495,-4.6869,False,0.5981
5204854,Campo Limpo de Goiás,GO,Centro-Oeste,85.27,6.12,19.0,80.0,82.4471,0.0315,2.4471,False,0.5978
4126355,Serranópolis do Iguaçu,PR,Sul,82.66,10.3,10.0,80.0,79.6121,0.0598,-0.3879,False,0.5976
4314456,Pinhal,RS,Sul,33.23,18.84,17.0,64.14,51.5782,0.0351,-12.5618,False,0.5975
3521507,Irapuã,SP,Sudeste,76.62,9.48,19.0,72.85,83.8257,0.0314,10.9757,False,0.5965
3150901,Piranguçu,MG,Sudeste,78.97,12.99,9.0,70.65,84.9783,0.0662,14.3283,False,0.5959
4315073,Porto Vera Cruz,RS,Sul,88.24,15.32,2.0,68.59,58.3123,0.2972,-10.2777,False,0.5943
2309102,Mulungu,CE,Nordeste,88.89,5.93,12.0,80.0,90.4971,0.0495,10.4971,False,0.5942
3130408,Ijaci,MG,Sudeste,82.91,10.26,11.0,75.01,75.1147,0.0539,0.1047,False,0.5925
3152600,Pouso Alto,MG,Sudeste,79.53,10.36,14.0,78.89,83.3345,0.0421,4.4445,False,0.5898
3170305,Umburatiba,MG,Sudeste,52.41,17.91,15.0,68.95,65.8806,0.0393,-3.0694,False,0.5898
1506401,Santa Cruz do Arari,PA,Norte,52.33,9.6,53.0,59.69,62.4171,0.0111,2.7271,False,0.5897
2302503,Brejo Santo,CE,Nordeste,95.4,1.8,25.0,80.0,92.741,0.0236,12.741,False,0.5892
1706258,Crixás do Tocantins,TO,Norte,82.61,15.49,4.0,43.97,82.8928,0.1468,38.9228,False,0.587
3553609,Tapiratiba,SP,Sudeste,79.51,7.66,24.0,62.16,78.5851,0.0244,16.4251,False,0.5867
2203107,Cristino Castro,PI,Nordeste,85.0,15.65,3.0,60.21,84.1522,0.1955,23.9422,False,0.5865
5212956,Matrinchã,GO,Centro-Oeste,52.84,12.55,31.0,66.31,63.1733,0.0189,-3.1367,False,0.586
2513307,Santa Helena,PB,Nordeste,96.59,4.65,2.0,61.7,78.339,0.2927,16.639,False,0.5855
4201109,Anitápolis,SC,Sul,56.91,19.11,13.0,61.39,61.8001,0.045,0.4101,False,0.5847
4215208,Romelândia,SC,Sul,78.04,12.69,10.0,61.19,82.0607,0.0583,20.8707,False,0.5835
3165107,São Tomás de Aquino,MG,Sudeste,82.09,8.22,16.0,71.89,78.9282,0.0364,7.0382,False,0.5828
2310258,Paraipaba,CE,Nordeste,93.78,2.23,29.0,80.0,95.7581,0.0201,15.7581,False,0.5824
4306734,Doutor Maurício Cardoso,RS,Sul,63.31,14.78,16.0,77.8,68.7752,0.0363,-9.0248,False,0.581
3528809,Maracaí,SP,Sudeste,91.17,5.23,10.0,80.0,81.8334,0.058,1.8334,False,0.5801
3203304,Mantenópolis,ES,Sudeste,95.07,3.34,9.0,80.0,84.6057,0.0642,4.6057,False,0.5776
3514957,Embaúba,SP,Sudeste,73.08,17.05,8.0,80.0,86.6585,0.072,6.6585,False,0.5759
3122108,Divino das Laranjeiras,MG,Sudeste,85.69,13.07,4.0,53.68,73.0178,0.143,19.3378,False,0.5721
2411106,Ruy Barbosa,RN,Nordeste,35.0,20.9,18.0,65.33,31.7679,0.0317,-33.5621,True,0.5715
4111704,Jaboti,PR,Sul,73.87,9.39,23.0,80.0,80.6899,0.0247,0.6899,False,0.567
2400901,Antônio Martins,RN,Nordeste,37.66,16.3,23.0,40.62,55.0916,0.0246,14.4716,False,0.5666
2611533,Quixaba,PE,Nordeste,87.04,5.93,17.0,80.0,86.0083,0.0333,6.0083,False,0.5657
3112059,Cantagalo,MG,Sudeste,66.01,15.58,13.0,66.62,69.9069,0.0434,3.2869,False,0.5642
2309508,Orós,CE,Nordeste,90.76,3.86,21.0,80.0,83.7269,0.0268,3.7269,False,0.5629
3521200,Iporanga,SP,Sudeste,65.62,16.46,11.0,61.35,78.9923,0.051,17.6423,False,0.5611
3137106,Lagamar,MG,Sudeste,56.23,16.03,18.0,80.0,75.5673,0.0311,-4.4327,False,0.5595
4113429,Lidianópolis,PR,Sul,83.49,11.18,9.0,80.0,76.1098,0.0621,-3.8902,False,0.5593
2504207,Catingueira,PB,Nordeste,96.08,5.32,2.0,47.09,77.4912,0.2795,30.4012,False,0.5591
2803708,Macambira,SE,Nordeste,29.17,18.18,19.0,51.39,42.7322,0.0294,-8.6578,False,0.5586
3130606,Inconfidentes,MG,Sudeste,86.17,9.55,8.0,80.0,84.3853,0.0697,4.3853,False,0.5573
3110103,Caiana,MG,Sudeste,76.5,15.22,7.0,65.53,69.5004,0.0795,3.9704,False,0.5567
3500550,Águas de Santa Bárbara,SP,Sudeste,48.99,9.61,56.0,59.8,68.3289,0.0099,8.5289,False,0.5567
3522653,Itapirapuã Paulista,SP,Sudeste,29.85,11.89,43.0,56.8,66.7736,0.0129,9.9736,False,0.5559
5205455,Cezarina,GO,Centro-Oeste,69.65,9.03,32.0,53.59,76.8998,0.0174,23.3098,False,0.5552
2312908,Sobral,CE,Nordeste,98.58,0.48,34.0,80.0,96.3561,0.0163,16.3561,False,0.5542
4103222,Bom Sucesso do Sul,PR,Sul,71.34,12.69,15.0,80.0,74.0853,0.0369,-5.9147,False,0.5539
3555109,Tupi Paulista,SP,Sudeste,93.46,4.39,8.0,80.0,82.0677,0.0692,2.0677,False,0.5536
3169802,Turvolândia,MG,Sudeste,67.3,10.99,24.0,67.61,80.4124,0.0231,12.8024,False,0.5534
3159407,Santa Rita de Ibitipoca,MG,Sudeste,88.22,12.58,3.0,70.06,67.9253,0.1844,-2.1347,False,0.5531
2304277,Ererê,CE,Nordeste,95.0,5.52,3.0,80.0,81.344,0.184,1.344,False,0.5519
5211008,Itapirapuã,GO,Centro-Oeste,73.2,9.01,28.0,48.34,66.6986,0.0197,18.3586,False,0.5518
2209351,Santana do Piauí,PI,Nordeste,68.1,14.42,13.0,47.35,75.672,0.0424,28.322,False,0.5509
3119807,Córrego Danta,MG,Sudeste,75.27,15.84,8.0,80.0,78.5202,0.0687,-1.4798,False,0.5492
3124807,Estrela do Sul,MG,Sudeste,69.36,13.91,13.0,57.58,77.4419,0.0422,19.8619,False,0.5491
3143500,Morada Nova de Minas,MG,Sudeste,64.49,10.77,29.0,80.0,73.5618,0.0189,-6.4382,False,0.5479
4312385,Monte Belo do Sul,RS,Sul,76.92,22.9,3.0,80.0,64.4395,0.1815,-15.5605,False,0.5446
3302304,Laje do Muriaé,RJ,Sudeste,48.36,12.28,40.0,56.42,54.6717,0.0136,-1.7483,False,0.5432
4102752,Bela Vista da Caroba,PR,Sul,88.12,9.8,5.0,77.78,83.1547,0.1086,5.3747,False,0.5431
3106606,Bertópolis,MG,Sudeste,85.02,11.05,11.0,66.15,75.3362,0.0494,9.1862,False,0.5429
2501351,Assunção,PB,Nordeste,93.96,5.74,4.0,58.65,78.8717,0.1357,20.2217,False,0.5429
4215752,São Bernardino,SC,Sul,69.53,14.35,14.0,80.0,69.9926,0.0387,-10.0074,False,0.5421
3525607,João Ramalho,SP,Sudeste,65.42,12.02,24.0,80.0,77.1365,0.0225,-2.8635,False,0.5405
4217956,Tigrinhos,SC,Sul,91.64,9.06,4.0,79.33,84.6526,0.1351,5.3226,False,0.5404
2203255,Curralinhos,PI,Nordeste,27.56,13.84,33.0,46.96,58.336,0.0164,11.376,False,0.5398
4118709,Paulo Frontin,PR,Sul,84.51,7.76,14.0,80.0,81.1382,0.0385,1.1382,False,0.5394
3111903,Cana Verde,MG,Sudeste,93.35,7.28,3.0,60.31,80.5881,0.1796,20.2781,False,0.5389
3165701,Senador Firmino,MG,Sudeste,91.79,5.83,7.0,70.7,84.693,0.0769,13.993,False,0.5383
4219101,Vargeão,SC,Sul,52.72,15.52,24.0,80.0,65.3335,0.0224,-14.6665,False,0.5379
4313003,Nova Bréscia,RS,Sul,94.44,10.58,1.0,78.1,57.338,0.5369,-20.762,True,0.5369
4306759,Doutor Ricardo,RS,Sul,80.0,20.24,3.0,80.0,52.6917,0.1781,-27.3083,True,0.5343
2513356,Santa Inês,PB,Nordeste,39.02,18.83,18.0,61.59,57.7547,0.0296,-3.8353,False,0.5332
4301750,Barão do Triunfo,RS,Sul,4.38,8.37,26.0,14.05,51.8216,0.0205,37.7716,False,0.533
3106101,Belmiro Braga,MG,Sudeste,57.66,18.05,13.0,61.99,77.9219,0.0409,15.9319,False,0.5321
4206801,Ibicaré,SC,Sul,54.41,16.5,20.0,76.98,73.0311,0.0266,-3.9489,False,0.5317
3162658,São João do Pacuí,MG,Sudeste,86.4,14.31,3.0,75.95,71.5886,0.1769,-4.3614,False,0.5308
2209872,São João da Fronteira,PI,Nordeste,43.49,14.45,29.0,42.15,59.6034,0.0183,17.4534,False,0.5298
4111308,Itaúna do Sul,PR,Sul,40.29,15.22,28.0,78.15,59.5663,0.0189,-18.5837,True,0.5294
2200905,Aroazes,PI,Nordeste,30.0,16.4,22.0,64.97,57.9516,0.024,-7.0184,False,0.5288
3104601,Astolfo Dutra,MG,Sudeste,88.28,5.76,15.0,76.43,80.2496,0.0352,3.8196,False,0.5284
3170057,Ubaporanga,MG,Sudeste,70.42,9.13,29.0,72.11,82.9399,0.0182,10.8299,False,0.5269
2407609,Messias Targino,RN,Nordeste,26.32,14.03,36.0,32.5,43.8193,0.0146,11.3193,False,0.5254
3148756,Pedra Bonita,MG,Sudeste,91.18,9.53,3.0,67.41,72.0754,0.1749,4.6654,False,0.5248
2501153,Areia de Baraúnas,PB,Nordeste,36.36,20.1,14.0,40.4,52.1157,0.0374,11.7157,False,0.523
3204658,São Domingos do Norte,ES,Sudeste,84.75,7.34,16.0,80.0,80.0316,0.0327,0.0316,False,0.5228
3554201,Tejupá,SP,Sudeste,59.38,12.03,26.0,75.41,76.4076,0.0201,0.9976,False,0.5217
2515708,Serra Grande,PB,Nordeste,70.8,16.96,8.0,52.66,83.7994,0.065,31.1394,False,0.5199
4216602,São José,SC,Sul,57.06,2.87,823.0,,58.7954,0.0006,,False,0.5198
3506300,Bernardino de Campos,SP,Sudeste,47.5,10.24,54.0,72.02,67.4923,0.0096,-4.5277,False,0.5197
5220157,São Luíz do Norte,GO,Centro-Oeste,85.76,8.63,9.0,76.76,82.8949,0.0577,6.1349,False,0.5192
1709807,Ipueiras,TO,Norte,21.43,21.49,12.0,42.44,37.8662,0.0433,-4.5738,False,0.5191
4200051,Abdon Batista,SC,Sul,77.09,13.16,9.0,74.51,76.3656,0.0573,1.8556,False,0.5159
3165503,Sardoá,MG,Sudeste,85.12,8.99,9.0,56.85,86.9446,0.0573,30.0946,False,0.5154
3151404,Pitangui,MG,Sudeste,85.71,8.21,11.0,80.0,79.1005,0.0468,-0.8995,False,0.5152
3114501,Carmópolis de Minas,MG,Sudeste,81.69,5.84,33.0,77.84,80.2593,0.0155,2.4193,False,0.5124
5107404,São Pedro da Cipa,MT,Centro-Oeste,76.26,10.17,16.0,75.07,84.8778,0.032,9.8078,False,0.5117
2313559,Tururu,CE,Nordeste,95.29,2.72,11.0,80.0,92.2539,0.0465,12.2539,False,0.5111
4128658,Virmond,PR,Sul,81.54,9.85,11.0,79.07,76.893,0.0464,-2.177,False,0.5106
3115706,Central de Minas,MG,Sudeste,72.78,11.77,16.0,73.98,81.823,0.0319,7.843,False,0.5101
4110300,Inajá,PR,Sul,69.7,15.68,11.0,75.64,72.5412,0.0464,-3.0988,False,0.5099
4204103,Caxambu do Sul,SC,Sul,60.13,14.09,20.0,72.82,74.8168,0.0255,1.9968,False,0.5096
2612109,Salgadinho,PE,Nordeste,92.16,7.38,4.0,80.0,81.8587,0.1274,1.8587,False,0.5096
3532603,Nhandeara,SP,Sudeste,67.47,11.78,21.0,70.8,81.5148,0.0242,10.7148,False,0.5092
2106672,Milagres do Maranhão,MA,Nordeste,96.86,6.06,1.0,80.0,74.1702,0.5082,-5.8298,False,0.5082
2208874,Ribeira do Piauí,PI,Nordeste,54.84,17.52,14.0,65.01,59.7789,0.0363,-5.2311,False,0.5076
2503407,Cacimba de Areia,PB,Nordeste,52.5,15.48,19.0,69.08,58.9288,0.0267,-10.1512,False,0.507
3555307,Turmalina,SP,Sudeste,70.59,21.66,5.0,56.6,76.0152,0.1013,19.4152,False,0.5067
2502052,Bernardino Batista,PB,Nordeste,93.94,8.12,2.0,67.42,84.1892,0.2525,16.7692,False,0.5051
2309805,Pacoti,CE,Nordeste,91.18,4.77,12.0,80.0,96.5449,0.042,16.5449,False,0.5045
5213509,Monte Alegre de Goiás,GO,Centro-Oeste,81.85,9.34,13.0,75.75,72.8764,0.0388,-2.8736,False,0.504
3502002,Analândia,SP,Sudeste,68.65,11.38,22.0,56.02,76.9565,0.0229,20.9365,False,0.5033
3127602,Gouveia,MG,Sudeste,91.11,4.8,12.0,75.99,82.1527,0.0419,6.1627,False,0.5029
4214102,Presidente Nereu,SC,Sul,58.33,16.1,17.0,60.92,70.1984,0.0296,9.2784,False,0.5029
4315131,Pouso Novo,RS,Sul,94.12,11.19,1.0,80.0,54.4155,0.5025,-25.5845,True,0.5025
4101309,Antônio Olinto,PR,Sul,88.25,6.53,12.0,80.0,81.9584,0.0418,1.9584,False,0.5018
4111605,Ivatuba,PR,Sul,86.73,12.17,4.0,79.16,86.579,0.1252,7.419,False,0.5007
4214151,Princesa,SC,Sul,64.06,15.67,15.0,80.0,66.2374,0.0333,-13.7626,False,0.4995
3515608,Fernando Prestes,SP,Sudeste,85.99,8.49,9.0,80.0,81.3596,0.0554,1.3596,False,0.4983
3123007,Dores de Campos,MG,Sudeste,76.45,8.25,24.0,62.95,79.4969,0.0207,16.5469,False,0.4972
4317558,Santo Antônio do Palma,RS,Sul,34.62,18.29,17.0,74.62,60.4442,0.0291,-14.1758,False,0.4941
3532801,Nova Aliança,SP,Sudeste,73.75,11.05,18.0,64.94,77.4269,0.0274,12.4869,False,0.4933
4305405,Chiapetta,RS,Sul,84.62,19.61,2.0,78.99,65.6094,0.2456,-13.3806,False,0.4911
3140308,Marliéria,MG,Sudeste,71.01,15.97,10.0,67.67,75.9521,0.0491,8.2821,False,0.4906
3168408,Tarumirim,MG,Sudeste,77.47,17.42,5.0,73.13,84.7194,0.0981,11.5894,False,0.4905
4204707,Cunha Porã,SC,Sul,77.07,10.2,19.0,80.0,78.3802,0.0258,-1.6198,False,0.4894
5209408,Guarani de Goiás,GO,Centro-Oeste,64.58,13.53,17.0,46.54,67.0831,0.0287,20.5431,False,0.4885
2510907,Paulista,PB,Nordeste,40.29,11.36,50.0,67.74,60.7897,0.0098,-6.9503,False,0.4884
5221551,Turvelândia,GO,Centro-Oeste,86.87,7.99,9.0,71.9,83.2881,0.054,11.3881,False,0.4864
3162302,São João da Mata,MG,Sudeste,72.0,17.6,7.0,78.68,82.8578,0.0694,4.1778,False,0.4857
3556909,Vista Alegre do Alto,SP,Sudeste,52.86,10.49,42.0,80.0,79.0468,0.0115,-0.9532,False,0.4846
3105509,Barão de Monte Alto,MG,Sudeste,89.21,9.99,4.0,68.84,75.0365,0.1208,6.1965,False,0.4831
5205802,Corumbá de Goiás,GO,Centro-Oeste,80.7,8.01,19.0,74.54,84.9207,0.0254,10.3807,False,0.4823
2912608,Ibiquera,BA,Nordeste,15.62,12.58,27.0,35.65,30.544,0.0179,-5.106,False,0.4823
3544202,Riolândia,SP,Sudeste,84.72,7.65,14.0,80.0,80.3476,0.0344,0.3476,False,0.4811
3107208,Bocaina de Minas,MG,Sudeste,73.34,11.96,15.0,59.77,80.776,0.032,21.006,False,0.4804
4124202,Santo Antônio do Caiuá,PR,Sul,88.04,10.99,4.0,80.0,84.4056,0.1201,4.4056,False,0.4804
3505401,Barra do Turvo,SP,Sudeste,34.89,12.65,38.0,80.0,53.0975,0.0126,-26.9025,True,0.4797
4211652,Novo Horizonte,SC,Sul,86.58,14.14,4.0,80.0,82.319,0.1198,2.319,False,0.4792
2205359,João Costa,PI,Nordeste,97.14,5.54,1.0,60.49,64.4158,0.4784,3.9258,False,0.4784
3507308,Boracéia,SP,Sudeste,66.62,11.38,23.0,73.9,77.754,0.0208,3.854,False,0.4784
2312304,São Benedito,CE,Nordeste,95.11,1.8,27.0,80.0,94.8853,0.0177,14.8853,False,0.4782
3150307,Piedade do Rio Grande,MG,Sudeste,63.16,12.8,21.0,44.27,80.6648,0.0227,36.3948,False,0.4774
2513927,São Bentinho,PB,Nordeste,60.02,16.23,16.0,70.46,63.5356,0.0296,-6.9244,False,0.473
3156304,Rodeiro,MG,Sudeste,81.95,6.83,23.0,56.09,85.6725,0.0205,29.5825,False,0.4719
2101939,Bernardo do Mearim,MA,Nordeste,87.88,11.14,4.0,27.45,74.5266,0.1178,47.0766,False,0.4713
4319737,São Valério do Sul,RS,Sul,46.15,27.1,7.0,74.09,49.3195,0.0672,-24.7705,False,0.4704
3525409,Jeriquara,SP,Sudeste,49.55,15.5,23.0,56.43,65.4126,0.0204,8.9826,False,0.4702
3170651,Vargem Grande do Rio Pardo,MG,Sudeste,89.89,8.41,5.0,67.59,83.4551,0.094,15.8651,False,0.4701
5219407,Santa Rita do Araguaia,GO,Centro-Oeste,83.33,8.27,13.0,79.11,86.5713,0.0361,7.4613,False,0.4698
5202155,Araguapaz,GO,Centro-Oeste,68.98,9.39,29.0,55.06,76.2657,0.0162,21.2057,False,0.4693
4200754,Alto Bela Vista,SC,Sul,85.18,13.4,4.0,80.0,78.0466,0.1166,-1.9534,False,0.4663
5220603,Silvânia,GO,Centro-Oeste,91.2,3.89,18.0,80.0,87.2139,0.0259,7.2139,False,0.4663
3140605,Materlândia,MG,Sudeste,28.63,13.56,33.0,50.48,68.9633,0.0141,18.4833,False,0.4662
5209903,Iaciara,GO,Centro-Oeste,65.42,8.45,47.0,69.15,66.2784,0.0099,-2.8716,False,0.4643
5209606,Heitoraí,GO,Centro-Oeste,83.53,13.22,6.0,62.21,86.2255,0.0772,24.0155,False,0.4632
3141504,Mendes Pimentel,MG,Sudeste,60.0,12.95,22.0,79.75,71.2529,0.021,-8.4971,False,0.4621
2306504,Itapiúna,CE,Nordeste,92.57,3.89,13.0,80.0,85.3778,0.0354,5.3778,False,0.4599
3101409,Albertina,MG,Sudeste,92.62,8.03,3.0,72.84,83.8432,0.1533,11.0032,False,0.4598
3121308,Descoberto,MG,Sudeste,73.04,13.84,12.0,68.28,78.1602,0.0382,9.8802,False,0.4578
3102001,Alterosa,MG,Sudeste,85.53,5.74,22.0,67.53,84.0892,0.0208,16.5592,False,0.4578
3200136,Águia Branca,ES,Sudeste,94.56,3.67,9.0,80.0,86.4818,0.0508,6.4818,False,0.4569
2414753,Venha-Ver,RN,Nordeste,53.85,27.1,6.0,53.53,64.3147,0.0761,10.7847,False,0.4564
4316428,Sagrada Família,RS,Sul,43.75,24.31,9.0,79.16,59.2581,0.0505,-19.9019,False,0.4544
3167707,Sobrália,MG,Sudeste,75.9,13.59,11.0,70.83,75.8536,0.0413,5.0236,False,0.454
4115457,Marquinho,PR,Sul,82.17,8.79,14.0,75.82,84.2202,0.0324,8.4002,False,0.4532
3125903,Ferros,MG,Sudeste,70.79,20.3,6.0,51.24,77.8347,0.0754,26.5947,False,0.4522
2300200,Acaraú,CE,Nordeste,97.72,1.02,20.0,80.0,93.7347,0.0226,13.7347,False,0.4518
4322905,Viadutos,RS,Sul,86.91,13.76,3.0,80.0,67.255,0.1505,-12.745,False,0.4514
4211454,Nova Itaberaba,SC,Sul,71.17,13.29,15.0,71.4,75.4756,0.03,4.0756,False,0.4494
2513968,São Domingos,PB,Nordeste,54.55,20.81,11.0,80.0,65.8649,0.0408,-14.1351,False,0.4487
4319711,São Valentim do Sul,RS,Sul,73.33,22.38,4.0,80.0,56.4234,0.112,-23.5766,True,0.448
3161650,São Geraldo do Baixio,MG,Sudeste,76.32,13.54,9.0,73.91,68.9352,0.0497,-4.9748,False,0.447
4120333,Prado Ferreira,PR,Sul,73.89,12.1,15.0,77.64,75.5363,0.0297,-2.1037,False,0.446
2204006,Francinópolis,PI,Nordeste,84.21,11.59,6.0,78.56,87.0922,0.0743,8.5322,False,0.4459
5108204,Torixoréu,MT,Centro-Oeste,88.6,10.52,5.0,80.0,82.9626,0.089,2.9626,False,0.4449
3543253,Ribeirão Grande,SP,Sudeste,60.84,10.58,34.0,68.94,76.6877,0.0131,7.7477,False,0.4442
4108106,Flórida,PR,Sul,78.58,16.74,6.0,68.36,82.853,0.0739,14.493,False,0.4436
4312104,Mata,RS,Sul,45.45,29.43,7.0,70.18,57.8982,0.0633,-12.2818,False,0.4433
2410009,Pilões,RN,Nordeste,63.16,21.69,7.0,69.62,56.3211,0.0631,-13.2989,False,0.4414
1715150,Novo Alegre,TO,Norte,70.35,18.37,7.0,74.25,75.563,0.063,1.313,False,0.441
4310603,Itaqui,RS,Sul,44.13,7.83,141.0,,38.5629,0.0031,,False,0.4399
3553856,Taquarivaí,SP,Sudeste,47.19,10.75,50.0,67.87,67.4265,0.0088,-0.4435,False,0.4395
4202107,Barra Velha,SC,Sul,46.7,5.62,412.0,,45.4534,0.0011,,False,0.4386
4311239,Lagoa Bonita do Sul,RS,Sul,54.17,29.55,6.0,73.69,54.466,0.0729,-19.224,False,0.4374
4201901,Aurora,SC,Sul,77.06,17.63,7.0,68.21,78.5055,0.0624,10.2955,False,0.4368
3137304,Lagoa dos Patos,MG,Sudeste,69.49,16.63,10.0,53.43,71.9908,0.0436,18.5608,False,0.4362
3509957,Canas,SP,Sudeste,48.15,13.52,33.0,62.2,68.505,0.0132,6.305,False,0.436
2109056,Porto Rico do Maranhão,MA,Nordeste,34.38,13.36,33.0,75.71,53.5969,0.0132,-22.1131,True,0.4354
3506409,Bilac,SP,Sudeste,74.74,10.37,18.0,66.49,81.9918,0.0242,15.5018,False,0.4352
3151305,Piraúba,MG,Sudeste,87.09,6.53,15.0,76.33,83.4014,0.029,7.0714,False,0.4349
2408607,Paraná,RN,Nordeste,27.6,14.71,28.0,36.07,48.7231,0.0155,12.6531,False,0.4344
2302057,Barroquinha,CE,Nordeste,95.7,2.49,11.0,80.0,92.7409,0.0394,12.7409,False,0.4338
4205431,Formosa do Sul,SC,Sul,76.77,15.09,9.0,70.07,78.9958,0.0481,8.9258,False,0.4328
1712454,Luzinópolis,TO,Norte,48.91,14.29,25.0,40.4,52.5189,0.0173,12.1189,False,0.4328
2307254,Jijoca de Jericoacoara,CE,Nordeste,98.03,1.27,9.0,80.0,96.1868,0.0481,16.1868,False,0.4327
2505907,Emas,PB,Nordeste,38.1,20.77,13.0,70.1,46.3942,0.0333,-23.7058,True,0.4327
3170479,Uruana de Minas,MG,Sudeste,80.0,13.25,7.0,62.66,80.0813,0.0616,17.4213,False,0.4315
3518909,Guzolândia,SP,Sudeste,79.92,12.39,9.0,80.0,84.2793,0.0479,4.2793,False,0.4314
3169109,Toledo,MG,Sudeste,89.19,5.79,13.0,68.56,84.409,0.0332,15.849,False,0.4311
2904852,Cabaceiras do Paraguaçu,BA,Nordeste,32.77,8.43,80.0,,31.6683,0.0054,,False,0.4311
3501509,Alvinlândia,SP,Sudeste,91.84,7.67,4.0,76.03,83.3843,0.1076,7.3543,False,0.4306
3118700,Coqueiral,MG,Sudeste,82.47,8.67,15.0,74.0,79.8188,0.0287,5.8188,False,0.4303
5207535,Faina,GO,Centro-Oeste,70.81,12.47,16.0,75.57,78.206,0.0269,2.636,False,0.4298
2413805,Taboleiro Grande,RN,Nordeste,73.08,17.18,8.0,56.6,63.7899,0.0536,7.1899,False,0.4289
5104526,Ipiranga do Norte,MT,Centro-Oeste,59.48,7.93,68.0,67.71,72.5831,0.0063,4.8731,False,0.427
3548104,Santo Antônio do Jardim,SP,Sudeste,72.45,10.54,20.0,74.11,79.5933,0.0213,5.4833,False,0.4266
4305959,Cotiporã,RS,Sul,44.16,16.69,20.0,75.82,61.8341,0.0213,-13.9859,False,0.4259
2304202,Crato,CE,Nordeste,95.37,1.18,56.0,80.0,95.1726,0.0076,15.1726,False,0.4258
3528700,Marabá Paulista,SP,Sudeste,48.33,18.19,16.0,74.09,67.4076,0.0265,-6.6824,False,0.4247
4308854,Gentil,RS,Sul,85.71,18.33,2.0,80.0,52.6296,0.2123,-27.3704,True,0.4246
2312106,Santana do Cariri,CE,Nordeste,96.45,2.79,6.0,80.0,88.4894,0.0707,8.4894,False,0.4244
2411429,Santana do Seridó,RN,Nordeste,40.91,20.55,16.0,61.37,37.4098,0.0265,-23.9602,True,0.4237
4323358,Vila Lângaro,RS,Sul,52.94,23.73,8.0,73.94,62.6202,0.0529,-11.3198,False,0.4228
2205276,Jatobá do Piauí,PI,Nordeste,95.24,6.44,2.0,75.72,83.2188,0.2112,7.4988,False,0.4224
3518107,Guarantã,SP,Sudeste,47.49,13.23,33.0,71.08,73.2031,0.0128,2.1231,False,0.4216
3533254,Novais,SP,Sudeste,63.99,10.66,29.0,72.18,81.9067,0.0145,9.7267,False,0.4212
3554953,Tuiuti,SP,Sudeste,55.64,12.08,31.0,70.28,68.8136,0.0136,-1.4664,False,0.4207
4204194,Chapadão do Lageado,SC,Sul,65.91,13.56,18.0,61.44,66.282,0.0233,4.842,False,0.4203
4210035,Luzerna,SC,Sul,79.75,10.25,15.0,75.09,80.9021,0.028,5.8121,False,0.4201
4207858,Irati,SC,Sul,87.83,12.91,4.0,80.0,81.478,0.105,1.478,False,0.4199
4116950,Nova Esperança do Sudoeste,PR,Sul,88.59,6.7,11.0,80.0,80.7309,0.0381,0.7309,False,0.4187
4125308,São Jorge do Ivaí,PR,Sul,70.72,12.05,16.0,80.0,74.5561,0.0261,-5.4439,False,0.4174
3533601,Nuporanga,SP,Sudeste,64.88,10.71,29.0,72.76,79.6348,0.0144,6.8748,False,0.4167
3542305,Redenção da Serra,SP,Sudeste,84.33,10.02,8.0,80.0,83.2594,0.0519,3.2594,False,0.4156
5222005,Vianópolis,GO,Centro-Oeste,89.5,4.87,17.0,80.0,81.2861,0.0244,1.2861,False,0.4149
2919009,Lajedinho,BA,Nordeste,21.21,13.95,26.0,59.77,35.5309,0.0159,-24.2391,True,0.4147
4121307,Rancho Alegre,PR,Sul,86.02,9.63,8.0,77.9,84.4682,0.0517,6.5682,False,0.4134
2509156,Marizópolis,PB,Nordeste,98.16,3.58,1.0,80.0,80.0117,0.4129,0.0117,False,0.4129
3531704,Monteiro Lobato,SP,Sudeste,50.9,13.75,28.0,70.87,70.3608,0.0147,-0.5092,False,0.4121
2400406,Água Nova,RN,Nordeste,39.67,17.73,20.0,47.49,58.5139,0.0205,11.0239,False,0.4102
3140209,Maripá de Minas,MG,Sudeste,59.21,15.06,18.0,70.12,78.8661,0.0227,8.7461,False,0.4093
3516002,Flórida Paulista,SP,Sudeste,54.56,10.66,40.0,80.0,72.3496,0.0102,-7.6504,False,0.4091
4106100,Conselheiro Mairinck,PR,Sul,69.16,12.97,17.0,60.81,76.2909,0.024,15.4809,False,0.4087
3159704,Santa Rosa da Serra,MG,Sudeste,79.87,12.36,11.0,75.13,82.8017,0.037,7.6717,False,0.407
4108650,Goioxim,PR,Sul,90.43,7.28,7.0,80.0,84.6271,0.058,4.6271,False,0.4063
2304707,Granja,CE,Nordeste,97.78,1.11,15.0,80.0,96.2865,0.0271,16.2865,False,0.4061
3128808,Guidoval,MG,Sudeste,58.56,10.77,36.0,67.71,78.0345,0.0112,10.3245,False,0.404
1703073,Barra do Ouro,TO,Norte,18.25,8.99,62.0,26.26,39.6557,0.0065,13.3957,False,0.4039
2512036,Poço Dantas,PB,Nordeste,81.67,11.53,9.0,38.76,89.5976,0.0449,50.8376,False,0.4038
5106273,Novo Horizonte do Norte,MT,Centro-Oeste,69.11,12.99,17.0,68.47,83.6625,0.0237,15.1925,False,0.4037
2306702,Jaguaretama,CE,Nordeste,93.66,3.63,11.0,80.0,94.6015,0.0366,14.6015,False,0.4026
4113734,Luiziana,PR,Sul,86.6,7.05,13.0,80.0,82.6471,0.0308,2.6471,False,0.4008
3150208,Piedade de Ponte Nova,MG,Sudeste,80.02,13.22,8.0,49.01,78.3894,0.0497,29.3794,False,0.3978
3144409,Natércia,MG,Sudeste,86.27,10.22,7.0,73.25,86.2412,0.0568,12.9912,False,0.3977
5005103,Jateí,MS,Centro-Oeste,56.25,24.31,7.0,70.92,64.0579,0.0568,-6.8621,False,0.3975
2311504,Quixeré,CE,Nordeste,93.13,3.76,12.0,80.0,86.0247,0.0331,6.0247,False,0.397
3523008,Itapura,SP,Sudeste,79.05,11.57,11.0,59.5,84.6198,0.036,25.1198,False,0.3964
3200102,Afonso Cláudio,ES,Sudeste,95.39,2.95,10.0,80.0,89.1116,0.0395,9.1116,False,0.3947
3521150,Ipiguá,SP,Sudeste,43.3,11.82,43.0,58.39,65.937,0.0091,7.547,False,0.3931
2414456,Triunfo Potiguar,RN,Nordeste,10.95,10.17,41.0,18.14,38.9844,0.0096,20.8444,False,0.392
3123908,Entre Rios de Minas,MG,Sudeste,91.73,5.18,9.0,80.0,83.6571,0.0432,3.6571,False,0.3891
3110806,Campanário,MG,Sudeste,47.58,19.26,15.0,67.47,59.2601,0.0259,-8.2099,False,0.3887
2303303,Cariús,CE,Nordeste,95.26,3.21,8.0,80.0,95.2317,0.0486,15.2317,False,0.3887
2201176,Barra D'Alcântara,PI,Nordeste,93.18,7.45,3.0,67.24,85.0816,0.1292,17.8416,False,0.3876
3132602,Itamarati de Minas,MG,Sudeste,73.68,14.0,10.0,58.41,79.077,0.0387,20.667,False,0.3874
3507456,Borebi,SP,Sudeste,53.42,13.57,26.0,67.24,65.8551,0.0149,-1.3849,False,0.3871
4316436,Saldanha Marinho,RS,Sul,69.57,18.8,7.0,54.75,61.6141,0.0552,6.8641,False,0.3861
3502408,Anhumas,SP,Sudeste,57.39,15.33,18.0,71.12,77.8904,0.0214,6.7704,False,0.3859
3110202,Cajuri,MG,Sudeste,69.57,13.3,14.0,69.29,81.4922,0.0275,12.2022,False,0.3854
4300406,Alegrete,RS,Sul,40.96,8.31,145.0,,43.87,0.0027,,False,0.3844
3125507,São Gonçalo do Rio Preto,MG,Sudeste,83.36,13.37,5.0,80.0,84.6728,0.0768,4.6728,False,0.3842
3547908,Santo Antônio da Alegria,SP,Sudeste,67.18,11.53,23.0,59.54,72.8725,0.0167,13.3325,False,0.3836
2310100,Palmácia,CE,Nordeste,94.31,4.09,7.0,80.0,90.8505,0.0547,10.8505,False,0.3826
4218350,Treviso,SC,Sul,56.28,16.61,19.0,72.19,64.1545,0.0201,-8.0355,False,0.3826
3116407,Claraval,MG,Sudeste,84.7,8.71,11.0,76.49,82.1225,0.0346,5.6325,False,0.381
3160207,Santo Antônio do Itambé,MG,Sudeste,47.9,18.33,18.0,57.67,67.0404,0.0211,9.3704,False,0.3801
3531209,Monte Alegre do Sul,SP,Sudeste,56.59,12.55,28.0,63.25,78.3532,0.0136,15.1032,False,0.3796
3108107,Bonfim,MG,Sudeste,85.96,9.2,10.0,72.64,83.2395,0.0377,10.5995,False,0.3768
3116902,Comendador Gomes,MG,Sudeste,74.3,13.73,11.0,49.4,69.221,0.0342,19.821,False,0.3767
4217154,São Miguel da Boa Vista,SC,Sul,84.21,16.4,4.0,80.0,88.4038,0.0941,8.4038,False,0.3766
4215679,Santa Terezinha,SC,Sul,69.26,11.48,21.0,80.0,77.2296,0.0179,-2.7704,False,0.3759
3150604,Piracema,MG,Sudeste,76.31,10.76,16.0,71.11,83.3975,0.0235,12.2875,False,0.3755
3540259,Pontalinda,SP,Sudeste,51.66,15.98,20.0,56.02,75.7078,0.0187,19.6878,False,0.3746
4203956,Capivari de Baixo,SC,Sul,58.8,9.21,98.0,,62.826,0.0038,,False,0.3739
4112405,Japurá,PR,Sul,80.87,8.17,18.0,75.43,75.3861,0.0208,-0.0439,False,0.3736
3126000,Florestal,MG,Sudeste,85.73,7.82,12.0,64.61,84.1687,0.031,19.5587,False,0.3722
2414308,Timbaúba dos Batistas,RN,Nordeste,40.0,24.79,9.0,36.41,38.0201,0.0413,1.6101,False,0.3718
4103404,Cafeara,PR,Sul,63.41,16.47,13.0,80.0,72.1999,0.0286,-7.8001,False,0.3716
4125902,São Pedro do Paraná,PR,Sul,75.0,21.22,5.0,74.43,73.3084,0.0742,-1.1216,False,0.3711
2501534,Baraúna,PB,Nordeste,89.76,7.76,7.0,66.08,88.3003,0.053,22.2203,False,0.3707
4321634,Três Arroios,RS,Sul,40.0,24.79,9.0,80.0,62.4947,0.0411,-17.5053,False,0.3703
2500106,Água Branca,PB,Nordeste,52.66,10.5,44.0,58.14,72.4174,0.0084,14.2774,False,0.3695
2201002,Arraial,PI,Nordeste,98.15,3.6,1.0,80.0,83.7274,0.368,3.7274,False,0.368
3544103,Rio Grande da Serra,SP,Sudeste,57.14,25.92,6.0,46.18,52.0472,0.0611,5.8672,False,0.3665
3553906,Tarabai,SP,Sudeste,67.98,10.36,26.0,78.91,79.5814,0.0141,0.6714,False,0.3653
3100401,Acaiaca,MG,Sudeste,73.93,16.93,7.0,80.0,72.6787,0.0521,-7.3213,False,0.3644
2400307,Afonso Bezerra,RN,Nordeste,59.24,14.65,25.0,,38.5256,0.0145,,False,0.3637
3134509,Itutinga,MG,Sudeste,76.36,15.17,8.0,60.71,75.6808,0.0454,14.9708,False,0.3634
3167806,Soledade de Minas,MG,Sudeste,88.35,8.09,8.0,75.23,84.2683,0.0454,9.0383,False,0.3628
3159209,Santa Rita de Caldas,MG,Sudeste,92.49,6.33,5.0,80.0,82.8703,0.0721,2.8703,False,0.3603
3145372,Novorizonte,MG,Sudeste,92.7,9.71,2.0,71.83,68.1792,0.18,-3.6508,False,0.36
4112306,Japira,PR,Sul,64.46,13.99,18.0,76.98,69.6576,0.02,-7.3224,False,0.3595
4213906,Presidente Castello Branco,SC,Sul,61.9,20.77,9.0,57.74,68.8282,0.0399,11.0882,False,0.3589
4304853,Carlos Gomes,RS,Sul,50.0,28.29,6.0,62.87,59.9581,0.0596,-2.9119,False,0.3579
4216255,São João do Oeste,SC,Sul,92.42,6.39,5.0,80.0,91.0033,0.0716,11.0033,False,0.3578
5220686,Simolândia,GO,Centro-Oeste,77.82,10.23,14.0,80.0,80.4113,0.0254,0.4113,False,0.3553
3556602,Vera Cruz,SP,Sudeste,50.96,10.12,49.0,68.3,72.1559,0.0073,3.8559,False,0.3553
3203601,Mucurici,ES,Sudeste,84.1,8.62,11.0,80.0,87.3018,0.0322,7.3018,False,0.3545
4207650,Iporã do Oeste,SC,Sul,92.29,8.36,4.0,80.0,85.0334,0.0878,5.0334,False,0.3513
3527801,Lupércio,SP,Sudeste,60.96,15.95,15.0,63.6,72.7477,0.0233,9.1477,False,0.3502
2514701,São José do Sabugi,PB,Nordeste,48.55,17.61,16.0,60.81,60.9309,0.0219,0.1209,False,0.35
3511201,Catiguá,SP,Sudeste,84.7,8.72,11.0,62.68,83.8638,0.0318,21.1838,False,0.3494
3157609,Santa Fé de Minas,MG,Sudeste,72.51,13.85,11.0,47.56,78.7839,0.0317,31.2239,False,0.3484
4209201,Lacerdópolis,SC,Sul,75.01,14.14,10.0,73.13,83.7109,0.0348,10.5809,False,0.3481
3172202,Wenceslau Braz,MG,Sudeste,70.34,18.45,9.0,58.85,75.8416,0.0387,16.9916,False,0.348
3530904,Mombuca,SP,Sudeste,74.25,11.64,16.0,63.72,80.4078,0.0217,16.6878,False,0.3478
5203962,Buritinópolis,GO,Centro-Oeste,85.08,11.03,7.0,59.29,84.2522,0.0496,24.9622,False,0.3472
3156205,Rochedo de Minas,MG,Sudeste,58.33,19.72,12.0,64.21,70.6465,0.0289,6.4365,False,0.3471
3509809,Campos Novos Paulista,SP,Sudeste,86.59,8.65,9.0,46.51,88.1703,0.0385,41.6603,False,0.3469
2305001,Guaraciaba do Norte,CE,Nordeste,95.65,1.61,27.0,80.0,94.8951,0.0128,14.8951,False,0.3462
3163300,São José do Divino,MG,Sudeste,54.62,19.98,12.0,56.54,68.8073,0.0288,12.2673,False,0.3457
2207108,Olho D'Água do Piauí,PI,Nordeste,85.71,14.97,3.0,68.16,77.216,0.1152,9.056,False,0.3455
3107604,Bom Jesus da Penha,MG,Sudeste,87.21,9.56,7.0,60.63,83.8115,0.0493,23.1815,False,0.3452
4309258,Guabiju,RS,Sul,66.67,23.86,5.0,69.21,65.6704,0.0687,-3.5396,False,0.3437
3163805,São Miguel do Anta,MG,Sudeste,78.03,9.83,15.0,76.42,82.1779,0.0229,5.7579,False,0.3436
3115904,Chácara,MG,Sudeste,44.91,13.97,31.0,43.78,72.3729,0.0111,28.5929,False,0.3431
3553203,Taiúva,SP,Sudeste,57.37,12.41,27.0,71.88,76.5922,0.0126,4.7122,False,0.3414
3536406,Paulicéia,SP,Sudeste,75.86,7.93,28.0,71.29,84.1125,0.0122,12.8225,False,0.3412
2202778,Colônia do Piauí,PI,Nordeste,42.84,12.97,34.0,66.43,69.3189,0.01,2.8889,False,0.3407
4323606,Vista Alegre do Prata,RS,Sul,85.71,18.33,2.0,80.0,62.8412,0.1703,-17.1588,False,0.3406
3105301,Bandeira do Sul,MG,Sudeste,94.51,5.23,4.0,75.43,78.8159,0.0851,3.3859,False,0.3406
3100302,Abre Campo,MG,Sudeste,86.67,17.2,3.0,80.0,85.6418,0.1132,5.6418,False,0.3395
4113106,Kaloré,PR,Sul,77.98,12.7,9.0,80.0,75.6955,0.0375,-4.3045,False,0.3373
3543105,Ribeirão Corrente,SP,Sudeste,74.51,11.14,16.0,74.4,83.6676,0.021,9.2676,False,0.3366
3532702,Nipoã,SP,Sudeste,80.24,10.43,14.0,80.0,83.7201,0.024,3.7201,False,0.3361
3160959,São Domingos das Dores,MG,Sudeste,93.62,4.94,6.0,80.0,85.6062,0.056,5.6062,False,0.3357
5203203,Barro Alto,GO,Centro-Oeste,77.88,6.87,34.0,80.0,85.4527,0.0098,5.4527,False,0.3342
5107248,Santa Carmem,MT,Centro-Oeste,93.91,4.73,6.0,74.14,79.8874,0.0555,5.7474,False,0.3332
5215207,Novo Brasil,GO,Centro-Oeste,54.84,17.52,14.0,80.0,64.7725,0.0237,-15.2275,False,0.3325
2205532,Jurema,PI,Nordeste,98.36,3.19,1.0,80.0,91.1594,0.3293,11.1594,False,0.3293
3166204,Senhora dos Remédios,MG,Sudeste,77.91,10.57,14.0,80.0,81.8409,0.0233,1.8409,False,0.3257
2300606,Altaneira,CE,Nordeste,88.52,5.87,13.0,80.0,91.5231,0.025,11.5231,False,0.3248
2412807,São Rafael,RN,Nordeste,25.45,12.9,38.0,35.36,54.7605,0.0085,19.4005,False,0.3247
3546504,Santa Ernestina,SP,Sudeste,92.26,7.32,4.0,80.0,85.1223,0.0811,5.1223,False,0.3246
4312005,Mariano Moro,RS,Sul,58.33,27.89,7.0,80.0,69.1378,0.0461,-10.8622,False,0.3229
2410306,Serra Caiada,RN,Nordeste,40.45,11.89,58.0,,43.0474,0.0056,,False,0.3227
4212502,Penha,SC,Sul,48.51,6.17,299.0,,51.0876,0.0011,,False,0.3217
3516507,Gabriel Monteiro,SP,Sudeste,85.45,13.19,5.0,80.0,84.7484,0.0643,4.7484,False,0.3216
4311270,Lagoa dos Três Cantos,RS,Sul,36.0,18.82,17.0,67.76,71.1473,0.0189,3.3873,False,0.3216
1707702,Filadélfia,TO,Norte,12.63,8.76,57.0,26.3,36.6668,0.0056,10.3668,False,0.321
4107546,Espigão Alto do Iguaçu,PR,Sul,81.77,8.63,15.0,74.44,80.1179,0.0214,5.6779,False,0.3207
2614402,Solidão,PE,Nordeste,93.98,5.72,4.0,76.26,85.1591,0.0801,8.8991,False,0.3205
1501253,Bannach,PA,Norte,47.37,13.45,31.0,53.57,64.0106,0.0103,10.4406,False,0.3205
3102050,Alto Caparaó,MG,Sudeste,87.16,6.79,13.0,80.0,82.6674,0.0246,2.6674,False,0.3198
3546207,Santa Cruz da Conceição,SP,Sudeste,73.36,15.82,9.0,70.86,81.1501,0.0355,10.2901,False,0.3195
4109104,Guaporema,PR,Sul,66.67,21.78,6.0,80.0,61.8047,0.0532,-18.1953,False,0.319
3200300,Alfredo Chaves,ES,Sudeste,87.55,6.35,14.0,76.17,84.6923,0.0228,8.5223,False,0.3188
4314134,Paulo Bento,RS,Sul,50.0,21.91,10.0,68.16,63.6696,0.0318,-4.4904,False,0.3183
5205901,Corumbaíba,GO,Centro-Oeste,82.63,7.4,20.0,74.1,86.532,0.0158,12.432,False,0.3159
4216305,São João Batista,SC,Sul,70.76,5.94,128.0,,66.5942,0.0025,,False,0.3155
2514107,São João do Tigre,PB,Nordeste,48.38,17.05,18.0,50.19,58.2119,0.0175,8.0219,False,0.3152
3149507,Pequeri,MG,Sudeste,69.05,13.98,13.0,46.46,74.1562,0.0242,27.6962,False,0.315
3519253,Iaras,SP,Sudeste,42.77,13.21,35.0,54.53,63.7021,0.009,9.1721,False,0.3143
3519105,Iacanga,SP,Sudeste,97.67,3.19,3.0,80.0,80.1886,0.1047,0.1886,False,0.3141
4207759,Iraceminha,SC,Sul,70.07,15.58,10.0,66.85,75.8175,0.0314,8.9675,False,0.3137
2206308,Miguel Leão,PI,Nordeste,84.62,19.61,2.0,57.92,66.1949,0.1568,8.2749,False,0.3135
4215695,Santiago do Sul,SC,Sul,81.82,16.12,4.0,75.61,78.4235,0.0784,2.8135,False,0.3135
3129004,Guiricema,MG,Sudeste,82.89,11.52,8.0,56.09,83.5693,0.0392,27.4793,False,0.3134
2304103,Crateús,CE,Nordeste,97.31,1.23,18.0,80.0,91.8239,0.0174,11.8239,False,0.3129
4128302,Uniflor,PR,Sul,73.33,22.38,5.0,66.65,70.8913,0.0625,4.2413,False,0.3127
2508703,Mãe d'Água,PB,Nordeste,63.64,28.43,4.0,73.13,69.3676,0.078,-3.7624,False,0.3122
3533205,Nova Independência,SP,Sudeste,88.79,9.25,5.0,59.63,83.9172,0.0623,24.2872,False,0.3115
2206753,Nossa Senhora de Nazaré,PI,Nordeste,95.24,9.11,1.0,37.31,83.5939,0.3107,46.2839,False,0.3107
3168804,Tiradentes,MG,Sudeste,68.34,11.52,23.0,68.0,78.6946,0.0135,10.6946,False,0.3103
2306207,Itaiçaba,CE,Nordeste,96.74,3.63,3.0,80.0,87.483,0.1034,7.483,False,0.3101
2615904,Tuparetama,PE,Nordeste,82.52,7.55,17.0,77.96,80.0602,0.0182,2.1002,False,0.3098
2514800,São José dos Cordeiros,PB,Nordeste,95.24,9.11,1.0,80.0,77.7573,0.3096,-2.2427,False,0.3096
2209609,São Félix do Piauí,PI,Nordeste,64.29,17.75,10.0,49.29,82.547,0.0309,33.257,False,0.3095
5201504,Aporé,GO,Centro-Oeste,65.79,11.9,22.0,67.8,79.052,0.0141,11.252,False,0.3094
4305603,Colorado,RS,Sul,90.0,18.59,1.0,68.91,62.2802,0.3091,-6.6298,False,0.3091
5201454,Aparecida do Rio Doce,GO,Centro-Oeste,87.08,10.56,6.0,66.23,84.2918,0.0515,18.0618,False,0.3088
4219606,Xavantina,SC,Sul,81.0,13.77,7.0,74.19,82.4344,0.0441,8.2444,False,0.3088
4116604,Nova América da Colina,PR,Sul,78.8,13.94,8.0,68.18,74.8749,0.0385,6.6949,False,0.3083
5205307,Cavalcante,GO,Centro-Oeste,84.51,7.21,16.0,66.63,70.7598,0.0192,4.1298,False,0.308
5202502,Aruanã,GO,Centro-Oeste,90.33,6.42,10.0,79.87,80.5602,0.0307,0.6902,False,0.3074
2514602,São José do Bonfim,PB,Nordeste,29.61,16.24,24.0,26.33,54.9632,0.0128,28.6332,False,0.3068
4201950,Balneário Arroio do Silva,SC,Sul,51.13,9.06,101.0,,52.3322,0.003,,False,0.3063
3118106,Congonhas do Norte,MG,Sudeste,60.53,16.16,14.0,80.0,77.9503,0.0219,-2.0497,False,0.3063
4211256,Morro Grande,SC,Sul,81.82,22.79,2.0,74.09,74.2971,0.1528,0.2071,False,0.3057
4207304,Imbituba,SC,Sul,61.52,5.73,176.0,,64.0048,0.0017,,False,0.3056
3158706,Santana do Garambéu,MG,Sudeste,87.26,13.53,3.0,57.92,78.1763,0.1018,20.2563,False,0.3053
1712801,Maurilândia do Tocantins,TO,Norte,20.68,12.81,32.0,34.87,44.7488,0.0095,9.8788,False,0.3052
3116704,Coimbra,MG,Sudeste,83.52,8.21,13.0,77.83,82.8855,0.0235,5.0555,False,0.305
4212056,Palmeira,SC,Sul,57.22,18.38,13.0,71.23,68.9527,0.0235,-2.2773,False,0.3049
3142304,Moeda,MG,Sudeste,90.6,7.86,5.0,78.51,84.4513,0.061,5.9413,False,0.3048
5212105,Joviânia,GO,Centro-Oeste,67.16,10.38,28.0,65.11,78.8246,0.0109,13.7146,False,0.3042
3517307,Guaimbê,SP,Sudeste,83.39,10.53,9.0,80.0,77.5554,0.0338,-2.4446,False,0.3041
2513851,Santo André,PB,Nordeste,35.81,18.78,18.0,56.38,59.3543,0.0169,2.9743,False,0.3041
2210201,São José do Piauí,PI,Nordeste,97.06,5.68,1.0,80.0,84.9997,0.303,4.9997,False,0.303
3151008,Piranguinho,MG,Sudeste,84.98,7.0,16.0,72.7,84.3667,0.0189,11.6667,False,0.3021
3202256,Governador Lindenberg,ES,Sudeste,77.11,13.92,9.0,69.23,79.5898,0.0335,10.3598,False,0.3018
2505352,Damião,PB,Nordeste,50.87,14.01,26.0,50.96,68.3239,0.0115,17.3639,False,0.3001
3138005,Laranjal,MG,Sudeste,82.09,10.62,10.0,52.84,85.3621,0.03,32.5221,False,0.2998
3163201,São José do Alegre,MG,Sudeste,86.27,9.48,7.0,78.14,90.3433,0.0428,12.2033,False,0.2996
4207577,Iomerê,SC,Sul,97.09,5.63,1.0,76.14,83.4457,0.2996,7.3057,False,0.2996
3549607,São José do Barreiro,SP,Sudeste,52.78,16.81,17.0,51.08,67.6919,0.0176,16.6119,False,0.2994
5218052,Porteirão,GO,Centro-Oeste,75.38,9.88,19.0,80.0,78.3149,0.0157,-1.6851,False,0.299
2310704,Pentecoste,CE,Nordeste,91.29,2.93,31.0,80.0,92.1484,0.0096,12.1484,False,0.2986
1101435,Nova União,RO,Norte,70.91,9.64,27.0,66.93,74.2637,0.011,7.3337,False,0.2972
2308005,Massapê,CE,Nordeste,95.03,2.07,21.0,80.0,93.8689,0.0141,13.8689,False,0.2965
4202453,Bombinhas,SC,Sul,68.24,6.27,127.0,,65.8676,0.0023,,False,0.2961
2311108,Porteiras,CE,Nordeste,92.1,3.32,20.0,80.0,91.7311,0.0148,11.7311,False,0.2956
2303931,Choró,CE,Nordeste,95.42,3.31,7.0,80.0,84.9304,0.0422,4.9304,False,0.2951
4306957,Entre Rios do Sul,RS,Sul,60.0,21.47,9.0,79.63,57.6629,0.0327,-21.9671,True,0.294
5108352,Vale de São Domingos,MT,Centro-Oeste,23.86,12.91,35.0,58.95,64.4311,0.0084,5.4811,False,0.294
4126702,Tamboara,PR,Sul,46.83,14.27,27.0,58.11,65.3089,0.0109,7.1989,False,0.293
3532157,Nantes,SP,Sudeste,36.18,14.84,28.0,66.01,55.9122,0.0105,-10.0978,False,0.2926
3147956,Patis,MG,Sudeste,97.25,5.31,1.0,77.83,77.6799,0.2926,-0.1501,False,0.2926
4320578,Sete de Setembro,RS,Sul,66.67,26.67,4.0,78.99,62.2926,0.073,-16.6974,False,0.292
3514205,Dolcinópolis,SP,Sudeste,65.38,18.29,9.0,77.62,78.523,0.0324,0.903,False,0.2912
3510906,Cássia dos Coqueiros,SP,Sudeste,75.0,15.0,9.0,71.28,79.8291,0.0323,8.5491,False,0.2909
5107883,Serra Nova Dourada,MT,Centro-Oeste,94.74,10.04,1.0,70.03,70.7923,0.2904,0.7623,False,0.2904
4319372,São Pedro do Butiá,RS,Sul,64.29,25.1,5.0,80.0,64.3709,0.0579,-15.6291,False,0.2896
5204706,Campinorte,GO,Centro-Oeste,81.71,6.35,28.0,75.68,84.0829,0.0103,8.4029,False,0.2888
4210050,Macieira,SC,Sul,56.25,24.31,9.0,80.0,69.258,0.0321,-10.742,False,0.2888
2914505,Irará,BA,Nordeste,32.53,10.08,56.0,,32.1518,0.0052,,False,0.2886
3501400,Álvaro de Carvalho,SP,Sudeste,58.33,17.85,14.0,63.01,73.5558,0.0206,10.5458,False,0.2884
2210052,São José do Divino,PI,Nordeste,92.65,6.2,5.0,80.0,83.8742,0.0575,3.8742,False,0.2875
3130309,Iguatama,MG,Sudeste,94.07,5.66,4.0,80.0,75.317,0.0716,-4.683,False,0.2866
3150406,Piedade dos Gerais,MG,Sudeste,83.88,10.21,9.0,74.44,85.5797,0.0316,11.1397,False,0.2848
4116406,Nossa Senhora das Graças,PR,Sul,94.81,7.02,2.0,79.4,80.0073,0.1422,0.6073,False,0.2845
3536257,Parisi,SP,Sudeste,90.72,10.01,3.0,77.71,83.5287,0.0948,5.8187,False,0.2844
4213500,Porto Belo,SC,Sul,62.55,6.02,140.0,,60.831,0.002,,False,0.2841
2409704,Pedro Avelino,RN,Nordeste,21.87,16.75,21.0,35.03,29.6475,0.0135,-5.3825,False,0.2831
3545704,Santa Albertina,SP,Sudeste,58.21,12.01,28.0,70.21,79.5025,0.0101,9.2925,False,0.283
3500907,Altair,SP,Sudeste,62.85,18.24,12.0,63.73,80.2525,0.0235,16.5225,False,0.2824
3115359,Catas Altas,MG,Sudeste,71.37,11.52,17.0,71.37,80.6012,0.0165,9.2312,False,0.2811
3127388,Goianá,MG,Sudeste,80.51,14.02,7.0,76.51,79.1271,0.0401,2.6171,False,0.2806
4323408,Vila Maria,RS,Sul,66.67,23.86,5.0,80.0,61.2006,0.056,-18.7994,False,0.2802
4306932,Entre-Ijuís,RS,Sul,51.03,19.85,14.0,56.56,51.4247,0.02,-5.1353,False,0.2801
5219803,São Domingos,GO,Centro-Oeste,65.94,9.6,33.0,56.77,71.5194,0.0084,14.7494,False,0.2787
4304101,Campos Borges,RS,Sul,33.89,16.89,23.0,41.73,56.6338,0.0121,14.9038,False,0.2784
4215554,Santa Helena,SC,Sul,66.67,18.86,8.0,78.82,78.669,0.0346,-0.151,False,0.2767
3103306,Aracitaba,MG,Sudeste,86.96,13.76,3.0,80.0,73.7882,0.0919,-6.2118,False,0.2756
4119657,Pitangueiras,PR,Sul,83.22,12.28,6.0,80.0,83.5803,0.0456,3.5803,False,0.2736
3542800,Ribeira,SP,Sudeste,53.85,20.01,12.0,68.42,66.9452,0.0228,-1.4748,False,0.2734
3513306,Cruzália,SP,Sudeste,47.06,23.73,10.0,80.0,71.7141,0.0273,-8.2859,False,0.2733
5220504,Serranópolis,GO,Centro-Oeste,66.65,9.74,30.0,62.81,80.6685,0.0091,17.8585,False,0.2726
4306130,Cruzaltense,RS,Sul,64.29,25.1,5.0,78.43,65.1903,0.0543,-13.2397,False,0.2717
3157401,Santa Cruz do Escalvado,MG,Sudeste,78.34,18.73,5.0,62.87,74.3143,0.0542,11.4443,False,0.2711
3124500,Estiva,MG,Sudeste,91.04,9.71,3.0,74.78,79.7814,0.0903,5.0014,False,0.271
5106851,Porto Estrela,MT,Centro-Oeste,77.75,15.71,6.0,80.0,74.9742,0.0452,-5.0258,False,0.2709
3520608,Indiana,SP,Sudeste,70.59,15.32,10.0,80.0,84.6705,0.0271,4.6705,False,0.2705
2308807,Moraújo,CE,Nordeste,92.86,5.51,6.0,80.0,88.9741,0.045,8.9741,False,0.27
5216809,Petrolina de Goiás,GO,Centro-Oeste,85.43,8.81,10.0,66.02,82.9083,0.0269,16.8883,False,0.2695
4319752,São Vendelino,RS,Sul,25.0,21.22,12.0,80.0,61.6499,0.0224,-18.3501,False,0.2693
3142908,Monte Azul,MG,Sudeste,66.67,30.8,3.0,80.0,60.7313,0.0898,-19.2687,False,0.2693
3526605,Lavrinhas,SP,Sudeste,46.14,10.74,47.0,61.59,66.4391,0.0057,4.8491,False,0.2689
2307809,Marco,CE,Nordeste,96.66,1.66,15.0,80.0,93.4488,0.0179,13.4488,False,0.2686
3126307,Fortaleza de Minas,MG,Sudeste,62.74,16.03,18.0,66.05,73.6972,0.0149,7.6472,False,0.268
2202026,Buriti dos Montes,PI,Nordeste,98.33,3.24,1.0,80.0,86.6543,0.2665,6.6543,False,0.2665
3531605,Monte Castelo,SP,Sudeste,94.29,7.71,2.0,70.78,85.2786,0.1332,14.4986,False,0.2664
4118451,Pato Bragado,PR,Sul,90.4,6.75,8.0,80.0,80.2904,0.0332,0.2904,False,0.266
3524204,Jaborandi,SP,Sudeste,67.19,11.26,24.0,80.0,80.2636,0.011,0.2636,False,0.2652
2311959,Salitre,CE,Nordeste,98.39,1.56,4.0,80.0,91.0529,0.0662,11.0529,False,0.2649
5100102,Acorizal,MT,Centro-Oeste,40.41,12.22,39.0,51.19,62.5184,0.0068,11.3284,False,0.2648
3510104,Cândido Rodrigues,SP,Sudeste,92.31,10.24,2.0,72.84,90.0914,0.1321,17.2514,False,0.2641
3202603,Iconha,ES,Sudeste,75.89,7.27,34.0,77.43,81.7529,0.0077,4.3229,False,0.2635
4218756,Tunápolis,SC,Sul,73.65,14.01,11.0,74.79,77.7104,0.024,2.9204,False,0.2635
3500758,Alambari,SP,Sudeste,61.45,12.32,27.0,74.2,75.9527,0.0098,1.7527,False,0.2633
4211405,Nova Erechim,SC,Sul,72.86,10.42,21.0,72.56,82.3168,0.0125,9.7568,False,0.2626
3163607,São José do Mantimento,MG,Sudeste,87.14,11.8,4.0,58.21,82.5133,0.0655,24.3033,False,0.2621
4301305,Arroio Grande,RS,Sul,38.09,12.96,52.0,,40.7106,0.005,,False,0.261
3166600,Serra da Saudade,MG,Sudeste,90.0,18.59,1.0,80.0,82.7144,0.2604,2.7144,False,0.2604
3121704,Diogo de Vasconcelos,MG,Sudeste,76.27,14.3,9.0,78.88,80.6408,0.0287,1.7608,False,0.2582
2209377,Santa Rosa do Piauí,PI,Nordeste,51.61,14.78,22.0,67.18,69.5687,0.0117,2.3887,False,0.258
3166907,Serrania,MG,Sudeste,80.9,8.96,15.0,69.02,76.7709,0.0171,7.7509,False,0.257
3127354,Glaucilândia,MG,Sudeste,71.43,23.66,4.0,64.6,74.0181,0.0641,9.4181,False,0.2566
3171071,Veredinha,MG,Sudeste,77.02,10.22,16.0,67.91,76.5944,0.016,8.6844,False,0.2564
5216452,Perolândia,GO,Centro-Oeste,77.78,12.15,10.0,78.32,84.1431,0.0256,5.8231,False,0.2556
5204805,Campo Alegre de Goiás,GO,Centro-Oeste,77.61,8.09,24.0,79.93,81.6919,0.0106,1.7619,False,0.2552
3551306,Sebastianópolis do Sul,SP,Sudeste,75.86,14.51,9.0,80.0,82.1091,0.0282,2.1091,False,0.2542
3141702,Mesquita,MG,Sudeste,63.48,11.9,26.0,61.93,75.0103,0.0097,13.0803,False,0.2535
4103958,Campina do Simão,PR,Sul,84.27,8.16,13.0,80.0,80.1651,0.0195,0.1651,False,0.253
3135902,Jesuânia,MG,Sudeste,81.2,9.99,12.0,67.86,85.3148,0.021,17.4548,False,0.2518
5206503,Cromínia,GO,Centro-Oeste,72.36,13.27,14.0,63.76,81.9469,0.0179,18.1869,False,0.2513
3201803,Divino de São Lourenço,ES,Sudeste,82.15,10.04,11.0,57.06,85.7987,0.0228,28.7387,False,0.2512
3114808,Carvalhos,MG,Sudeste,72.57,15.34,10.0,80.0,85.5111,0.0251,5.5111,False,0.2505
1301407,Eirunepé,AM,Norte,23.81,6.65,181.0,,30.5753,0.0014,,False,0.2505
5209804,Hidrolina,GO,Centro-Oeste,72.5,13.84,11.0,71.97,78.775,0.0228,6.805,False,0.2503
2406205,Lagoa d'Anta,RN,Nordeste,11.64,12.38,31.0,19.26,40.0968,0.008,20.8368,False,0.2487
4205902,Gaspar,SC,Sul,69.01,6.41,214.0,,73.5502,0.0012,,False,0.2483
3120003,Córrego Novo,MG,Sudeste,62.79,16.73,13.0,57.48,74.2645,0.019,16.7845,False,0.2476
4109203,Guaraci,PR,Sul,74.2,13.1,12.0,74.98,79.9161,0.0206,4.9361,False,0.247
4124905,São João do Caiuá,PR,Sul,93.06,6.56,4.0,80.0,85.3887,0.0616,5.3887,False,0.2464
3528106,Macaubal,SP,Sudeste,96.3,5.04,2.0,80.0,84.064,0.1231,4.064,False,0.2462
3511904,Clementina,SP,Sudeste,54.12,12.12,34.0,60.5,67.6793,0.0072,7.1793,False,0.2462
3548401,Santópolis do Aguapeí,SP,Sudeste,77.36,10.43,14.0,75.74,87.6717,0.0176,11.9317,False,0.2462
3129657,Ibiracatu,MG,Sudeste,37.76,16.82,21.0,69.35,70.6468,0.0117,1.2968,False,0.2459
3160603,Santo Hipólito,MG,Sudeste,93.33,12.62,1.0,65.72,79.1383,0.2453,13.4183,False,0.2453
4106555,Corumbataí do Sul,PR,Sul,87.98,8.36,7.0,80.0,82.9647,0.0349,2.9647,False,0.2445
3112000,Candeias,MG,Sudeste,90.37,5.99,9.0,80.0,83.5993,0.027,3.5993,False,0.2432
3552551,Suzanápolis,SP,Sudeste,90.85,9.92,4.0,80.0,80.3246,0.0607,0.3246,False,0.2429
3101201,Aiuruoca,MG,Sudeste,85.71,9.17,8.0,63.37,87.0008,0.0303,23.6308,False,0.2428
4123105,Santa Amélia,PR,Sul,91.51,9.2,3.0,80.0,82.6716,0.0805,2.6716,False,0.2415
4217758,Sul Brasil,SC,Sul,73.21,17.01,8.0,77.33,77.6574,0.0302,0.3274,False,0.2414
3160900,São Brás do Suaçuí,MG,Sudeste,81.32,11.67,9.0,72.04,86.8839,0.0268,14.8439,False,0.241
4210902,Modelo,SC,Sul,94.87,7.0,2.0,80.0,81.4267,0.1197,1.4267,False,0.2394
3503703,Ariranha,SP,Sudeste,87.22,8.31,9.0,69.0,80.2274,0.0265,11.2274,False,0.2386
4200556,Águas Frias,SC,Sul,88.24,15.32,2.0,54.69,84.1371,0.1193,29.4471,False,0.2385
4314787,Ponte Preta,RS,Sul,57.89,22.2,8.0,66.5,62.3342,0.0298,-4.1658,False,0.2384
4213153,Planalto Alegre,SC,Sul,90.34,10.37,4.0,79.69,82.7786,0.0594,3.0886,False,0.2374
3164407,São Sebastião da Bela Vista,MG,Sudeste,90.92,6.43,7.0,71.11,84.8519,0.0338,13.7419,False,0.2368
3136603,Nova União,MG,Sudeste,92.79,6.1,5.0,58.39,87.7384,0.047,29.3484,False,0.2351
5214804,Nova Aurora,GO,Centro-Oeste,84.21,16.4,3.0,29.25,82.0923,0.0784,52.8423,False,0.2351
3111705,Canaã,MG,Sudeste,87.5,13.23,3.0,77.18,76.6808,0.078,-0.4992,False,0.2339
1715002,Nova Rosalândia,TO,Norte,55.39,18.1,13.0,46.59,64.055,0.018,17.465,False,0.2336
2800100,Amparo de São Francisco,SE,Nordeste,50.0,30.99,6.0,53.53,49.2506,0.0388,-4.2794,False,0.2331
2310209,Paracuru,CE,Nordeste,95.08,1.78,28.0,80.0,94.9582,0.0083,14.9582,False,0.2317
3514924,Elisiário,SP,Sudeste,85.34,11.91,5.0,74.72,87.2544,0.0463,12.5344,False,0.2313
2201903,Bom Jesus,PI,Nordeste,98.95,1.18,3.0,80.0,89.5502,0.0763,9.5502,False,0.2288
5205471,Chapadão do Céu,GO,Centro-Oeste,87.52,4.49,27.0,80.0,86.0018,0.0085,6.0018,False,0.2283
3533700,Ocauçu,SP,Sudeste,90.38,8.02,6.0,80.0,85.5935,0.038,5.5935,False,0.2279
2308906,Morrinhos,CE,Nordeste,97.77,1.76,6.0,80.0,93.465,0.038,13.465,False,0.2278
3202900,Itarana,ES,Sudeste,82.15,8.23,15.0,78.61,86.3753,0.0151,7.7653,False,0.2267
4311130,Jari,RS,Sul,36.42,20.4,16.0,44.16,56.1665,0.0141,12.0065,False,0.2261
2301604,Assaré,CE,Nordeste,98.08,1.66,5.0,80.0,88.7775,0.0452,8.7775,False,0.2259
4119004,Pérola d'Oeste,PR,Sul,88.78,7.84,7.0,80.0,81.9273,0.0322,1.9273,False,0.2252
3545100,Salmourão,SP,Sudeste,61.69,13.06,22.0,64.58,85.601,0.0102,21.021,False,0.2244
3153301,Presidente Kubitschek,MG,Sudeste,79.88,11.79,9.0,77.02,80.1579,0.0249,3.1379,False,0.224
3161908,São Gonçalo do Rio Abaixo,MG,Sudeste,91.6,4.22,14.0,80.0,87.4826,0.016,7.4826,False,0.2239
3517109,Glicério,SP,Sudeste,86.84,10.75,5.0,73.56,85.4721,0.0447,11.9121,False,0.2235
3158805,Santana do Jacaré,MG,Sudeste,86.67,9.93,6.0,77.38,84.7408,0.0371,7.3608,False,0.2229
4207106,Ilhota,SC,Sul,47.16,7.9,132.0,,51.8694,0.0017,,False,0.2228
3166105,Senhora do Porto,MG,Sudeste,56.52,20.26,10.0,57.39,71.5171,0.0222,14.1271,False,0.2225
2412609,São Paulo do Potengi,RN,Nordeste,36.91,9.04,108.0,,38.6412,0.0021,,False,0.2223
3535200,Palmeira d'Oeste,SP,Sudeste,83.91,8.33,13.0,71.53,81.1262,0.017,9.5962,False,0.2216
2204154,Francisco Macedo,PI,Nordeste,95.24,9.11,1.0,66.09,88.9965,0.2216,22.9065,False,0.2216
4202099,Barra Bonita,SC,Sul,66.67,21.78,7.0,59.77,58.6758,0.0316,-1.0942,False,0.2213
5207808,Firminópolis,GO,Centro-Oeste,70.8,9.69,26.0,77.78,84.1198,0.0085,6.3398,False,0.221
3528304,Magda,SP,Sudeste,93.95,8.13,2.0,80.0,82.2662,0.1096,2.2662,False,0.2192
3524907,Jambeiro,SP,Sudeste,56.89,12.24,29.0,65.74,76.4193,0.0076,10.6793,False,0.2191
4208450,Itapoá,SC,Sul,53.37,6.9,221.0,,60.0762,0.001,,False,0.2187
2708105,Santana do Mundaú,AL,Nordeste,97.67,3.19,2.0,80.0,81.2896,0.1092,1.2896,False,0.2184
3534203,Orindiúva,SP,Sudeste,48.15,11.17,43.0,55.25,75.8747,0.0051,20.6247,False,0.2181
1301605,Fonte Boa,AM,Norte,35.56,7.37,162.0,,32.3005,0.0013,,False,0.2171
5107750,Salto do Céu,MT,Centro-Oeste,97.5,4.84,1.0,80.0,82.064,0.2161,2.064,False,0.2161
2807006,São Miguel do Aleixo,SE,Nordeste,46.35,19.18,15.0,51.64,52.6303,0.0143,0.9903,False,0.2147
3130002,Ibituruna,MG,Sudeste,83.33,21.09,3.0,66.89,81.1633,0.0715,14.2733,False,0.2144
3501202,Álvares Florence,SP,Sudeste,72.05,18.9,6.0,79.02,83.6385,0.0357,4.6185,False,0.214
3133105,Itanhandu,MG,Sudeste,84.22,7.86,14.0,80.0,80.5468,0.0152,0.5468,False,0.2133
2802502,General Maynard,SE,Nordeste,21.93,14.35,27.0,35.57,49.9071,0.0079,14.3371,False,0.2133
4117206,Nova Olímpia,PR,Sul,91.64,6.42,6.0,79.45,85.2647,0.0355,5.8147,False,0.2131
3139805,Mar de Espanha,MG,Sudeste,49.41,16.82,19.0,63.05,64.2403,0.0112,1.1903,False,0.2127
2700904,Belo Monte,AL,Nordeste,98.81,2.31,1.0,80.0,86.6557,0.2125,6.6557,False,0.2125
5212808,Mara Rosa,GO,Centro-Oeste,87.77,5.63,17.0,72.86,81.6824,0.0125,8.8224,False,0.2124
3147501,Passabém,MG,Sudeste,90.91,16.99,1.0,80.0,77.0374,0.2116,-2.9626,False,0.2116
2207405,Palmeira do Piauí,PI,Nordeste,72.22,14.63,10.0,73.69,85.6417,0.0211,11.9517,False,0.2112
2209906,São João da Serra,PI,Nordeste,93.97,6.62,3.0,59.26,80.272,0.0704,21.012,False,0.2111
5206909,Davinópolis,GO,Centro-Oeste,83.13,15.12,5.0,80.0,76.4735,0.0422,-3.5265,False,0.211
3108701,Brás Pires,MG,Sudeste,81.16,12.58,7.0,62.28,84.2946,0.0301,22.0146,False,0.2108
3103801,Arapuá,MG,Sudeste,92.01,10.6,2.0,80.0,84.2962,0.1052,4.2962,False,0.2105
1300631,Beruri,AM,Norte,80.97,6.34,42.0,,64.5572,0.005,,False,0.2101
3105004,Baldim,MG,Sudeste,89.9,8.4,6.0,76.0,83.9067,0.0349,7.9067,False,0.2097
2203420,Domingos Mourão,PI,Nordeste,82.22,11.17,8.0,80.0,89.1654,0.0261,9.1654,False,0.2091
3136553,José Raydan,MG,Sudeste,77.4,14.62,8.0,79.35,79.3961,0.0261,0.0461,False,0.2085
4307831,Eugênio de Castro,RS,Sul,50.0,26.19,7.0,55.76,63.7903,0.0298,8.0303,False,0.2084
5203401,Bom Jardim de Goiás,GO,Centro-Oeste,73.26,10.03,21.0,79.39,76.6231,0.0099,-2.7669,False,0.2081
5213756,Montividiu,GO,Centro-Oeste,78.69,6.55,32.0,70.45,81.8897,0.0065,11.4397,False,0.2076
4110656,Iracema do Oeste,PR,Sul,85.71,13.0,4.0,80.0,78.1718,0.0519,-1.8282,False,0.2075
3525805,Júlio Mesquita,SP,Sudeste,55.26,13.96,24.0,70.98,78.798,0.0086,7.818,False,0.2075
3509106,Caiuá,SP,Sudeste,81.48,14.65,5.0,62.97,84.4058,0.0412,21.4358,False,0.2062
5106455,Planalto da Serra,MT,Centro-Oeste,90.32,7.37,6.0,65.58,84.989,0.0343,19.409,False,0.2058
4317954,Santo Expedito do Sul,RS,Sul,66.67,30.8,3.0,80.0,57.6198,0.0685,-22.3802,False,0.2055
2303956,Chorozinho,CE,Nordeste,97.15,2.08,7.0,80.0,95.1648,0.0292,15.1648,False,0.2045
3516804,Gastão Vidigal,SP,Sudeste,54.3,17.83,15.0,61.91,71.6418,0.0136,9.7318,False,0.2033
4115853,Mercedes,PR,Sul,93.07,4.95,7.0,80.0,87.3744,0.0289,7.3744,False,0.2026
3516853,Gavião Peixoto,SP,Sudeste,73.65,11.09,17.0,71.04,85.0748,0.0119,14.0348,False,0.2023
5211701,Jandaia,GO,Centro-Oeste,80.24,10.01,12.0,78.02,80.8056,0.0169,2.7856,False,0.2022
4122107,Rio Bom,PR,Sul,69.56,15.02,12.0,80.0,73.6884,0.0168,-6.3116,False,0.2014
4120150,Porto Barreiro,PR,Sul,86.29,12.59,4.0,80.0,84.2462,0.0502,4.2462,False,0.201
3128204,Guaraciaba,MG,Sudeste,75.0,30.01,2.0,75.89,81.6013,0.1002,5.7113,False,0.2004
4201604,Arroio Trinta,SC,Sul,76.23,12.37,14.0,80.0,79.888,0.0143,-0.112,False,0.2003
3141900,Minduri,MG,Sudeste,76.3,14.3,9.0,61.07,83.2695,0.0222,22.1995,False,0.1998
4303806,Campinas do Sul,RS,Sul,68.0,18.29,8.0,80.0,66.2822,0.0249,-13.7178,False,0.1989
4310900,Jacutinga,RS,Sul,61.9,20.77,8.0,80.0,67.8704,0.0248,-12.1296,False,0.1984
3508207,Buritizal,SP,Sudeste,56.29,13.96,24.0,80.0,80.658,0.0083,0.658,False,0.198
2514651,São José do Brejo do Cruz,PB,Nordeste,30.0,20.08,15.0,52.66,59.4494,0.0132,6.7894,False,0.1979
3122470,Dom Bosco,MG,Sudeste,84.62,19.61,2.0,63.54,74.2476,0.099,10.7076,False,0.1979
3115003,Cascalho Rico,MG,Sudeste,85.85,12.86,4.0,69.08,81.9135,0.0491,12.8335,False,0.1966
3544707,Sagres,SP,Sudeste,91.33,11.46,2.0,73.32,84.724,0.098,11.404,False,0.196
4215406,Salto Veloso,SC,Sul,72.08,12.41,17.0,80.0,78.8155,0.0115,-1.1845,False,0.196
3109808,Cachoeira Dourada,MG,Sudeste,94.74,10.04,1.0,80.0,72.7002,0.1952,-7.2998,False,0.1952
4103156,Bom Jesus do Sul,PR,Sul,93.48,7.16,3.0,80.0,89.3252,0.065,9.3252,False,0.1951
4116505,Nova Aliança do Ivaí,PR,Sul,43.75,24.31,10.0,51.24,63.4988,0.0195,12.2588,False,0.1948
3153202,Presidente Juscelino,MG,Sudeste,54.55,20.81,10.0,80.0,75.4857,0.0194,-4.5143,False,0.1944
2508554,Logradouro,PB,Nordeste,94.6,7.3,2.0,80.0,85.3313,0.0965,5.3313,False,0.193
2300705,Alto Santo,CE,Nordeste,94.15,3.35,11.0,80.0,89.6812,0.0175,9.6812,False,0.1925
3106655,Berizal,MG,Sudeste,83.33,11.27,7.0,72.0,81.9958,0.0275,9.9958,False,0.1925
5222302,Vila Propício,GO,Centro-Oeste,79.46,9.95,15.0,76.13,77.8761,0.0128,1.7461,False,0.1923
3203163,Laranja da Terra,ES,Sudeste,87.5,8.66,7.0,80.0,83.6679,0.0274,3.6679,False,0.1915
3123858,Entre Folhas,MG,Sudeste,77.48,10.39,15.0,79.04,82.2199,0.0127,3.1799,False,0.191
3500204,Adolfo,SP,Sudeste,85.8,10.51,7.0,68.85,85.1439,0.0273,16.2939,False,0.1908
1703909,Caseara,TO,Norte,31.54,11.78,51.0,32.42,42.9947,0.0037,10.5747,False,0.1906
4101853,Ariranha do Ivaí,PR,Sul,69.81,17.65,9.0,76.92,64.6057,0.0211,-12.3143,False,0.19
3148301,Paula Cândido,MG,Sudeste,89.88,7.12,7.0,62.35,86.8301,0.027,24.4801,False,0.1892
3512605,Coronel Macedo,SP,Sudeste,38.69,14.4,29.0,57.19,66.9505,0.0065,9.7605,False,0.1886
2308500,Mombaça,CE,Nordeste,93.51,2.37,27.0,80.0,91.1901,0.007,11.1901,False,0.1886
4103479,Cafezal do Sul,PR,Sul,64.73,13.31,20.0,63.64,66.953,0.0094,3.313,False,0.1883
3158300,Santana da Vargem,MG,Sudeste,87.45,11.52,5.0,69.72,84.5065,0.0376,14.7865,False,0.188
4310462,Ipiranga do Sul,RS,Sul,44.44,22.96,10.0,80.0,59.1103,0.0188,-20.8897,False,0.188
3146503,Pains,MG,Sudeste,86.82,8.01,9.0,71.49,82.4271,0.0209,10.9371,False,0.1877
3127339,Gameleiras,MG,Sudeste,53.85,27.1,6.0,53.89,71.8475,0.0312,17.9575,False,0.1871
3100807,Aguanil,MG,Sudeste,88.7,9.31,6.0,80.0,79.8106,0.0312,-0.1894,False,0.187
3144508,Nazareno,MG,Sudeste,85.37,7.36,13.0,80.0,82.9692,0.0143,2.9692,False,0.1857
2924058,Pé de Serra,BA,Nordeste,39.22,13.4,31.0,,32.5977,0.006,,False,0.1851
2310407,Paramoti,CE,Nordeste,94.2,5.51,4.0,80.0,85.3064,0.0463,5.3064,False,0.1851
3121001,Datas,MG,Sudeste,90.31,6.82,7.0,80.0,80.0967,0.0264,0.0967,False,0.1848
5209150,Gouvelândia,GO,Centro-Oeste,81.36,9.94,11.0,52.5,84.7159,0.0168,32.2159,False,0.1845
3536570,Paulistânia,SP,Sudeste,73.68,19.8,5.0,51.35,83.0653,0.0368,31.7153,False,0.1841
3515129,Emilianópolis,SP,Sudeste,88.58,12.18,3.0,58.34,82.3299,0.0611,23.9899,False,0.1833
4107850,Flor da Serra do Sul,PR,Sul,85.56,8.73,9.0,80.0,83.2087,0.0202,3.2087,False,0.182
3544806,Sales,SP,Sudeste,68.37,10.96,23.0,71.78,81.4144,0.0079,9.6344,False,0.1818
3527702,Luiziânia,SP,Sudeste,54.95,14.3,23.0,62.93,78.7504,0.0079,15.8204,False,0.1817
5210802,Itajá,GO,Centro-Oeste,82.86,12.49,6.0,80.0,78.2051,0.0302,-1.7949,False,0.1815
3540309,Pontes Gestal,SP,Sudeste,74.25,17.9,7.0,74.09,84.7367,0.0258,10.6467,False,0.1809
2305332,Ibicuitinga,CE,Nordeste,96.67,3.71,3.0,80.0,89.9043,0.0597,9.9043,False,0.1792
2406908,Lucrécia,RN,Nordeste,42.86,21.17,14.0,14.05,57.8205,0.0128,43.7705,False,0.179
3116803,Coluna,MG,Sudeste,91.21,6.25,7.0,69.19,87.7231,0.0255,18.5331,False,0.1782
5203559,Bonfinópolis,GO,Centro-Oeste,86.33,6.05,18.0,65.19,87.4638,0.0099,22.2738,False,0.1776
4125555,São Manoel do Paraná,PR,Sul,73.08,17.05,7.0,80.0,79.4542,0.0254,-0.5458,False,0.1776
3135001,Jaguaraçu,MG,Sudeste,84.51,14.04,4.0,68.06,79.7536,0.0441,11.6936,False,0.1765
2919900,Macururé,BA,Nordeste,12.5,10.25,35.0,14.66,27.9786,0.005,13.3186,False,0.176
3501806,Américo de Campos,SP,Sudeste,78.38,13.27,9.0,66.48,82.5354,0.0194,16.0554,False,0.1747
3530409,Mirassolândia,SP,Sudeste,55.96,14.06,22.0,65.98,78.0151,0.0079,12.0351,False,0.1738
3134301,Itumirim,MG,Sudeste,73.74,15.7,8.0,65.98,80.4335,0.0215,14.4535,False,0.1724
3150109,Piau,MG,Sudeste,75.59,14.77,8.0,44.48,85.7754,0.0214,41.2954,False,0.1712
3507159,Bom Sucesso de Itararé,SP,Sudeste,55.46,13.26,25.0,64.05,77.3534,0.0068,13.3034,False,0.1711
3509452,Campina do Monte Alegre,SP,Sudeste,43.46,12.09,39.0,56.83,63.4457,0.0044,6.6157,False,0.1699
5210604,Itaguaru,GO,Centro-Oeste,89.89,8.4,5.0,80.0,93.1449,0.034,13.1449,False,0.1698
3153103,Presidente Bernardes,MG,Sudeste,88.0,12.74,3.0,64.6,84.3641,0.0566,19.7641,False,0.1698
3135407,Jeceaba,MG,Sudeste,88.65,7.41,8.0,71.51,84.3194,0.0212,12.8094,False,0.1698
3500402,Águas da Prata,SP,Sudeste,61.82,13.01,21.0,69.66,79.6297,0.008,9.9697,False,0.1689
3502606,Aparecida d'Oeste,SP,Sudeste,86.16,11.22,6.0,71.2,83.7247,0.0281,12.5247,False,0.1688
3549201,São João das Duas Pontes,SP,Sudeste,80.0,24.79,3.0,80.0,75.6207,0.056,-4.3793,False,0.1679
5205000,Carmo do Rio Verde,GO,Centro-Oeste,85.78,7.17,13.0,79.18,77.6683,0.0129,-1.5117,False,0.1674
4323507,Vista Alegre,RS,Sul,33.33,30.8,7.0,80.0,59.3546,0.0239,-20.6454,False,0.1673
3526506,Lavínia,SP,Sudeste,59.08,16.38,17.0,67.84,77.4588,0.0098,9.6188,False,0.1673
3130655,Indaiabira,MG,Sudeste,89.58,8.64,5.0,63.93,86.4174,0.0334,22.4874,False,0.1669
3123403,Doresópolis,MG,Sudeste,66.67,20.16,7.0,51.51,75.3057,0.0238,23.7957,False,0.1668
5209937,Inaciolândia,GO,Centro-Oeste,87.02,7.92,9.0,77.33,86.3004,0.0185,8.9704,False,0.1664
5204300,Caçu,GO,Centro-Oeste,91.38,5.11,11.0,75.3,84.7087,0.0151,9.4087,False,0.1657
1300904,Canutama,AM,Norte,70.76,8.22,54.0,,58.4215,0.0031,,False,0.1653
2200608,Angical do Piauí,PI,Nordeste,95.88,3.96,4.0,67.49,85.1182,0.0412,17.6282,False,0.1646
4120408,Presidente Castelo Branco,PR,Sul,62.98,14.44,20.0,77.36,75.3462,0.0082,-2.0138,False,0.1646
3124609,Estrela Dalva,MG,Sudeste,66.67,20.16,7.0,80.0,71.467,0.0234,-8.533,False,0.1638
4116000,Miraselva,PR,Sul,51.39,18.2,16.0,77.92,72.871,0.0102,-5.049,False,0.1634
5200209,Água Limpa,GO,Centro-Oeste,78.26,16.86,5.0,72.84,71.3821,0.0326,-1.4579,False,0.1632
5200902,Amorinópolis,GO,Centro-Oeste,80.65,13.91,6.0,73.63,82.4263,0.0272,8.7963,False,0.163
3120839,Cuparaque,MG,Sudeste,68.98,12.62,19.0,80.0,77.8716,0.0086,-2.1284,False,0.163
4106571,Cruzeiro do Iguaçu,PR,Sul,86.53,11.01,6.0,80.0,80.8913,0.027,0.8913,False,0.1619
3528205,Macedônia,SP,Sudeste,72.5,13.84,11.0,80.0,85.9375,0.0147,5.9375,False,0.1618
3100104,Abadia dos Dourados,MG,Sudeste,96.07,5.36,2.0,67.44,88.1848,0.0798,20.7448,False,0.1596
5219738,Santo Antônio de Goiás,GO,Centro-Oeste,82.9,7.43,20.0,80.0,86.8952,0.008,6.8952,False,0.1594
3169208,Tombos,MG,Sudeste,80.54,9.49,13.0,64.39,85.3496,0.0122,20.9596,False,0.1586
3138682,Luislândia,MG,Sudeste,85.0,15.65,3.0,59.77,82.5502,0.0527,22.7802,False,0.1581
3144201,Nacip Raydan,MG,Sudeste,62.86,19.65,10.0,65.62,72.6081,0.0158,6.9881,False,0.1581
4202859,Braço do Trombudo,SC,Sul,64.2,15.01,21.0,67.94,75.7668,0.0075,7.8268,False,0.1576
3148806,Pedra do Anta,MG,Sudeste,85.52,11.76,5.0,80.0,83.0233,0.0315,3.0233,False,0.1574
3140407,Marmelópolis,MG,Sudeste,84.57,13.91,4.0,77.76,86.6711,0.0393,8.9111,False,0.1572
2513653,Joca Claudino,PB,Nordeste,90.09,10.65,3.0,52.44,86.6728,0.0523,34.2328,False,0.157
4120101,Porto Amazonas,PR,Sul,76.82,11.03,14.0,72.98,83.1483,0.0112,10.1683,False,0.1569
3167004,Serranos,MG,Sudeste,82.11,14.33,5.0,51.51,88.6741,0.0313,37.1641,False,0.1565
3104452,Aricanduva,MG,Sudeste,84.87,11.23,7.0,64.15,86.0842,0.0223,21.9342,False,0.1562
4212601,Peritiba,SC,Sul,87.5,13.23,4.0,80.0,83.4024,0.0388,3.4024,False,0.1552
4305454,Cidreira,RS,Sul,28.22,8.75,117.0,,36.2006,0.0013,,False,0.1533
3121100,Delfim Moreira,MG,Sudeste,93.02,7.61,3.0,68.79,89.5788,0.0509,20.7888,False,0.1527
4210555,Marema,SC,Sul,75.95,18.53,6.0,76.69,86.9094,0.0249,10.2194,False,0.1496
3108404,Botelhos,MG,Sudeste,87.53,7.24,10.0,70.13,85.3782,0.0149,15.2482,False,0.1494
4120853,Quatro Pontes,PR,Sul,89.54,7.33,8.0,80.0,80.9783,0.0187,0.9783,False,0.1493
1715507,Oliveira de Fátima,TO,Norte,31.58,20.9,14.0,59.77,57.728,0.0106,-2.042,False,0.1489
4107520,Esperança Nova,PR,Sul,71.05,15.96,9.0,54.21,76.515,0.0164,22.305,False,0.1477
3121902,Divinésia,MG,Sudeste,75.0,11.77,13.0,54.85,84.9078,0.0112,30.0578,False,0.1459
3165552,Setubinha,MG,Sudeste,60.0,30.36,4.0,58.89,74.7862,0.0363,15.8962,False,0.1453
3533304,Nova Luzitânia,SP,Sudeste,73.33,13.51,11.0,78.53,86.7288,0.0131,8.1988,False,0.144
4214805,Rio do Sul,SC,Sul,50.82,5.91,222.0,,59.7955,0.0006,,False,0.1431
3127370,Goiabeira,MG,Sudeste,91.43,9.27,3.0,71.64,81.1987,0.0476,9.5587,False,0.1429
5205521,Colinas do Sul,GO,Centro-Oeste,58.88,12.89,24.0,68.3,70.5363,0.0059,2.2363,False,0.1426
3127404,Gonçalves,MG,Sudeste,77.02,11.91,11.0,67.92,84.3586,0.013,16.4386,False,0.1425
2306108,Irauçuba,CE,Nordeste,96.76,1.88,11.0,80.0,94.8041,0.0129,14.8041,False,0.1424
5200175,Água Fria de Goiás,GO,Centro-Oeste,87.43,6.97,11.0,63.71,89.2639,0.0129,25.5539,False,0.1419
4122800,Salgado Filho,PR,Sul,93.11,6.52,4.0,80.0,88.5423,0.0354,8.5423,False,0.1415
4301552,Áurea,RS,Sul,37.5,23.72,10.0,80.0,62.5339,0.0141,-17.4661,False,0.141
3166402,Seritinga,MG,Sudeste,75.0,18.98,6.0,69.15,80.6659,0.0235,11.5159,False,0.1408
4306304,David Canabarro,RS,Sul,45.45,29.43,6.0,52.02,66.1718,0.0235,14.1518,False,0.1407
1200328,Jordão,AC,Norte,19.59,11.5,39.0,28.13,41.5989,0.0036,13.4689,False,0.1401
3539707,Platina,SP,Sudeste,84.61,11.33,7.0,74.09,86.9575,0.0199,12.8675,False,0.1392
2306801,Jaguaribara,CE,Nordeste,93.88,4.75,6.0,80.0,85.6802,0.0231,5.6802,False,0.1384
2401800,Brejinho,RN,Nordeste,40.27,13.19,56.0,,35.0888,0.0025,,False,0.1376
2207355,Pajeú do Piauí,PI,Nordeste,64.0,18.82,9.0,70.48,76.2124,0.0153,5.7324,False,0.1374
3515194,Espírito Santo do Turvo,SP,Sudeste,56.14,14.06,23.0,65.55,76.3573,0.006,10.8073,False,0.137
3171907,Virgolândia,MG,Sudeste,70.97,15.98,9.0,80.0,77.1263,0.0151,-2.8737,False,0.1363
3161403,São Francisco do Glória,MG,Sudeste,78.59,11.79,11.0,66.11,82.2561,0.0123,16.1461,False,0.1357
3122702,Dom Silvério,MG,Sudeste,92.47,8.21,3.0,71.02,88.3646,0.0452,17.3446,False,0.1357
3145406,Olaria,MG,Sudeste,89.13,14.41,2.0,80.0,85.667,0.0679,5.667,False,0.1357
4215687,Santa Terezinha do Progresso,SC,Sul,95.83,7.99,1.0,62.58,71.7701,0.1354,9.1901,False,0.1354
3125804,Fernandes Tourinho,MG,Sudeste,52.38,21.36,12.0,68.78,75.1806,0.0113,6.4006,False,0.1353
5206305,Cristianópolis,GO,Centro-Oeste,82.2,10.56,9.0,80.0,85.269,0.015,5.269,False,0.1349
3135308,Japaraíba,MG,Sudeste,78.5,13.25,9.0,73.82,87.6335,0.015,13.8135,False,0.1348
3547106,Santa Mercedes,SP,Sudeste,81.08,12.66,7.0,80.0,89.2635,0.0192,9.2635,False,0.1345
2302305,Bela Cruz,CE,Nordeste,97.83,1.71,6.0,80.0,93.9137,0.0224,13.9137,False,0.1344
2403202,Doutor Severiano,RN,Nordeste,52.97,14.74,24.0,62.41,65.7784,0.0056,3.3684,False,0.1338
3532868,Nova Castilho,SP,Sudeste,25.0,24.5,11.0,52.66,67.7425,0.0122,15.0825,False,0.1337
5218102,Portelândia,GO,Centro-Oeste,76.08,10.22,17.0,74.26,79.2861,0.0079,5.0261,False,0.1336
3164100,São Pedro do Suaçuí,MG,Sudeste,90.0,10.74,3.0,71.15,84.9916,0.0445,13.8416,False,0.1336
3544400,Rubiácea,SP,Sudeste,82.14,14.19,5.0,62.1,80.5535,0.0267,18.4535,False,0.1336
3514700,Echaporã,SP,Sudeste,95.07,4.71,4.0,78.49,84.0311,0.0333,5.5411,False,0.1332
4102208,Atalaia,PR,Sul,88.33,9.61,6.0,80.0,84.7575,0.0222,4.7575,False,0.1331
5218904,Rubiataba,GO,Centro-Oeste,87.69,4.53,27.0,78.26,87.3711,0.0049,9.1111,False,0.1329
3146404,Paineiras,MG,Sudeste,82.32,11.09,9.0,79.25,84.7509,0.0147,5.5009,False,0.1324
2409605,Pedra Preta,RN,Nordeste,37.5,23.72,11.0,54.21,39.8063,0.012,-14.4037,False,0.1319
5212303,Leopoldo de Bulhões,GO,Centro-Oeste,75.44,9.16,24.0,78.35,81.0314,0.0055,2.6814,False,0.1316
4200903,Angelina,SC,Sul,90.0,18.59,1.0,80.0,76.1569,0.1298,-3.8431,False,0.1298
3529609,Meridiano,SP,Sudeste,67.31,13.57,16.0,71.31,83.6417,0.0081,12.3317,False,0.1294
4319364,São Pedro das Missões,RS,Sul,90.0,18.59,1.0,80.0,63.7437,0.1292,-16.2563,False,0.1292
3527900,Lutécia,SP,Sudeste,78.67,16.87,5.0,74.2,80.9123,0.0258,6.7123,False,0.1289
3136959,Juvenília,MG,Sudeste,52.49,20.77,26.0,,61.8961,0.005,,False,0.1287
5208509,Goiandira,GO,Centro-Oeste,72.17,10.61,20.0,56.04,75.4017,0.0064,19.3617,False,0.1285
3117207,Conceição das Pedras,MG,Sudeste,76.67,15.14,7.0,65.12,81.119,0.0183,15.999,False,0.1281
5219902,São Francisco de Goiás,GO,Centro-Oeste,75.59,8.18,26.0,65.8,83.2947,0.0049,17.4947,False,0.1277
4124301,Santo Antônio do Paraíso,PR,Sul,81.17,14.85,5.0,80.0,76.921,0.0254,-3.079,False,0.1272
2408409,Olho-d'Água do Borges,RN,Nordeste,30.77,25.09,9.0,39.64,56.383,0.0141,16.743,False,0.1269
3534500,Oscar Bressane,SP,Sudeste,88.17,12.59,3.0,71.95,78.3537,0.0419,6.4037,False,0.1258
3156452,Rosário da Limeira,MG,Sudeste,78.18,16.91,7.0,63.79,84.501,0.018,20.711,False,0.1258
4215356,Saltinho,SC,Sul,75.29,17.2,6.0,80.0,84.1954,0.0209,4.1954,False,0.1253
3551207,Sarutaiá,SP,Sudeste,79.97,11.71,10.0,79.26,82.3979,0.0125,3.1379,False,0.1249
4110052,Iguatu,PR,Sul,43.48,20.26,14.0,50.31,68.1507,0.0089,17.8407,False,0.1242
3508900,Caiabu,SP,Sudeste,65.71,19.14,10.0,55.89,78.8124,0.0124,22.9224,False,0.124
4117271,Nova Tebas,PR,Sul,84.87,11.13,6.0,80.0,84.5821,0.0206,4.5821,False,0.1238
2301802,Baixio,CE,Nordeste,91.67,9.03,3.0,80.0,87.9631,0.0413,7.9631,False,0.1238
3170602,Vargem Bonita,MG,Sudeste,69.23,25.09,4.0,65.72,78.6615,0.0308,12.9415,False,0.123
4202701,Botuverá,SC,Sul,65.18,15.24,15.0,72.68,77.6574,0.0082,4.9774,False,0.1226
3138500,Liberdade,MG,Sudeste,71.21,14.38,12.0,63.95,87.0586,0.0102,23.1086,False,0.1224
2201556,Bela Vista do Piauí,PI,Nordeste,89.27,9.93,4.0,67.2,87.3238,0.0306,20.1238,False,0.1223
3515905,Floreal,SP,Sudeste,96.19,7.32,1.0,80.0,82.3549,0.1218,2.3549,False,0.1218
4319208,São Nicolau,RS,Sul,7.14,13.49,16.0,65.1,56.1008,0.0076,-8.9992,False,0.1216
5219357,Santa Isabel,GO,Centro-Oeste,77.97,13.51,9.0,79.64,81.2628,0.0135,1.6228,False,0.1215
3532843,Nova Canaã Paulista,SP,Sudeste,72.22,20.69,5.0,79.25,93.3174,0.0242,14.0674,False,0.1212
5208103,Formoso,GO,Centro-Oeste,86.67,9.93,6.0,73.67,92.1572,0.0202,18.4872,False,0.1209
3104403,Argirita,MG,Sudeste,89.33,11.42,4.0,63.26,85.6405,0.0302,22.3805,False,0.1207
3161502,São Geraldo,MG,Sudeste,92.76,6.11,5.0,80.0,83.049,0.024,3.049,False,0.1201
5106703,Ponte Branca,MT,Centro-Oeste,96.88,6.03,1.0,77.73,79.5966,0.1198,1.8666,False,0.1198
5218391,Professor Jamil,GO,Centro-Oeste,77.25,12.39,11.0,80.0,82.7409,0.0109,2.7409,False,0.1194
3119955,Córrego Fundo,MG,Sudeste,96.06,5.36,2.0,72.83,85.0652,0.0594,12.2352,False,0.1187
2304301,Farias Brito,CE,Nordeste,96.0,2.9,7.0,80.0,93.981,0.0168,13.981,False,0.1179
3529658,Mesópolis,SP,Sudeste,56.25,24.31,7.0,48.68,71.8897,0.0168,23.2097,False,0.1177
5221080,Teresina de Goiás,GO,Centro-Oeste,62.3,12.16,23.0,64.39,62.7454,0.0051,-1.6446,False,0.1169
3164431,São Sebastião da Vargem Alegre,MG,Sudeste,93.1,9.28,2.0,62.08,84.7655,0.0584,22.6855,False,0.1168
4112900,Jundiaí do Sul,PR,Sul,55.42,14.21,21.0,64.4,68.9623,0.0055,4.5623,False,0.115
3143153,Monte Formoso,MG,Sudeste,82.61,15.49,4.0,59.68,78.4379,0.0287,18.7579,False,0.1149
3537156,Pedrinhas Paulista,SP,Sudeste,67.92,16.42,10.0,72.93,77.6266,0.0115,4.6966,False,0.1145
3161601,São Geraldo da Piedade,MG,Sudeste,70.0,16.4,9.0,72.62,78.3831,0.0127,5.7631,False,0.1142
5221197,Terezópolis de Goiás,GO,Centro-Oeste,71.41,8.65,33.0,65.07,82.4763,0.0035,17.4063,False,0.1141
4103008,Boa Esperança,PR,Sul,92.95,6.68,4.0,80.0,87.212,0.0284,7.212,False,0.1137
3527256,Lourdes,SP,Sudeste,72.22,20.69,5.0,75.84,94.1354,0.0227,18.2954,False,0.1137
3118502,Consolação,MG,Sudeste,38.89,22.52,12.0,68.16,69.7172,0.0095,1.5572,False,0.1135
5200829,Amaralina,GO,Centro-Oeste,89.84,9.45,4.0,80.0,77.9288,0.0283,-2.0712,False,0.1134
2311405,Quixeramobim,CE,Nordeste,98.76,0.73,11.0,80.0,95.8265,0.0103,15.8265,False,0.1131
3526308,Lagoinha,SP,Sudeste,65.02,11.79,22.0,58.9,77.705,0.0051,18.805,False,0.1129
5216007,Panamá,GO,Centro-Oeste,84.18,12.71,6.0,76.74,82.1891,0.0188,5.4491,False,0.1125
2517209,Vieirópolis,PB,Nordeste,64.36,15.02,15.0,43.25,79.6376,0.0075,36.3876,False,0.112
3522000,Itaju,SP,Sudeste,44.34,15.8,22.0,62.39,72.0162,0.0051,9.6262,False,0.1117
3555208,Turiúba,SP,Sudeste,93.33,12.62,1.0,80.0,80.6749,0.1106,0.6749,False,0.1106
3503356,Arco-Íris,SP,Sudeste,77.27,17.51,5.0,43.57,85.3565,0.0221,41.7865,False,0.1106
2407302,Marcelino Vieira,RN,Nordeste,22.73,17.51,17.0,42.12,51.3734,0.0065,9.2534,False,0.1102
3115201,Conceição da Barra de Minas,MG,Sudeste,70.44,17.2,9.0,72.3,79.8697,0.0122,7.5697,False,0.1096
3141207,Matutina,MG,Sudeste,91.97,8.72,4.0,80.0,84.6058,0.0273,4.6058,False,0.1093
2308203,Meruoca,CE,Nordeste,98.21,1.74,4.0,80.0,94.9802,0.0273,14.9802,False,0.1091
4209805,Leoberto Leal,SC,Sul,62.5,19.37,9.0,76.51,68.713,0.012,-7.797,False,0.1079
3149002,Pedra Dourada,MG,Sudeste,80.0,13.25,7.0,62.32,87.1442,0.0153,24.8242,False,0.1073
3150539,Pingo-d'Água,MG,Sudeste,81.46,10.95,10.0,48.61,84.0886,0.0107,35.4786,False,0.1071
4106852,Cruzmaltina,PR,Sul,94.51,7.4,2.0,80.0,87.3182,0.0535,7.3182,False,0.1071
4202578,Bom Jesus do Oeste,SC,Sul,96.0,7.7,1.0,75.36,77.9957,0.1069,2.6357,False,0.1069
3123304,Dores do Turvo,MG,Sudeste,95.99,5.49,2.0,77.68,84.3314,0.0534,6.6514,False,0.1067
3147808,Passa-Vinte,MG,Sudeste,77.27,17.51,5.0,67.24,84.628,0.0213,17.388,False,0.1063
2304509,Frecheirinha,CE,Nordeste,98.18,1.77,4.0,80.0,93.7192,0.0264,13.7192,False,0.1058
2313252,Tarrafas,CE,Nordeste,91.61,5.57,9.0,80.0,94.9856,0.0117,14.9856,False,0.1052
3100708,Água Comprida,MG,Sudeste,55.31,21.84,10.0,80.0,79.4454,0.0105,-0.5546,False,0.1048
4201273,Arabutã,SC,Sul,96.31,5.03,2.0,79.57,87.9939,0.0524,8.4239,False,0.1047
4218855,União do Oeste,SC,Sul,64.99,17.43,13.0,71.41,78.6864,0.0081,7.2764,False,0.1047
2204303,Fronteiras,PI,Nordeste,96.63,3.75,3.0,80.0,90.372,0.0347,10.372,False,0.1041
5204250,Cachoeira Dourada,GO,Centro-Oeste,79.2,8.11,21.0,74.82,83.0301,0.0049,8.2101,False,0.1034
5206602,Cumari,GO,Centro-Oeste,72.73,15.2,10.0,77.33,76.26,0.0103,-1.07,False,0.1027
5205208,Caturaí,GO,Centro-Oeste,87.14,8.9,8.0,72.06,87.7766,0.0128,15.7166,False,0.1025
4206751,Ibiam,SC,Sul,96.18,7.34,1.0,70.21,80.9076,0.1017,10.6976,False,0.1017
3156106,Ritápolis,MG,Sudeste,81.94,13.05,7.0,69.35,91.8837,0.0145,22.5337,False,0.1012
2209104,Santa Cruz do Piauí,PI,Nordeste,98.15,3.6,1.0,80.0,86.0143,0.101,6.0143,False,0.101
3144904,Nova Módica,MG,Sudeste,89.38,13.91,2.0,80.0,83.534,0.0504,3.534,False,0.1007
1301100,Careiro,AM,Norte,17.29,7.75,349.0,,31.2348,0.0003,,False,0.0995
3120607,Crucilândia,MG,Sudeste,90.21,8.14,5.0,80.0,85.6591,0.0199,5.6591,False,0.0995
3138351,Leme do Prado,MG,Sudeste,92.39,8.27,3.0,61.78,84.793,0.0329,23.013,False,0.0987
2408706,Paraú,RN,Nordeste,14.29,18.33,17.0,22.17,38.355,0.0058,16.185,False,0.0984
3144672,Nova Belém,MG,Sudeste,48.0,19.58,14.0,59.77,68.0958,0.0069,8.3258,False,0.0968
4218251,Timbó Grande,SC,Sul,38.61,11.18,85.0,,40.9815,0.0011,,False,0.0965
2405306,Boa Saúde,RN,Nordeste,20.55,12.19,52.0,,45.5861,0.0018,,False,0.0953
4217550,Serra Alta,SC,Sul,97.43,4.97,1.0,80.0,84.2902,0.0934,4.2902,False,0.0934
3503158,Arapeí,SP,Sudeste,37.41,19.42,16.0,58.42,70.6468,0.0058,12.2268,False,0.0934
4312179,Mato Queimado,RS,Sul,58.33,27.89,5.0,80.0,66.7698,0.0186,-13.2302,False,0.0931
3132800,Itambé do Mato Dentro,MG,Sudeste,83.33,21.09,2.0,78.43,82.4016,0.0465,3.9716,False,0.093
2400604,Almino Afonso,RN,Nordeste,21.43,15.2,22.0,25.17,50.5555,0.0042,25.3855,False,0.0927
5201207,Anhanguera,GO,Centro-Oeste,81.25,19.13,3.0,80.0,72.2569,0.0309,-7.7431,False,0.0926
5203609,Brazabrantes,GO,Centro-Oeste,90.96,7.58,5.0,59.04,88.7714,0.0185,29.7314,False,0.0923
5222054,Vicentinópolis,GO,Centro-Oeste,84.21,7.33,15.0,78.75,85.7832,0.0061,7.0332,False,0.0915
5204656,Campinaçu,GO,Centro-Oeste,81.72,11.45,9.0,73.43,87.2603,0.0101,13.8303,False,0.0913
5220264,São Miguel do Passa Quatro,GO,Centro-Oeste,67.08,14.09,15.0,80.0,76.1556,0.006,-3.8444,False,0.0902
4204459,Coronel Martins,SC,Sul,90.42,10.32,3.0,75.61,83.0133,0.03,7.4033,False,0.09
4115903,Mirador,PR,Sul,56.0,19.46,12.0,73.37,68.8807,0.0075,-4.4893,False,0.0899
5210562,Itaguari,GO,Centro-Oeste,77.72,9.35,18.0,80.0,84.8351,0.005,4.8351,False,0.0895
4108551,Godoy Moreira,PR,Sul,74.07,16.53,7.0,80.0,83.9877,0.0127,3.9877,False,0.0888
3507209,Borá,SP,Sudeste,58.33,27.89,5.0,62.52,77.7779,0.0178,15.2579,False,0.0888
2312205,Santa Quitéria,CE,Nordeste,95.08,2.16,19.0,80.0,91.9281,0.0047,11.9281,False,0.0885
4208955,Jardinópolis,SC,Sul,77.11,19.81,5.0,80.0,82.1623,0.0176,2.1623,False,0.088
3127073,Fruta de Leite,MG,Sudeste,66.89,14.71,20.0,,64.788,0.0044,,False,0.0879
2313203,Tamboril,CE,Nordeste,98.31,1.65,4.0,80.0,94.4843,0.0218,14.4843,False,0.0873
3513850,Dirce Reis,SP,Sudeste,84.62,19.61,2.0,57.46,85.1936,0.0434,27.7336,False,0.0867
4217105,São Martinho,SC,Sul,70.0,20.08,7.0,71.8,78.7823,0.0123,6.9823,False,0.086
5204003,Cabeceiras,GO,Centro-Oeste,93.81,4.8,6.0,72.9,90.6696,0.0143,17.7696,False,0.0856
5221007,Taquaral de Goiás,GO,Centro-Oeste,75.0,12.85,12.0,72.86,88.1593,0.0071,15.2993,False,0.0849
4119251,Pinhal de São Bento,PR,Sul,97.14,5.53,1.0,80.0,86.8009,0.0845,6.8009,False,0.0845
4103024,Boa Esperança do Iguaçu,PR,Sul,93.11,9.22,2.0,76.51,79.2587,0.0422,2.7487,False,0.0845
4320305,Selbach,RS,Sul,50.0,28.29,6.0,55.76,72.5084,0.014,16.7484,False,0.0842
4206009,Governador Celso Ramos,SC,Sul,67.18,10.43,93.0,,65.5259,0.0009,,False,0.0839
5211602,Ivolândia,GO,Centro-Oeste,73.91,17.95,6.0,80.0,78.9355,0.014,-1.0645,False,0.0838
3142502,Monjolos,MG,Sudeste,95.0,9.55,1.0,80.0,71.582,0.0833,-8.418,False,0.0833
3166006,Senhora de Oliveira,MG,Sudeste,86.41,9.37,7.0,79.49,87.1629,0.0119,7.6729,False,0.0833
3152709,Prados,MG,Sudeste,93.23,6.42,4.0,75.29,85.0779,0.0207,9.7879,False,0.0828
3145505,Olímpio Noronha,MG,Sudeste,94.29,7.72,2.0,68.0,81.4625,0.0413,13.4625,False,0.0827
2206357,Milton Brandão,PI,Nordeste,33.33,26.67,9.0,50.78,49.1426,0.0092,-1.6374,False,0.0824
5205406,Ceres,GO,Centro-Oeste,94.51,3.49,9.0,80.0,85.3272,0.0091,5.3272,False,0.0818
3125200,Fama,MG,Sudeste,86.96,13.76,3.0,74.46,84.4612,0.0273,10.0012,False,0.0818
5219258,Santa Fé de Goiás,GO,Centro-Oeste,92.79,6.12,5.0,77.81,85.5914,0.0163,7.7814,False,0.0816
3122801,Dom Viçoso,MG,Sudeste,84.85,15.78,3.0,80.0,88.9432,0.0272,8.9432,False,0.0815
2210979,Tanque do Piauí,PI,Nordeste,50.0,21.91,10.0,65.39,67.7655,0.0081,2.3755,False,0.0814
3540853,Pracinha,SP,Sudeste,80.0,24.79,2.0,80.0,80.323,0.0407,0.323,False,0.0813
5102793,Carlinda,MT,Centro-Oeste,98.95,2.04,1.0,54.51,83.4462,0.0811,28.9362,False,0.0811
2313955,Varjota,CE,Nordeste,98.06,1.88,4.0,80.0,92.6933,0.0202,12.6933,False,0.0809
3557154,Zacarias,SP,Sudeste,80.0,15.68,5.0,51.41,86.5684,0.0161,35.1584,False,0.0806
2505006,Cubati,PB,Nordeste,97.46,3.47,2.0,74.36,87.1455,0.0402,12.7855,False,0.0804
5214051,Mundo Novo,GO,Centro-Oeste,94.04,4.63,6.0,80.0,90.5266,0.0132,10.5266,False,0.0791
2410108,Poço Branco,RN,Nordeste,25.35,10.84,73.0,,40.4201,0.0011,,False,0.0785
3528908,Mariápolis,SP,Sudeste,48.4,17.59,17.0,61.83,68.8292,0.0046,6.9992,False,0.0784
2409332,Santa Maria,RN,Nordeste,43.41,20.26,22.0,,37.706,0.0035,,False,0.0777
3543238,Ribeirão dos Índios,SP,Sudeste,91.67,15.64,1.0,73.53,89.3343,0.0775,15.8043,False,0.0775
2414605,Upanema,RN,Nordeste,44.01,15.78,32.0,,34.8034,0.0024,,False,0.0772
3103108,Antônio Prado de Minas,MG,Sudeste,86.67,17.2,2.0,78.99,89.2985,0.0385,10.3085,False,0.077
2304806,Granjeiro,CE,Nordeste,91.6,7.05,5.0,80.0,97.3514,0.0154,17.3514,False,0.0769
3126406,Fortuna de Minas,MG,Sudeste,90.83,12.16,2.0,66.0,82.088,0.0384,16.088,False,0.0768
2304905,Groaíras,CE,Nordeste,96.95,2.95,4.0,80.0,94.5976,0.0191,14.5976,False,0.0765
5203575,Bonópolis,GO,Centro-Oeste,61.76,13.91,19.0,59.02,71.3559,0.004,12.3359,False,0.0764
2411809,São Fernando,RN,Nordeste,64.87,17.73,14.0,,41.4856,0.0055,,False,0.0764
5215652,Palestina de Goiás,GO,Centro-Oeste,74.42,13.04,11.0,79.68,83.5884,0.0069,3.9084,False,0.0759
5212253,Lagoa Santa,GO,Centro-Oeste,76.19,18.22,5.0,80.0,73.931,0.0151,-6.069,False,0.0757
4107553,Farol,PR,Sul,96.3,5.05,2.0,77.17,84.8136,0.0378,7.6436,False,0.0756
3102209,Alvarenga,MG,Sudeste,87.48,11.53,4.0,52.3,86.3252,0.0188,34.0252,False,0.0754
5220702,Sítio d'Abadia,GO,Centro-Oeste,79.41,13.59,7.0,64.93,77.3052,0.0107,12.3752,False,0.075
3553658,Taquaral,SP,Sudeste,27.27,26.32,9.0,76.51,67.9454,0.0083,-8.5646,False,0.0746
3540101,Pongaí,SP,Sudeste,91.45,9.29,3.0,80.0,81.2071,0.0248,1.2071,False,0.0744
3165560,Sem-Peixe,MG,Sudeste,84.62,19.61,2.0,77.52,75.936,0.0369,-1.584,False,0.0739
2304251,Cruz,CE,Nordeste,98.93,0.93,5.0,80.0,96.8022,0.0147,16.8022,False,0.0736
5221502,Turvânia,GO,Centro-Oeste,80.7,10.25,11.0,74.86,89.8444,0.0066,14.9844,False,0.073
3544509,Rubinéia,SP,Sudeste,75.0,15.01,9.0,66.85,89.9933,0.008,23.1433,False,0.0724
3515657,Fernão,SP,Sudeste,44.0,19.46,15.0,80.0,72.1969,0.0047,-7.8031,False,0.0708
2312502,São João do Jaguaribe,CE,Nordeste,95.97,5.46,2.0,79.87,92.6345,0.0353,12.7645,False,0.0707
4314779,Pontão,RS,Sul,46.91,23.16,19.0,,31.5731,0.0037,,False,0.0705
3102803,Andrelândia,MG,Sudeste,67.03,10.03,46.0,,75.7257,0.0015,,False,0.0696
3142254,Miravânia,MG,Sudeste,41.67,27.89,8.0,53.18,58.2746,0.0087,5.0946,False,0.0695
3155009,Rio Doce,MG,Sudeste,90.43,12.66,2.0,80.0,84.6612,0.0346,4.6612,False,0.0692
2304608,General Sampaio,CE,Nordeste,97.65,3.22,2.0,80.0,92.2671,0.0344,12.2671,False,0.0689
2206506,Monsenhor Hipólito,PI,Nordeste,97.7,3.15,2.0,80.0,91.991,0.0341,11.991,False,0.0682
3150505,Pimenta,MG,Sudeste,94.38,5.36,4.0,75.02,85.3389,0.017,10.3189,False,0.0681
2210375,São Luis do Piauí,PI,Nordeste,61.11,22.52,7.0,65.51,85.6376,0.0097,20.1276,False,0.068
1720978,Talismã,TO,Norte,75.12,15.29,11.0,,65.9341,0.0062,,False,0.0679
3554755,Trabiju,SP,Sudeste,47.37,22.45,11.0,80.0,66.9711,0.0062,-13.0289,False,0.0679
5204557,Caldazinha,GO,Centro-Oeste,60.87,14.1,18.0,74.49,82.3502,0.0038,7.8602,False,0.0678
2504108,Carrapateira,PB,Nordeste,91.67,11.06,2.0,72.43,87.8234,0.0338,15.3934,False,0.0677
5202353,Arenópolis,GO,Centro-Oeste,83.64,13.12,5.0,80.0,79.6239,0.0135,-0.3761,False,0.0675
5212907,Marzagão,GO,Centro-Oeste,83.33,10.54,8.0,80.0,83.5747,0.0084,3.5747,False,0.067
5212600,Mairipotaba,GO,Centro-Oeste,71.43,16.73,8.0,80.0,79.7467,0.0084,-0.2533,False,0.067
5219712,Santo Antônio da Barra,GO,Centro-Oeste,91.63,6.41,7.0,80.0,86.8299,0.0096,6.8299,False,0.0669
4318622,São José dos Ausentes,RS,Sul,37.12,14.03,43.0,,42.5382,0.0015,,False,0.0665
2401701,Bom Jesus,RN,Nordeste,53.32,14.43,38.0,,35.0388,0.0017,,False,0.0664
3168051,Taparuba,MG,Sudeste,80.0,15.68,5.0,55.66,81.6588,0.0132,25.9988,False,0.066
2509370,Mato Grosso,PB,Nordeste,18.18,22.79,11.0,52.66,50.0195,0.006,-2.6405,False,0.0659
3515301,Estrela do Norte,SP,Sudeste,89.26,11.48,3.0,75.14,86.3623,0.0216,11.2223,False,0.0649
3113107,Caranaíba,MG,Sudeste,83.33,21.09,2.0,73.13,86.4229,0.0319,13.2929,False,0.0637
5215256,Novo Planalto,GO,Centro-Oeste,94.53,6.01,3.0,80.0,89.2976,0.0212,9.2976,False,0.0635
3501103,Alto Alegre,SP,Sudeste,71.82,14.12,12.0,66.26,88.3846,0.0053,22.1246,False,0.0633
3547403,Santa Rita d'Oeste,SP,Sudeste,52.94,23.73,9.0,66.75,81.4292,0.007,14.6792,False,0.0627
5218607,Rialma,GO,Centro-Oeste,97.02,2.87,4.0,71.94,86.6709,0.0156,14.7309,False,0.0624
2915908,Itanagra,BA,Nordeste,24.53,11.58,40.0,,23.4802,0.0015,,False,0.0619
4200705,Alfredo Wagner,SC,Sul,37.44,11.28,66.0,,42.211,0.0009,,False,0.0612
3554656,Torre de Pedra,SP,Sudeste,30.77,17.74,18.0,47.52,73.3892,0.0034,25.8692,False,0.0609
5208152,Gameleira de Goiás,GO,Centro-Oeste,79.76,10.24,12.0,80.0,83.5015,0.0051,3.5015,False,0.0607
2918209,Jiquiriçá,BA,Nordeste,46.67,14.58,24.0,,51.6222,0.0025,,False,0.0606
5214903,Nova Roma,GO,Centro-Oeste,71.43,19.32,7.0,67.36,68.9703,0.0084,1.6103,False,0.0589
3116308,Cipotânea,MG,Sudeste,92.33,14.5,1.0,75.22,88.0391,0.0585,12.8191,False,0.0585
4204251,Cocal do Sul,SC,Sul,60.61,12.87,64.0,,51.9635,0.0009,,False,0.0579
3106408,Belo Vale,MG,Sudeste,97.32,3.66,2.0,80.0,86.2018,0.0289,6.2018,False,0.0578
5201306,Anicuns,GO,Centro-Oeste,98.09,2.14,3.0,80.0,86.7769,0.0192,6.7769,False,0.0576
4211504,Nova Trento,SC,Sul,51.4,12.55,61.0,,58.753,0.0009,,False,0.0575
3119708,Coronel Xavier Chaves,MG,Sudeste,92.31,7.25,4.0,74.8,87.3351,0.0144,12.5351,False,0.0575
3522158,Itaóca,SP,Sudeste,51.85,18.85,13.0,67.08,83.5345,0.0044,16.4545,False,0.0572
3163904,São Pedro da União,MG,Sudeste,97.04,4.04,2.0,77.87,84.8624,0.0284,6.9924,False,0.0567
3536901,Pedranópolis,SP,Sudeste,72.73,18.61,7.0,52.01,88.1841,0.008,36.1741,False,0.0561
2513984,São Francisco,PB,Nordeste,97.5,4.84,1.0,64.23,89.7082,0.056,25.4782,False,0.056
2413102,Senador Elói de Souza,RN,Nordeste,26.27,13.96,43.0,,37.9685,0.0013,,False,0.056
3544608,Sabino,SP,Sudeste,46.98,14.95,24.0,62.76,74.4161,0.0023,11.6561,False,0.0558
3538303,Piquerobi,SP,Sudeste,45.2,16.29,20.0,64.01,81.2536,0.0028,17.2436,False,0.0556
3157658,Santa Helena de Minas,MG,Sudeste,90.81,8.58,4.0,66.05,82.5515,0.0139,16.5015,False,0.0554
3531001,Monções,SP,Sudeste,80.77,15.15,5.0,80.0,91.7279,0.0111,11.7279,False,0.0554
4117297,Novo Itacolomi,PR,Sul,97.3,5.22,1.0,80.0,83.855,0.0552,3.855,False,0.0552
5221809,Urutaí,GO,Centro-Oeste,66.85,15.96,12.0,78.66,81.2456,0.0046,2.5856,False,0.0548
3103207,Araçaí,MG,Sudeste,72.22,20.69,5.0,80.0,84.3658,0.0109,4.3658,False,0.0547
3549250,São João de Iracema,SP,Sudeste,44.44,22.96,10.0,55.57,80.0092,0.0055,24.4392,False,0.0546
3534104,Oriente,SP,Sudeste,39.53,14.61,26.0,66.18,74.4424,0.0021,8.2624,False,0.0538
4107538,Entre Rios do Oeste,PR,Sul,96.24,5.11,2.0,80.0,85.5068,0.0267,5.5068,False,0.0534
5206701,Damianópolis,GO,Centro-Oeste,83.93,9.62,9.0,73.5,90.7771,0.0059,17.2771,False,0.0527
2305209,Hidrolândia,CE,Nordeste,96.11,2.82,7.0,80.0,91.0357,0.0075,11.0357,False,0.0525
3171154,Vermelho Novo,MG,Sudeste,81.82,11.4,8.0,75.52,82.9918,0.0065,7.4718,False,0.0523
5215504,Ouvidor,GO,Centro-Oeste,90.1,6.99,8.0,70.09,85.9328,0.0065,15.8428,False,0.0522
5219209,Santa Cruz de Goiás,GO,Centro-Oeste,85.77,10.55,6.0,74.87,82.9379,0.0087,8.0679,False,0.0522
3521606,Irapuru,SP,Sudeste,96.0,5.44,2.0,80.0,90.5234,0.0259,10.5234,False,0.0519
3160108,Santo Antônio do Grama,MG,Sudeste,94.3,6.26,3.0,80.0,85.6218,0.0171,5.6218,False,0.0513
3543204,Ribeirão do Sul,SP,Sudeste,58.93,14.21,20.0,75.92,81.6515,0.0026,5.7315,False,0.051
3110400,Camacho,MG,Sudeste,86.64,12.19,4.0,80.0,84.0684,0.0127,4.0684,False,0.051
3520806,Inúbia Paulista,SP,Sudeste,94.72,7.11,2.0,80.0,82.0161,0.0253,2.0161,False,0.0507
5214861,Nova Glória,GO,Centro-Oeste,87.69,9.22,6.0,80.0,92.4965,0.0083,12.4965,False,0.0499
3120409,Cristiano Otoni,MG,Sudeste,89.96,7.63,6.0,74.55,87.233,0.0082,12.683,False,0.0494
4310553,Itacurubi,RS,Sul,42.86,35.97,13.0,,37.6941,0.0038,,False,0.0488
3165008,São Tiago,MG,Sudeste,94.92,5.61,3.0,80.0,85.5205,0.0162,5.5205,False,0.0487
5221577,Uirapuru,GO,Centro-Oeste,66.67,21.78,7.0,51.79,68.7077,0.007,16.9177,False,0.0487
2311231,Potiretama,CE,Nordeste,97.47,3.46,2.0,80.0,91.3265,0.024,11.3265,False,0.048
3533106,Nova Guataporanga,SP,Sudeste,83.33,17.22,3.0,70.92,86.0829,0.0158,15.1629,False,0.0474
3109253,Bugre,MG,Sudeste,85.0,15.65,3.0,80.0,86.6512,0.0158,6.6512,False,0.0473
2305605,Independência,CE,Nordeste,98.62,1.9,2.0,80.0,92.0532,0.0235,12.0532,False,0.047
5221908,Varjão,GO,Centro-Oeste,84.78,10.38,7.0,80.0,86.7911,0.0067,6.7911,False,0.0466
5207352,Edealina,GO,Centro-Oeste,90.91,8.49,4.0,77.65,82.9491,0.0116,5.2991,False,0.0465
2304269,Deputado Irapuan Pinheiro,CE,Nordeste,98.82,2.29,1.0,80.0,96.209,0.0463,16.209,False,0.0463
3155306,Rio Manso,MG,Sudeste,98.04,3.8,1.0,73.96,87.7718,0.0462,13.8118,False,0.0462
5200852,Americano do Brasil,GO,Centro-Oeste,78.87,11.09,12.0,76.03,89.0577,0.0038,13.0277,False,0.0462
3112406,Capetinga,MG,Sudeste,79.03,9.78,22.0,,77.8538,0.0021,,False,0.0461
3169059,Tocos do Moji,MG,Sudeste,93.75,11.86,1.0,78.87,88.237,0.0458,9.367,False,0.0458
2802601,Gracho Cardoso,SE,Nordeste,16.67,21.09,10.0,35.57,42.3689,0.0046,6.7989,False,0.0455
5215900,Palminópolis,GO,Centro-Oeste,82.82,12.49,7.0,80.0,87.8803,0.0065,7.8803,False,0.0454
2305100,Guaramiranga,CE,Nordeste,95.85,4.59,3.0,63.58,92.7841,0.0149,29.2041,False,0.0447
3138708,Luminárias,MG,Sudeste,97.49,4.86,1.0,71.31,86.0506,0.0447,14.7406,False,0.0447
2312007,Santana do Acaraú,CE,Nordeste,98.26,1.51,5.0,80.0,94.4617,0.0088,14.4617,False,0.0442
2311702,Reriutaba,CE,Nordeste,98.5,1.68,3.0,80.0,95.6758,0.0145,15.6758,False,0.0436
2513802,Santa Teresinha,PB,Nordeste,42.77,16.39,23.0,52.98,64.103,0.0019,11.123,False,0.0432
2303006,Caridade,CE,Nordeste,98.73,1.75,2.0,80.0,92.7619,0.0208,12.7619,False,0.0417
1302009,Itapiranga,AM,Norte,32.81,13.02,52.0,,41.8512,0.0008,,False,0.0416
2913309,Ichu,BA,Nordeste,32.14,17.3,19.0,,37.9419,0.0022,,False,0.0416
4200309,Agronômica,SC,Sul,70.39,12.55,23.0,,69.7786,0.0018,,False,0.0411
5205059,Castelândia,GO,Centro-Oeste,91.3,8.14,4.0,80.0,83.0683,0.0103,3.0683,False,0.041
5201603,Araçu,GO,Centro-Oeste,93.2,7.42,3.0,78.08,90.1715,0.0137,12.0915,False,0.041
4205175,Entre Rios,SC,Sul,65.16,16.62,26.0,,58.9954,0.0016,,False,0.0409
5221304,Três Ranchos,GO,Centro-Oeste,84.05,14.38,5.0,79.62,82.1243,0.008,2.5043,False,0.0402
3167301,Silveirânia,MG,Sudeste,86.36,14.34,3.0,80.0,87.928,0.0134,7.928,False,0.0402
3130804,Ingaí,MG,Sudeste,87.27,13.45,3.0,61.32,87.133,0.0134,25.813,False,0.0402
3157302,Santa Bárbara do Tugúrio,MG,Sudeste,90.92,8.48,4.0,60.19,88.4182,0.0099,28.2282,False,0.0396
5219605,Santa Tereza de Goiás,GO,Centro-Oeste,91.67,9.03,3.0,80.0,91.5498,0.0131,11.5498,False,0.0393
5207105,Diorama,GO,Centro-Oeste,77.27,17.51,5.0,80.0,76.1617,0.0078,-3.8383,False,0.0392
2308609,Monsenhor Tabosa,CE,Nordeste,99.36,1.25,1.0,80.0,88.9538,0.0392,8.9538,False,0.0392
3159100,Santana dos Montes,MG,Sudeste,94.44,10.58,1.0,67.4,79.5681,0.0392,12.1681,False,0.0392
2312700,Senador Pompeu,CE,Nordeste,98.44,1.75,3.0,80.0,96.0771,0.0128,16.0771,False,0.0383
3107703,Bom Jesus do Amparo,MG,Sudeste,98.04,3.81,1.0,80.0,88.2738,0.0383,8.2738,False,0.0383
3135076,Jampruca,MG,Sudeste,43.59,18.71,22.0,,52.2478,0.0017,,False,0.0383
3552601,Tabapuã,SP,Sudeste,98.83,2.29,1.0,80.0,86.5031,0.0382,6.5031,False,0.0382
3530003,Mira Estrela,SP,Sudeste,93.03,9.32,2.0,67.08,88.4906,0.0187,21.4106,False,0.0374
4312203,Maximiliano de Almeida,RS,Sul,33.33,23.86,10.0,80.0,61.1515,0.0037,-18.8485,False,0.0374
3101300,Alagoa,MG,Sudeste,89.66,11.08,3.0,71.13,88.5908,0.0124,17.4608,False,0.0373
3164902,São Sebastião do Rio Verde,MG,Sudeste,91.3,11.52,2.0,72.08,90.4196,0.018,18.3396,False,0.0361
5213772,Montividiu do Norte,GO,Centro-Oeste,65.76,15.72,13.0,66.08,85.2615,0.0027,19.1815,False,0.035
3102506,Amparo do Serra,MG,Sudeste,73.86,16.36,12.0,,67.5885,0.0029,,False,0.0348
3166956,Serranópolis de Minas,MG,Sudeste,95.99,7.69,1.0,80.0,83.1445,0.0348,3.1445,False,0.0348
3171030,Verdelândia,MG,Sudeste,16.67,29.82,9.0,,49.4841,0.0039,,False,0.0347
3527504,Lucianópolis,SP,Sudeste,75.0,16.04,7.0,76.41,85.0678,0.0049,8.6578,False,0.0345
3122900,Dona Eusébia,MG,Sudeste,95.72,4.75,3.0,57.77,87.3639,0.0113,29.5939,False,0.034
3168309,Taquaraçu de Minas,MG,Sudeste,94.39,6.17,3.0,70.52,84.0811,0.0112,13.5611,False,0.0337
3103702,Araponga,MG,Sudeste,91.67,15.64,1.0,57.74,87.6293,0.0336,29.8893,False,0.0336
5220280,São Patrício,GO,Centro-Oeste,86.36,14.34,3.0,80.0,83.3237,0.0111,3.3237,False,0.0333
4112603,Jardim Olinda,PR,Sul,92.31,14.49,1.0,59.77,82.514,0.033,22.744,False,0.033
5220058,São João da Paraúna,GO,Centro-Oeste,87.5,13.23,3.0,80.0,85.9273,0.0109,5.9273,False,0.0328
4211850,Ouro Verde,SC,Sul,66.67,23.86,6.0,55.97,71.696,0.0054,15.726,False,0.0326
5200506,Aloândia,GO,Centro-Oeste,90.91,12.01,2.0,80.0,90.2385,0.0161,10.2385,False,0.0323
2300507,Alcântaras,CE,Nordeste,99.05,1.86,1.0,80.0,91.6335,0.0321,11.6335,False,0.0321
2504850,Coxixola,PB,Nordeste,93.33,12.62,1.0,76.51,85.502,0.0318,8.992,False,0.0318
3109600,Cachoeira da Prata,MG,Sudeste,80.0,15.68,5.0,61.41,80.0904,0.0063,18.6804,False,0.0316
2204808,Ipiranga do Piauí,PI,Nordeste,95.82,4.63,3.0,80.0,89.7904,0.0103,9.7904,False,0.031
2305902,Ipueiras,CE,Nordeste,99.54,0.64,2.0,80.0,94.0971,0.0155,14.0971,False,0.0309
2305654,Ipaporanga,CE,Nordeste,99.17,1.63,1.0,80.0,95.866,0.0308,15.866,False,0.0308
2309003,Mucambo,CE,Nordeste,98.82,1.62,2.0,80.0,88.8514,0.0152,8.8514,False,0.0304
3133907,Itaverava,MG,Sudeste,76.99,19.87,4.0,77.49,83.794,0.0075,6.304,False,0.0301
2307908,Martinópole,CE,Nordeste,99.24,1.48,1.0,80.0,93.4833,0.0295,13.4833,False,0.0295
5203807,Britânia,GO,Centro-Oeste,92.84,5.53,6.0,80.0,88.1428,0.0049,8.1428,False,0.0295
4216057,São Cristovão do Sul,SC,Sul,50.75,14.74,46.0,,49.0225,0.0006,,False,0.029
2312809,Senador Sá,CE,Nordeste,99.12,1.73,1.0,80.0,90.8172,0.0281,10.8172,False,0.0281
5216908,Pilar de Goiás,GO,Centro-Oeste,80.85,15.1,5.0,80.0,81.0631,0.0054,1.0631,False,0.0272
4214409,Rio das Antas,SC,Sul,44.53,12.19,53.0,,45.1594,0.0005,,False,0.027
3146602,Paiva,MG,Sudeste,92.86,13.49,1.0,80.0,91.968,0.0269,11.968,False,0.0269
2303105,Cariré,CE,Nordeste,98.77,1.7,2.0,80.0,92.0663,0.0134,12.0663,False,0.0268
2308351,Milhã,CE,Nordeste,97.92,2.33,3.0,80.0,94.473,0.0089,14.473,False,0.0267
5215801,Palmelo,GO,Centro-Oeste,64.71,22.72,7.0,43.57,78.2066,0.0038,34.6366,False,0.0263
5200159,Adelândia,GO,Centro-Oeste,81.98,13.07,6.0,80.0,82.5876,0.0044,2.5876,False,0.0263
5203104,Baliza,GO,Centro-Oeste,89.48,11.3,3.0,69.34,87.065,0.0087,17.725,False,0.0262
2301257,Ararendá,CE,Nordeste,99.34,1.3,1.0,80.0,91.433,0.0259,11.433,False,0.0259
5221700,Uruana,GO,Centro-Oeste,97.73,2.54,3.0,76.91,88.3868,0.0086,11.4768,False,0.0257
5210158,Ipiranga de Goiás,GO,Centro-Oeste,96.56,6.64,1.0,80.0,88.2316,0.0254,8.2316,False,0.0254
5219001,Sanclerlândia,GO,Centro-Oeste,91.83,5.8,7.0,78.65,85.0668,0.0035,6.4168,False,0.0248
3518008,Guarani d'Oeste,SP,Sudeste,57.14,25.92,6.0,80.0,96.5755,0.0041,16.5755,False,0.0246
3160504,Santo Antônio do Rio Abaixo,MG,Sudeste,91.67,15.64,1.0,66.5,77.6463,0.0245,11.1463,False,0.0245
4304358,Candiota,RS,Sul,40.95,18.57,24.0,,35.1769,0.001,,False,0.0243
2414506,Umarizal,RN,Nordeste,50.0,30.99,8.0,,37.4733,0.003,,False,0.0237
5211404,Itauçu,GO,Centro-Oeste,95.52,4.3,4.0,80.0,86.2671,0.0057,6.2671,False,0.0228
5213400,Moiporá,GO,Centro-Oeste,84.62,19.61,2.0,80.0,76.9356,0.0114,-3.0644,False,0.0228
2309201,Nova Olinda,CE,Nordeste,99.53,0.92,1.0,80.0,97.0388,0.0225,17.0388,False,0.0225
5214879,Nova Iguaçu de Goiás,GO,Centro-Oeste,95.13,6.59,2.0,80.0,86.6552,0.0111,6.6552,False,0.0222
2209856,São João da Canabrava,PI,Nordeste,96.34,7.05,1.0,80.0,90.1571,0.0217,10.1571,False,0.0217
5202601,Aurilândia,GO,Centro-Oeste,93.75,8.39,2.0,77.18,89.4632,0.0105,12.2832,False,0.021
3121506,Desterro do Melo,MG,Sudeste,96.43,6.87,1.0,71.92,90.1875,0.0204,18.2675,False,0.0204
2924678,Piraí do Norte,BA,Nordeste,42.86,14.97,24.0,,37.0481,0.0008,,False,0.0201
5218789,Rio Quente,GO,Centro-Oeste,96.08,5.33,2.0,79.47,87.9091,0.01,8.4391,False,0.02
3533809,Óleo,SP,Sudeste,70.0,20.08,6.0,64.6,87.7904,0.0033,23.1904,False,0.02
2311264,Quiterianópolis,CE,Nordeste,99.49,0.99,1.0,80.0,89.3466,0.0196,9.3466,False,0.0196
5216304,Paranaiguara,GO,Centro-Oeste,97.01,3.33,3.0,80.0,87.0328,0.0065,7.0328,False,0.0194
5221452,Trombas,GO,Centro-Oeste,94.47,7.44,2.0,80.0,89.0078,0.0096,9.0078,False,0.0191
3546256,Santa Cruz da Esperança,SP,Sudeste,42.56,21.15,13.0,56.94,70.6099,0.0014,13.6699,False,0.0178
5219704,Santa Terezinha de Goiás,GO,Centro-Oeste,96.08,4.36,3.0,80.0,89.2483,0.0059,9.2483,False,0.0176
5209457,Guarinos,GO,Centro-Oeste,95.65,8.33,1.0,61.4,79.5035,0.0175,18.1035,False,0.0175
2303808,Cedro,CE,Nordeste,98.77,1.7,2.0,80.0,95.3089,0.0087,15.3089,False,0.0173
3158409,Santana de Cataguases,MG,Sudeste,73.29,18.23,6.0,80.0,85.2365,0.0029,5.2365,False,0.0173
5204607,Campestre de Goiás,GO,Centro-Oeste,93.62,6.99,3.0,79.54,87.99,0.0058,8.45,False,0.0173
5210307,Israelândia,GO,Centro-Oeste,92.59,9.88,2.0,80.0,89.4234,0.0086,9.4234,False,0.0172
5204201,Cachoeira de Goiás,GO,Centro-Oeste,64.29,25.1,5.0,69.81,72.6199,0.0034,2.8099,False,0.0171
2304236,Croatá,CE,Nordeste,99.14,1.18,2.0,80.0,94.9989,0.0086,14.9989,False,0.0171
2309300,Nova Russas,CE,Nordeste,99.64,0.71,1.0,80.0,92.057,0.0171,12.057,False,0.0171
2313005,Solonópole,CE,Nordeste,98.96,1.44,2.0,80.0,96.3492,0.0084,16.3492,False,0.0167
5215405,Ouro Verde de Goiás,GO,Centro-Oeste,96.61,4.62,2.0,80.0,91.8742,0.0083,11.8742,False,0.0166
3515806,Flora Rica,SP,Sudeste,27.27,26.32,8.0,44.79,79.8019,0.002,35.0119,False,0.016
2910909,Firmino Alves,BA,Nordeste,23.26,12.63,33.0,,29.0052,0.0005,,False,0.0158
5213855,Morro Agudo de Goiás,GO,Centro-Oeste,96.88,6.03,1.0,80.0,80.2,0.0153,0.2,False,0.0153
3153806,Queluzito,MG,Sudeste,95.0,9.55,1.0,67.52,88.0117,0.0153,20.4917,False,0.0153
2914307,Iramaia,BA,Nordeste,36.36,16.41,21.0,,28.5831,0.0007,,False,0.0147
3102100,Alto Rio Doce,MG,Sudeste,85.28,8.3,14.0,,79.6518,0.001,,False,0.0142
4311981,Mariana Pimentel,RS,Sul,21.88,18.75,25.0,,38.5016,0.0005,,False,0.0135
3114907,Casa Grande,MG,Sudeste,94.12,11.19,1.0,72.3,86.9696,0.0129,14.6696,False,0.0129
1507466,São João da Ponta,PA,Norte,43.19,22.45,22.0,,42.3379,0.0006,,False,0.0129
2313906,Uruoca,CE,Nordeste,99.01,1.36,2.0,80.0,96.0688,0.0058,16.0688,False,0.0116
2306603,Itatira,CE,Nordeste,99.06,1.29,2.0,80.0,92.4988,0.0055,12.4988,False,0.011
4305371,Charrua,RS,Sul,0.0,0.0,12.0,,33.9947,0.0009,,False,0.0104
5219456,Santa Rita do Novo Destino,GO,Centro-Oeste,95.83,8.0,1.0,80.0,87.8808,0.0103,7.8808,False,0.0103
2310506,Pedra Branca,CE,Nordeste,99.7,0.58,1.0,80.0,94.425,0.0101,14.425,False,0.0101
3136520,José Gonçalves de Minas,MG,Sudeste,77.29,13.85,12.0,,76.7399,0.0008,,False,0.01
5213053,Mimoso de Goiás,GO,Centro-Oeste,80.0,14.31,6.0,70.92,84.1992,0.0017,13.2792,False,0.01
5214705,Nova América,GO,Centro-Oeste,95.24,9.11,1.0,80.0,81.8621,0.009,1.8621,False,0.009
3108503,Botumirim,MG,Sudeste,65.62,31.33,4.0,,62.9597,0.002,,False,0.0079
4217907,Tangará,SC,Sul,77.61,11.9,17.0,,74.1668,0.0005,,False,0.0077
2412708,São Pedro,RN,Nordeste,0.0,0.0,21.0,,31.1639,0.0003,,False,0.0072
2411056,Tibau,RN,Nordeste,22.22,19.21,23.0,,43.1261,0.0003,,False,0.007
5207501,Estrela do Norte,GO,Centro-Oeste,98.0,3.88,1.0,71.25,90.1946,0.0062,18.9446,False,0.0062
5203939,Buriti de Goiás,GO,Centro-Oeste,96.46,6.8,1.0,80.0,93.6338,0.0059,13.6338,False,0.0059
3151909,Pocrane,MG,Sudeste,95.65,8.35,1.0,80.0,81.5899,0.0055,1.5899,False,0.0055
4322103,Tucunduva,RS,Sul,16.67,21.09,16.0,,48.6338,0.0003,,False,0.0053
4209177,Jupiá,SC,Sul,57.89,22.2,16.0,,63.4839,0.0003,,False,0.0052
5209291,Guaraíta,GO,Centro-Oeste,95.32,8.96,1.0,74.87,90.151,0.0049,15.281,False,0.0049
4115739,Mato Rico,PR,Sul,92.51,9.98,3.0,,74.7661,0.0016,,False,0.0048
5206800,Damolândia,GO,Centro-Oeste,97.08,5.65,1.0,80.0,93.7,0.0047,13.7,False,0.0047
2404804,Ipueira,RN,Nordeste,22.22,27.16,10.0,,43.6736,0.0004,,False,0.0039
4205555,Frei Rogério,SC,Sul,94.95,9.63,2.0,,72.2023,0.0013,,False,0.0027
3165800,Senador José Bento,MG,Sudeste,70.0,28.4,4.0,,78.0774,0.0004,,False,0.0016
3106804,Bias Fortes,MG,Sudeste,100.0,0.0,0.0,72.3,78.2846,0.1311,5.9846,False,0.0
3529104,Marinópolis,SP,Sudeste,100.0,0.0,0.0,80.0,86.0278,0.0868,6.0278,False,0.0
3528858,Marapoama,SP,Sudeste,100.0,0.0,0.0,80.0,90.0515,0.0593,10.0515,False,0.0
4323705,Vista Gaúcha,RS,Sul,100.0,0.0,0.0,76.0,61.5055,0.6009,-14.4945,True,0.0
3119906,Córrego do Bom Jesus,MG,Sudeste,100.0,0.0,0.0,75.69,90.7646,0.0147,15.0746,False,0.0
3117603,Conceição do Pará,MG,Sudeste,100.0,0.0,0.0,,87.2711,0.0006,,False,0.0
3124708,Estrela do Indaiá,MG,Sudeste,100.0,0.0,0.0,80.0,78.721,0.1232,-1.279,True,0.0
3132008,Itacambira,MG,Sudeste,100.0,0.0,0.0,78.99,90.354,0.031,11.364,False,0.0
5219506,Santa Rosa de Goiás,GO,Centro-Oeste,100.0,0.0,0.0,80.0,93.0409,0.0079,13.0409,False,0.0
4305157,Cerro Grande,RS,Sul,100.0,0.0,0.0,,41.9236,0.0034,,False,0.0
4315008,Porto Lucena,RS,Sul,100.0,0.0,0.0,78.99,50.7477,0.3999,-28.2423,True,0.0
3532108,Murutinga do Sul,SP,Sudeste,100.0,0.0,0.0,64.91,88.6047,0.0762,23.6947,False,0.0
5101209,Araguainha,MT,Centro-Oeste,100.0,0.0,0.0,37.78,68.8916,0.2628,31.1116,False,0.0
3114709,Carvalhópolis,MG,Sudeste,100.0,0.0,0.0,77.86,87.5494,0.0232,9.6894,False,0.0
5205703,Córrego do Ouro,GO,Centro-Oeste,100.0,0.0,0.0,78.17,89.285,0.0085,11.115,False,0.0
2205607,Landri Sales,PI,Nordeste,100.0,0.0,0.0,80.0,92.0247,0.0242,12.0247,False,0.0
5219100,Santa Bárbara de Goiás,GO,Centro-Oeste,100.0,0.0,0.0,78.78,89.5735,0.004,10.7935,False,0.0
5218706,Rianápolis,GO,Centro-Oeste,100.0,0.0,0.0,77.58,87.0636,0.0133,9.4836,False,0.0
4203204,Camboriú,SC,Sul,,,0.0,,58.8795,0.0022,,False,0.0
3164803,São Sebastião do Rio Preto,MG,Sudeste,100.0,0.0,0.0,70.92,82.0885,0.0736,11.1685,False,0.0
2311009,Poranga,CE,Nordeste,100.0,0.0,0.0,80.0,93.7042,0.0182,13.7042,False,0.0
4202008,Balneário Camboriú,SC,Sul,,,0.0,,64.0789,0.0013,,False,0.0
5212055,Jesúpolis,GO,Centro-Oeste,100.0,0.0,0.0,80.0,89.5899,0.0054,9.5899,False,0.0
5212006,Jaupaci,GO,Centro-Oeste,100.0,0.0,0.0,80.0,77.1084,0.0278,-2.8916,True,0.0
2310951,Pires Ferreira,CE,Nordeste,100.0,0.0,0.0,80.0,97.102,0.0064,17.102,False,0.0
2310902,Piquet Carneiro,CE,Nordeste,100.0,0.0,0.0,80.0,90.3478,0.014,10.3478,False,0.0
2211605,Vila Nova do Piauí,PI,Nordeste,100.0,0.0,0.0,80.0,90.3385,0.1376,10.3385,False,0.0
2309904,Pacujá,CE,Nordeste,100.0,0.0,0.0,80.0,92.0063,0.0062,12.0063,False,0.0
2309409,Novo Oriente,CE,Nordeste,100.0,0.0,0.0,80.0,93.3319,0.0083,13.3319,False,0.0
3504701,Balbinos,SP,Sudeste,100.0,0.0,0.0,80.0,76.6083,0.1547,-3.3917,True,0.0
2303659,Catunda,CE,Nordeste,100.0,0.0,0.0,80.0,97.6141,0.0066,17.6141,False,0.0
4123600,Santa Inês,PR,Sul,100.0,0.0,0.0,80.0,85.7272,0.101,5.7272,False,0.0
5202809,Avelinópolis,GO,Centro-Oeste,100.0,0.0,0.0,74.1,91.5534,0.0045,17.4534,False,0.0
2304004,Coreaú,CE,Nordeste,100.0,0.0,0.0,80.0,95.8881,0.0189,15.8881,False,0.0
2304350,Forquilha,CE,Nordeste,100.0,0.0,0.0,80.0,91.3284,0.0054,11.3284,False,0.0
5207600,Fazenda Nova,GO,Centro-Oeste,100.0,0.0,0.0,80.0,86.9168,0.0102,6.9168,False,0.0
2304657,Graça,CE,Nordeste,100.0,0.0,0.0,80.0,93.5671,0.0072,13.5671,False,0.0
3556958,Vitória Brasil,SP,Sudeste,100.0,0.0,0.0,70.92,90.234,0.0587,19.314,False,0.0
3555901,Uru,SP,Sudeste,100.0,0.0,0.0,80.0,84.0945,0.033,4.0945,False,0.0
2207207,Padre Marcos,PI,Nordeste,100.0,0.0,0.0,80.0,85.0987,0.1147,5.0987,False,0.0
2515005,São Miguel de Taipu,PB,Nordeste,100.0,0.0,0.0,23.72,59.104,0.4348,35.384,False,0.0
2101350,Bacurituba,MA,Nordeste,100.0,0.0,0.0,80.0,80.4096,0.0848,0.4096,False,0.0
3148905,Pedra do Indaiá,MG,Sudeste,100.0,0.0,0.0,80.0,83.8469,0.0525,3.8469,False,0.0
3149408,Pedro Teixeira,MG,Sudeste,100.0,0.0,0.0,80.0,80.1725,0.1443,0.1725,False,0.0
2201572,Belém do Piauí,PI,Nordeste,100.0,0.0,0.0,80.0,90.542,0.0515,10.542,False,0.0
2202091,Caldeirão Grande do Piauí,PI,Nordeste,100.0,0.0,0.0,80.0,89.3186,0.0251,9.3186,False,0.0
2202109,Campinas do Piauí,PI,Nordeste,100.0,0.0,0.0,80.0,76.5408,0.1479,-3.4592,True,0.0
3546108,Santa Clara d'Oeste,SP,Sudeste,100.0,0.0,0.0,80.0,87.3043,0.049,7.3043,False,0.0
2603926,Carnaubeira da Penha,PE,Nordeste,100.0,0.0,0.0,80.0,86.1552,0.0433,6.1552,False,0.0
3548302,Santo Expedito,SP,Sudeste,100.0,0.0,0.0,80.0,80.7491,0.1063,0.7491,False,0.0
5213905,Mossâmedes,GO,Centro-Oeste,100.0,0.0,0.0,80.0,92.1161,0.0057,12.1161,False,0.0
3507753,Brejo Alegre,SP,Sudeste,100.0,0.0,0.0,80.0,82.7359,0.1081,2.7359,False,0.0
2513943,São Domingos do Cariri,PB,Nordeste,100.0,0.0,0.0,80.0,91.8709,0.016,11.8709,False,0.0
2205524,Júlio Borges,PI,Nordeste,100.0,0.0,0.0,55.06,76.1983,0.1411,21.1383,False,0.0
2513505,Santana de Mangueira,PB,Nordeste,100.0,0.0,0.0,80.0,61.8618,0.6364,-18.1382,True,0.0
2510600,Ouro Velho,PB,Nordeste,100.0,0.0,0.0,80.0,73.0441,0.2008,-6.9559,True,0.0
3549300,São João do Pau d'Alho,SP,Sudeste,100.0,0.0,0.0,80.0,78.2617,0.0734,-1.7383,True,0.0
2506509,Gurjão,PB,Nordeste,100.0,0.0,0.0,75.36,82.2381,0.1782,6.8781,False,0.0
5214101,Mutunópolis,GO,Centro-Oeste,100.0,0.0,0.0,80.0,86.5857,0.0354,6.5857,False,0.0
3168200,Tapiraí,MG,Sudeste,100.0,0.0,0.0,77.52,84.5741,0.1454,7.0541,False,0.0
